tree
version=v4
num_class=1
num_tree_per_iteration=1
label_index=0
max_feature_idx=12
objective=quantile
feature_names=Column_0 Column_1 Column_2 Column_3 Column_4 Column_5 Column_6 Column_7 Column_8 Column_9 Column_10 Column_11 Column_12
feature_infos=-1:0:3:4:2:1 [0:1] -1:1:2:0 [25:91] [0:6] [0:1] [0:15.1] [24.100000000000001:37.399999999999999] [1:2.96] [1:8] [0:47.653008298755196] [0:388] [0:187.80891505979986]
tree_sizes=2790 2945 2991 2998 3002 3031 3026 3037 3035 3043 3025 3038 3029 3028 3036 3044 3040 3043 3046 3057 3052 3055 3051 3044 3051 3071 3051 3068 3074 3078 3071 3072 3051 3046 3084 3071 3055 3057 3083 3059 3078 3083 3073 3073 3088 3060 3075 3099 3083 3101 3044 3113 3107 3085 3095 3086 3091 3094 3105 3090 3086 3101 3109 3108 3096 3103 3101 3068 3086 3056 3088 3110 3094 3068 3075 3117 3102 3096 3114 3095 3116 3097 3086 3098 3103 3098 3101 3117 3077 3092 3115 3114 3078 3083 3083 3089 3065 3054 3059 3103 3108 3086 3079 3093 3075 3098 3123 3081 3050 3125 3110 3060 3020 3080 3059 3089 3042 3085 3067 3089 3083 3058 3066 3073 3092 3063 3032 3015 3042 3034 3060 3046 3051 3066 3074 3051 3037 3074 3044 3128 3061 3087 3029 3028 3087 3088 3021 3032 3004 2992 3056 3021 3008 3010 2994 3027 3045 2993 3018 3045 3015 3000 3032 2977 3078 3025 2997 3000 2995 3075 3006 3001 3009 3029 3039 3004 3045 3004 3064 3103 2978 2955 3004 2995 3025 3045 3094 3009 3094 3073 3006 3042 3099 3012 3025 2913 3024 2993 3036 2933 2988 2963 3063 2989 2982 2996 2968 2970 2974 3013 3020 3018 3051 2987 2988 2966 2940 2968 2959 2987 2998 2975 2991 3019 3060 3058 3003 2987 2983 2978 3005 2908 2978 2985 3003 3047 3030 2960 3029 2999 2963 3012 2937 3034 3064 2996 2998 3027 3056 2926 2938 3017 2969 2923 3039 3024 3033 2890 3017 2928 2940 2918 3070 3075 2904 2964 3055 3057 2938 2992 3017 2898 3025 3047 3009 3006 3022 2963 2949 2991 2909 2959 3024 2968

Tree=0
num_leaves=31
num_cat=0
split_feature=10 10 10 4 10 10 10 10 4 4 4 5 5 5 5 4 10 8 10 10 4 4 10 6 4 10 5 5 6 6
split_gain=75740.2 6380.78 4527.46 1333.42 619.489 528.169 499.457 455.58 417.706 346.104 219.645 193.203 138.909 133.353 113.598 105.931 96.8037 92.1222 86.3838 75.9767 121.073 70.0843 56.478 50.5554 49.0786 47.4613 46.7411 39.9804 44.2314 39.6763
threshold=6.3945617842592934 10.245552205046693 4.626224030660615 4.5000000000000009 12.877028701577494 8.38905558530249 3.5811114591422091 5.4329401144986091 5.5000000000000009 4.5000000000000009 5.5000000000000009 1.0000000180025095e-35 1.0000000180025095e-35 1.0000000180025095e-35 1.0000000180025095e-35 4.5000000000000009 7.9730934831758242 1.6210909090909096 7.0604324497673554 15.638375446630192 5.5000000000000009 4.5000000000000009 8.2804020047089875 0.45000000000000007 4.5000000000000009 3.9621054757080643 1.0000000180025095e-35 1.0000000180025095e-35 0.35000000000000003 2.3500000000000001
decision_type=2 2 2 2 2 2 2 2 2 2 2 2 2 2 2 2 2 2 2 2 2 2 2 2 2 2 2 2 2 2
left_child=2 3 6 5 8 13 -1 15 11 27 12 24 16 18 23 -4 -5 21 -2 20 26 25 -12 -7 -3 -8 -6 28 -9 -20
right_child=1 4 7 10 19 14 17 9 -10 -11 22 -13 -14 -15 -16 -17 -18 -19 29 -21 -22 -23 -24 -25 -26 -27 -28 -29 -30 -31
leaf_value=6.75 7.0499999999999998 7.2999999999999998 6.9500000000000002 7 7.4000000000000004 7.2000000000000002 6.9000000000000004 7 7.0499999999999998 6.9000000000000004 6.9000000000000004 7 6.9000000000000004 6.9000000000000004 6.9500000000000002 6.8499999999999996 7.0999999999999996 7.0999999999999996 7.0999999999999996 7.8499999999999996 7.1500000000000004 6.8499999999999996 7 7.25 7.2000000000000002 6.9500000000000002 7.0999999999999996 6.8499999999999996 7.0499999999999998 7.2000000000000002
leaf_weight=171052 16084 38043 17087 5514 27261 26710 14997 17191 6038 7493 6004 1167 1110 591 492 5802 6421 311 22298 102227 3766 12821 5521 6951 6019 23315 728 344 5133 1035
leaf_count=118522 10982 27557 11593 4348 20921 19474 9425 11905 5764 6319 5392 1147 1070 567 492 4732 5257 129 15646 87717 3698 9815 5173 4411 5201 14857 728 308 3199 579
internal_value=6.99863 7.01676 6.97996 7.00649 7.02223 7.00983 6.97683 6.99308 7.01755 6.99712 6.99639 7.0192 7.00084 7.00594 7.0144 6.98777 7.00241 6.98115 7.00629 7.02402 7.02188 6.98098 6.99136 7.01475 7.01973 6.98206 7.02301 7.0002 7.00046 7.00823
internal_weight=559526 283980 275546 98731 185249 74161 222496 53050 51267 30161 24570 45229 13045 40008 34153 22889 11935 51444 39417 133982 31755 51133 11525 33661 44062 38312 27989 22668 22324 23333
internal_count=416928 226124 190804 73391 152733 52151 152748 38056 39669 21731 21240 33905 10675 27774 24377 16325 9605 34226 27207 113064 25347 34097 10565 23885 32758 24282 21649 15412 15104 16225
is_linear=0
shrinkage=1


Tree=1
num_leaves=31
num_cat=0
split_feature=10 10 10 10 10 10 10 5 5 11 11 10 12 10 11 8 6 6 10 6 5 10 7 11 5 8 5 8 11 5
split_gain=67383 6936.93 5987.29 700.818 615.191 580.282 438.677 169.745 149.784 141.431 111.689 94.2284 88.3482 86.2362 71.5339 68.8784 60.09 59.8173 58.883 54.3153 51.6313 48.7735 46.8956 43.8192 41.2833 40.0109 39.5451 38.8034 37.8607 37.7455
threshold=6.3945617842592934 3.8782405322286877 10.245552205046693 4.626224030660615 12.74751949733299 8.38905558530249 3.2324419081163169 1.0000000180025095e-35 1.0000000180025095e-35 32.500000000000007 19.500000000000004 7.0604324497673554 34.165440746129242 15.638375446630192 40.500000000000007 1.6028571428571434 2.3500000000000001 0.55000000000000016 2.3722515403909918 0.25000000000000006 1.0000000180025095e-35 4.3922884480981041 30.150000000000002 26.500000000000004 1.0000000180025095e-35 2.0771428571428578 1.0000000180025095e-35 2.0771428571428578 26.500000000000004 1.0000000180025095e-35
decision_type=2 2 2 2 2 2 2 2 2 2 2 2 2 2 2 2 2 2 2 2 2 2 2 2 2 2 2 2 2 2
left_child=1 6 5 20 7 8 15 14 11 12 29 28 -7 26 22 18 -13 24 -1 -11 21 27 -4 -14 -12 -8 -6 -3 -2 -5
right_child=2 3 4 10 13 9 25 -9 -10 19 17 16 23 -15 -16 -17 -18 -19 -20 -21 -22 -23 -24 -25 -26 -27 -28 -29 -30 -31
leaf_value=-0.28750000000000003 -0.0024999999999999914 -0.095000000000000029 0.23500000000000001 -0.050000000000000003 0.38 0.13999999999999999 -0.095000000000000029 0 -0.095000000000000029 0.13999999999999999 0 0.054999999999999986 -0.0049999999999999828 0.8075 0.28500000000000003 -0.037500000000000006 0.19 0.047500000000000014 -0.13750000000000001 0.23750000000000002 -0.1925 -0.047500000000000014 0.14750000000000002 0.089999999999999997 -0.14249999999999999 0.095000000000000029 0.095000000000000029 0.14500000000000002 0.047500000000000014 -0.14500000000000002
leaf_weight=108944 10259 22403 10345 19395 33549 11676 29879 1121 1213 20573 27004 29687 1907 102544 26509 630 1180 5523 49955 7271 775 9928 10785 4057 279 113 794 134 11241 836
leaf_count=77596 7647 15369 7901 14515 26463 9018 19647 1107 1155 15411 19012 21885 1795 87888 19599 244 686 3485 32921 4749 671 6334 9183 3387 265 45 790 50 7715 752
internal_value=-0.00011155 -0.0177257 0.0169511 -0.00597291 0.0222477 0.00702526 -0.0230759 0.0174251 0.00349944 0.0111787 -0.0024054 0.00390179 0.00767574 0.0239656 0.0178777 -0.024119 0.00567191 -0.000603548 -0.0241844 0.0133979 -0.0116652 -0.0113607 0.0157075 0.00272468 -0.00156416 -0.017528 0.021797 -0.012647 0.00136047 -0.00532722
internal_weight=560509 275798 284711 86277 185647 99064 189521 48760 53580 45484 53037 52367 17640 136887 47639 159529 30867 32806 158899 27844 33240 32465 21130 5964 27283 29992 34343 22537 21500 20231
internal_count=417285 190906 226379 60453 152931 73448 130453 37790 39088 34360 38029 37933 14200 115141 36683 110761 22571 22762 110517 20160 22424 21753 17084 5182 19277 19692 27253 15419 15362 15267
is_linear=0
shrinkage=0.05


Tree=2
num_leaves=31
num_cat=0
split_feature=10 10 10 4 10 10 4 10 5 4 10 4 5 10 5 4 10 4 10 10 8 8 5 10 4 10 8 10 5 10
split_gain=66973.3 10178.3 2464.49 1174.72 859.297 812.655 537.386 314.218 255.351 167.916 135.474 130.216 118.656 110.348 104.509 104.397 154.865 102.973 97.6563 77.8832 75.0084 65.5951 61.3845 57.9001 53.2469 48.7824 48.2701 46.1014 45.7041 47.1507
threshold=4.9221649363751565 9.7518956884876768 3.5811114591422091 4.5000000000000009 7.4814718816298891 12.484434268101966 5.5000000000000009 4.375108640402714 1.0000000180025095e-35 5.5000000000000009 2.7713669531249203 4.5000000000000009 1.0000000180025095e-35 8.38905558530249 1.0000000180025095e-35 5.5000000000000009 18.12492189873802 5.5000000000000009 7.6085486913991369 7.1553885062483333 1.3992857142857147 2.4661403508771937 1.0000000180025095e-35 6.8410402878755763 4.5000000000000009 3.9621054757080643 1.6028571428571434 4.626224030660615 1.0000000180025095e-35 18.81164169877427
decision_type=2 2 2 2 2 2 2 2 2 2 2 2 2 2 2 2 2 2 2 2 2 2 2 2 2 2 2 2 2 2
left_child=2 3 10 4 12 6 8 17 24 14 26 27 23 -6 18 28 -17 20 -5 -11 25 -12 -15 -2 -3 -4 -1 -9 -7 -30
right_child=1 5 7 9 13 15 -8 11 -10 19 21 -13 -14 22 -16 16 -18 -19 -20 -21 -22 -23 -24 -25 -26 -27 -28 -29 29 -31
leaf_value=-0.27312500000000001 0.0024999999999999914 0.27074999999999999 -0.090250000000000039 -0.042500000000000031 0.09225000000000004 0.66712500000000008 0.040125000000000015 -0.045124999999999998 0 -0.097375000000000045 -0.13062499999999999 -0.13999999999999999 -0.13525000000000001 0.18300000000000002 -0.094750000000000029 0.1235 0.51712500000000006 -0.18775 0.047250000000000014 -0.047750000000000008 0.058916666666666645 0.064374999999999988 -0.052000000000000005 0.09225000000000004 0.13262499999999999 -0.08287499999999999 -0.035625000000000018 -0.045000000000000019 0.090250000000000039 0.41712500000000008
leaf_weight=132234 44301 40906 17890 9453 15858 119879 6506 9589 1232 8074 38517 5315 863 25873 1513 6292 11046 4650 6573 7659 344 103 367 12223 6403 16255 551 6780 1430 2014
leaf_count=93318 29779 29636 11372 7401 11174 97681 6214 5841 1226 7122 25149 4233 811 18281 1427 6122 10948 3832 5279 7051 140 35 367 8451 5507 10843 211 4688 1414 2014
internal_value=-0.000145311 0.0143849 -0.0206969 0.0036983 0.0064183 0.021634 0.0164836 -0.0120501 0.0182923 -0.00443466 -0.0237652 -0.00722191 0.00243827 0.0118438 -0.00107047 0.0236496 0.0200167 -0.0147251 0.000115437 -0.00818503 -0.0137834 -0.0211587 0.0138338 0.0027192 0.0188775 -0.0140174 -0.0245233 -0.00501405 0.0241603 0.0184814
internal_weight=560693 328465 232228 132757 99485 195708 55047 60823 48541 33272 171405 21684 57387 42098 17539 140661 17338 39139 16026 15733 34489 38620 26240 56524 47309 34145 132785 16369 123323 3444
internal_count=417567 257905 159662 97143 68863 160762 42583 40949 36369 28280 118713 14762 39041 29822 14107 118179 17070 26187 12680 14173 22355 25184 18648 38230 35143 22215 93529 10529 101109 3428
is_linear=0
shrinkage=0.05


Tree=3
num_leaves=31
num_cat=0
split_feature=10 10 10 4 10 10 4 10 5 10 4 4 5 10 4 10 10 4 10 5 4 10 8 10 8 5 8 10 10 6
split_gain=66238.5 9275.37 2796 1072.91 818.832 771.741 588.748 342.09 264.263 197.949 155.626 153.698 109.698 108.297 101.374 93.9719 87.4379 105.634 68.7603 68.6749 67.6042 66.0165 65.591 64.2172 62.2772 58.3663 54.748 45.7209 43.556 42.2614
threshold=5.0843254529964357 9.7518956884876768 3.6690843168977341 4.5000000000000009 7.6085486913991369 13.698167590297698 5.5000000000000009 4.3922884480981041 1.0000000180025095e-35 2.9561289692310813 5.5000000000000009 4.5000000000000009 1.0000000180025095e-35 7.9730934831758242 5.5000000000000009 8.38905558530249 19.492436693744434 4.5000000000000009 6.8410402878755763 1.0000000180025095e-35 4.5000000000000009 10.915086974873502 2.4661403508771937 7.1553885062483333 2.0771428571428578 1.0000000180025095e-35 1.6028571428571434 4.626224030660615 11.054839558206918 0.45000000000000007
decision_type=2 2 2 2 2 2 2 2 2 2 2 2 2 2 2 2 2 2 2 2 2 2 2 2 2 2 2 2 2 2
left_child=2 3 9 4 12 6 8 14 20 26 13 27 18 19 24 -6 17 -7 -2 -5 28 -8 -11 -12 -4 29 -1 -9 -3 -17
right_child=1 5 7 10 15 16 21 11 -10 22 23 -13 -14 -15 -16 25 -18 -19 -20 -21 -22 -23 -24 -25 -26 -27 -28 -29 -30 -31
leaf_value=-0.25946875000000003 0.0048749999999999627 0.21946250000000003 -0.085737500000000022 -0.024868749999999995 0.13763750000000005 0.43376875000000004 -0.0090062499999999709 -0.042868750000000011 0 -0.12409374999999999 -0.092506250000000012 -0.13300000000000001 -0.1284875 0.039887500000000034 -0.17836249999999998 0.12635000000000002 0.88376875000000021 0.21095000000000008 0.087637500000000035 -0.13301250000000003 0.16911874999999998 0.067324999999999996 0.074230208333333339 -0.045362500000000021 0.1348041666666667 -0.049400000000000027 -0.03384375000000004 -0.042750000000000024 0.30721250000000005 0.21647500000000003
leaf_weight=145507 41163 20878 31584 10197 14487 35799 3037 7766 1635 30085 7527 5828 806 5712 4194 20495 75838 11870 13656 957 8465 5398 81 7603 124 391 586 9962 32985 5305
leaf_count=101743 27633 15014 20592 7993 10171 27653 2879 4718 1615 20057 6609 4668 754 4698 3466 14879 65954 11234 9464 895 7277 5204 27 6975 44 391 226 6834 24149 3395
internal_value=-0.000289103 0.0143747 -0.0204577 0.00392423 0.00655976 0.0212188 0.0171199 -0.0110818 0.0187573 -0.0236205 -0.00400831 -0.00639964 0.00261708 -0.000705561 -0.0141538 0.0119512 0.0236215 0.0219435 0.00288632 -0.00357271 0.0192779 0.00470362 -0.019933 -0.00769002 -0.0131875 0.0137385 -0.0243819 -0.00408394 0.0199307 0.0140291
internal_weight=559921 324204 235717 128299 96303 195905 72398 59458 63963 176259 31996 23556 55625 16866 35902 40678 123507 47669 54819 11154 62328 8435 30166 15130 31708 26191 146093 17728 53863 25800
internal_count=417211 254836 162375 93857 66687 160979 56138 40322 48055 122053 27170 16220 37851 13586 24102 28836 104841 38887 37097 8888 46440 8083 20084 13584 20636 18665 101969 11552 39163 18274
is_linear=0
shrinkage=0.05


Tree=4
num_leaves=31
num_cat=0
split_feature=10 10 10 10 10 10 5 10 11 5 11 10 5 6 11 10 5 12 10 8 8 12 11 8 11 10 7 6 10 5
split_gain=64664.3 8509.36 2705.68 1036.99 934.864 311.771 201.679 197.017 179.862 140.684 103.591 100.36 91.4167 87.7801 74.2085 72.9045 57.1454 56.874 56.3699 53.6935 49.5382 47.6341 47.3557 45.4255 43.0879 42.6132 41.2897 40.3608 40.0452 37.7451
threshold=5.0843254529964357 9.7518956884876768 3.6917386507025713 13.348857801519847 7.0604324497673554 4.3922884480981041 1.0000000180025095e-35 3.0231964940288112 30.500000000000004 1.0000000180025095e-35 34.500000000000007 21.121025729496047 1.0000000180025095e-35 0.25000000000000006 26.500000000000004 8.648099992960006 1.0000000180025095e-35 33.249604088740753 1.6636761477057405 1.6210909090909096 2.4661403508771937 36.932933146725496 14.500000000000002 1.6028571428571434 27.500000000000004 4.626224030660615 29.150000000000002 0.25000000000000006 8.8657064708310411 1.0000000180025095e-35
decision_type=2 2 2 2 2 2 2 2 2 2 2 2 2 2 2 2 2 2 2 2 2 2 2 2 2 2 2 2 2 2
left_child=2 4 7 6 9 19 10 18 12 14 17 16 21 15 26 -10 -5 -3 -1 -4 -9 28 -7 -20 -19 -24 -2 -16 -6 -15
right_child=1 3 5 11 8 22 -8 20 13 -11 -12 -13 -14 29 27 -17 -18 24 23 -21 -22 -23 25 -25 -26 -27 -28 -29 -30 -31
leaf_value=-0.2964953125 0.0034934375000000629 0.19435187500000001 -0.081450624999999999 0.38958031250000008 0.050618437500000016 -0.09061250000000004 0 -0.11788906249999997 0.080755625000000025 -0.12218812499999997 0.24185187500000005 0.88958031250000014 -0.051744375000000044 0.16900562499999996 0.0021312499999999626 0.1175325 0.090924062500000069 0.041444062500000017 -0.1464953125 0.056055625000000033 0.057444739583333293 -0.016744374999999947 -0.040725312499999999 -0.032151562500000043 0.13475250000000003 -0.043112500000000026 -0.035380937500000001 0.049631249999999974 0.11052625000000003 -0.051744375000000044
leaf_weight=79636 11025 12458 33472 61625 17459 7033 1507 29920 14454 1400 44451 66088 1128 9550 21160 14948 1482 2543 68213 217 87 2371 6775 551 6122 9647 22034 6592 6608 133
leaf_count=58776 7707 9628 22570 49905 13047 5171 1489 20030 10808 1302 33337 57710 1086 6222 14740 11068 1482 2361 44337 91 29 2091 4261 215 5092 6783 16596 4106 5162 127
internal_value=-0.000283981 0.0141688 -0.0202335 0.0207229 0.00418587 -0.0107649 0.0156792 -0.0232663 0.00830033 -0.000222228 0.0160948 0.0233417 0.0052075 0.0104816 0.000138544 0.00912183 0.0219156 0.0132119 -0.0240135 -0.0138465 -0.0195713 0.00580225 -0.00633873 -0.0229648 0.010101 -0.00486847 -0.00146178 0.0020449 0.0064684 0.0146107
internal_weight=560689 325138 235551 196276 128862 57144 67081 178407 66651 62211 65574 129195 27566 39085 60811 29402 63107 21123 148400 33689 30007 26438 23455 68764 8665 16422 33059 27752 24067 9683
internal_count=417329 255066 162263 161004 94062 38876 51907 123387 49611 44451 50418 109097 21386 28225 43149 21876 51387 17081 103328 22661 20059 20300 16215 44552 7453 11044 24303 18846 18209 6349
is_linear=0
shrinkage=0.05


Tree=5
num_leaves=31
num_cat=1
split_feature=10 10 10 4 10 10 4 10 10 4 5 10 5 4 5 10 4 10 10 5 10 5 4 10 10 10 10 0 5 10
split_gain=61898.5 8483.19 2186.39 1219.49 1017.01 846.009 478.731 249.325 239.13 228.573 174.214 142.927 127.203 121.238 120.071 109.403 104.319 98.4382 89.1546 75.2245 52.4737 48.6942 43.0191 57.9774 39.6221 38.4016 37.8887 36.9074 36.4756 36.2196
threshold=4.9221649363751565 10.495218119797356 3.6690843168977341 4.5000000000000009 7.4814718816298891 16.556609736266896 5.5000000000000009 4.3922884480981041 2.337425468972977 5.5000000000000009 1.0000000180025095e-35 7.9730934831758242 1.0000000180025095e-35 4.5000000000000009 1.0000000180025095e-35 12.259288127450796 5.5000000000000009 8.6068386809249464 7.2807115389505137 1.0000000180025095e-35 5.5914438622388394 1.0000000180025095e-35 5.5000000000000009 21.938385526759273 11.749554492686221 4.626224030660615 3.9621054757080643 0 1.0000000180025095e-35 11.749554492686221
decision_type=2 2 2 2 2 2 2 2 2 2 2 2 2 2 2 2 2 2 2 2 2 2 2 2 2 2 2 1 2 2
left_child=2 3 8 4 14 6 10 16 -1 11 15 19 17 25 20 -3 26 -6 -11 27 -2 -13 -7 -24 -8 -9 -4 -5 -28 -12
right_child=1 5 7 9 12 22 24 13 -10 18 29 21 -14 -15 -16 -17 -18 -19 -20 -21 -22 -23 23 -25 -26 -27 28 -29 -30 -31
leaf_value=-0.23167054687499999 -0.00041842187500007455 0.22975928125000006 -0.077378093749999988 0.00088687500000004258 0.11647470312499997 0.74510129687500015 0.022659906250000007 -0.038689046874999994 -0.111994609375 -0.087987500000000024 0 0.073340609375000018 -0.050000000000000003 -0.12194437499999999 -0.11595371874999999 0.30994053125000004 -0.16537184374999994 0.161655875 -0.042257156249999997 -0.12025246875000001 0.049025296875000013 -0.046669656249999969 0.18092348437500005 0.5026012968750001 0.087298484374999943 -0.038456875000000015 -0.032134343750000037 -0.046681234374999964 -0.17037184375000003 0.070643796874999998
leaf_weight=107128 11817 31950 13551 7573 18462 82996 3283 7686 69251 8298 633 7013 773 4829 841 42446 4243 33898 8943 1014 44891 651 4195 7791 7013 6742 17945 3172 495 1340
leaf_count=76304 7873 23998 8545 5747 12924 69974 3129 4698 45843 7290 625 5717 757 3851 791 32342 3533 23886 8305 944 30509 633 4109 7741 6839 4672 11757 2656 405 1328
internal_value=-0.000489826 0.0134549 -0.0202756 0.00454033 0.00715835 0.0206861 0.0171139 -0.0116195 -0.0229989 -0.00336297 0.0184784 0.000356536 0.0121464 -0.00702212 0.00255304 0.0188673 -0.0140628 0.0124437 -0.00755322 -0.00310613 0.00283117 0.00566936 0.0239456 0.0211455 0.00699301 -0.00472692 -0.0130857 -0.00187762 -0.0116106 0.00381399
internal_weight=560863 328993 231870 147346 110682 181647 86665 55491 176379 36664 76369 19423 53133 19257 57549 74396 36234 52360 17241 11759 56708 7664 94982 11986 10296 14428 31991 10745 18440 1973
internal_count=417725 258117 159608 108032 76740 150085 68261 37461 122147 31292 58293 15697 37567 13221 39173 56340 24240 36810 15595 9347 38382 6350 81824 11850 9968 9370 20707 8403 12162 1953
cat_boundaries=0 1
cat_threshold=7
is_linear=0
shrinkage=0.05


Tree=6
num_leaves=31
num_cat=0
split_feature=10 10 10 10 10 4 4 4 10 10 4 5 4 5 4 4 10 10 10 4 5 4 8 10 5 8 5 5 5 4
split_gain=59888.2 8371.55 2084.37 1231.95 867.296 649.818 516.624 480.982 369.608 222.199 132.617 118.698 116.098 103.016 97.8287 93.2353 87.4662 84.8894 81.0178 71.5129 63.3255 62.6462 59.2736 59.2584 57.1531 51.2308 48.3197 48.2265 42.4087 40.9564
threshold=4.9221649363751565 10.495218119797356 3.6917386507025713 7.6085486913991369 16.556609736266896 4.5000000000000009 4.5000000000000009 4.5000000000000009 2.337425468972977 4.3922884480981041 4.5000000000000009 1.0000000180025095e-35 5.5000000000000009 1.0000000180025095e-35 5.5000000000000009 5.5000000000000009 8.6068386809249464 6.8410402878755763 13.61661762351074 5.5000000000000009 1.0000000180025095e-35 5.5000000000000009 2.0771428571428578 24.172519623648814 1.0000000180025095e-35 1.6028571428571434 1.0000000180025095e-35 1.0000000180025095e-35 1.0000000180025095e-35 4.5000000000000009
decision_type=2 2 2 2 2 2 2 2 2 2 2 2 2 2 2 2 2 2 2 2 2 2 2 2 2 2 2 2 2 2
left_child=2 3 8 7 6 13 18 11 -1 14 -11 17 26 16 22 24 -5 -2 20 27 -3 28 -4 -23 -9 29 -7 -8 -6 -10
right_child=1 4 9 5 21 12 19 15 25 10 -12 -13 -14 -15 -16 -17 -18 -19 -20 -21 -22 23 -24 -25 -26 -27 -28 -29 -30 -31
leaf_value=-0.22008701953125001 0.0064212179687499933 0.24206850468749996 -0.073509189062499966 0.11065096796874996 0.75534623203125006 0.057153188281250024 0.14395725468749995 -0.037406859374999969 -0.098195816406249969 -0.036754594531250011 -0.11584715625 -0.11015603281249997 -0.016055704687500016 -0.046657156250000047 -0.15710325156249993 -0.083588125000000041 0.15392339374999997 0.078273438281250052 0.32710427031250006 0.068294982031249993 0.050000000000000003 0.20219606015625002 0.12686789427083336 0.52747123203125013 -0.11423984531249998 -0.024944253906250016 -0.047666517187500014 0.017111607031249986 0.27034623203125002 -0.15639487890624998
leaf_weight=106859 44408 41502 29605 16960 80295 8272 10194 9431 52929 14481 4757 874 8058 753 3953 9321 34076 13674 23245 10248 655 5510 131 6420 914 541 736 978 2382 18157
leaf_count=76067 29852 30306 19309 11932 67433 6740 8888 7361 33635 9407 3809 824 7518 739 3291 8197 23904 9430 17557 9890 635 5402 45 6390 832 213 720 978 2382 13607
internal_value=-0.000517785 0.0131936 -0.0200057 0.00434593 0.0203855 0.00922918 0.0167769 6.9319e-05 -0.0225897 -0.0112915 -0.00700437 0.00232801 0.000767608 0.0120175 -0.0137396 -0.00670192 0.0122884 0.00260322 0.0189841 0.0100373 0.0176774 0.0236972 -0.0127573 0.0203101 -0.00343403 -0.0198106 0.00466807 0.0128043 0.024186 -0.0199273
internal_weight=560319 328906 231413 147477 181429 68855 86822 78622 178486 52927 19238 58956 17066 51789 33689 19666 51036 58082 65402 21420 42157 94607 29736 11930 10345 71627 9008 11172 82677 71086
internal_count=417293 257910 159383 108049 149861 51553 68254 56496 123522 35861 13216 40106 14978 36575 22645 16390 35836 39282 48498 19756 30941 81607 19354 11792 8193 47455 7460 9866 69815 47242
is_linear=0
shrinkage=0.05


Tree=7
num_leaves=31
num_cat=0
split_feature=10 10 10 4 10 10 4 10 5 10 5 4 10 10 5 6 10 10 4 4 4 4 5 10 5 10 10 10 10 4
split_gain=57985.8 8696.53 2194.9 942.055 847.78 824.378 595.742 396.637 215.009 179.486 150.286 112.831 103.539 100.109 98.3055 94.8063 87.6739 73.3199 85.9939 69.1378 55.4838 55.4712 51.672 39.6582 35.7907 33.2808 33.1438 32.1414 30.2761 29.6458
threshold=4.9221649363751565 10.363083932572797 3.6917386507025713 5.5000000000000009 17.483653594870933 7.4814718816298891 4.5000000000000009 2.337425468972977 1.0000000180025095e-35 4.3922884480981041 1.0000000180025095e-35 4.5000000000000009 7.1553885062483333 6.3945617842592934 1.0000000180025095e-35 0.45000000000000007 12.093112057252343 21.938385526759273 4.5000000000000009 5.5000000000000009 4.5000000000000009 4.5000000000000009 1.0000000180025095e-35 9.3074314478376987 1.0000000180025095e-35 10.915086974873502 3.9621054757080643 4.626224030660615 12.877028701577494 5.5000000000000009
decision_type=2 2 2 2 2 2 2 2 2 2 2 2 2 2 2 2 2 2 2 2 2 2 2 2 2 2 2 2 2 2
left_child=2 3 7 5 6 8 14 -1 13 24 15 27 -5 20 16 21 -3 18 -6 22 -2 23 28 -7 26 -21 -4 -11 -8 -9
right_child=1 4 9 12 17 10 19 29 -10 11 -12 -13 -14 -15 -16 -17 -18 -19 -20 25 -22 -23 -24 -25 -26 -27 -28 -29 -30 -31
leaf_value=-0.20908266855468752 0.001724547695312495 0.210555391953125 -0.06983372960937495 -0.08178371875000004 0.46757892042968746 0.097715755312500013 0.12587532945312496 -0.093286025585937488 -0.10477323117187494 -0.034916864804687496 -0.044783191328125006 -0.10992979843750002 -0.039333032812499981 0.044309252382812497 0.047500000000000014 0.16686841957031251 0.30703382945312496 0.82007892042968755 0.21176750714843751 0.01505372433593748 -0.039912125781249988 0.039191153085937507 0.016256026679687487 0.14587691156249996 -0.163177792109375 0.073143811054687549 -0.069964667109374989 -0.037196301523437517 0.1770139075781251 -0.1832510724609375
leaf_weight=107041 32765 26231 12339 8071 22614 26943 5710 63041 1688 7811 1528 4760 9011 27550 1080 11603 42121 60667 7749 1665 5271 7124 1051 13628 832 9258 20423 6617 5124 8623
leaf_count=76179 22015 19065 8073 7117 18034 19273 4954 40549 1572 4747 1486 3782 8343 19248 1060 7541 31363 53147 7393 1567 4123 5884 1051 10048 678 8994 13869 4615 4548 6881
internal_value=-0.000725213 0.0127827 -0.0198913 0.00364164 0.020024 0.00511241 0.0166457 -0.0225373 0.00129842 -0.0109327 0.00933071 -0.00707473 -0.00738789 0.0017519 0.0189488 0.00972967 0.0191852 0.0234472 0.0214414 0.00963478 8.9389e-05 0.00874358 0.0122739 0.00945811 -0.0131363 0.00676325 -0.0128762 -0.00487247 0.0133007 -0.0196584
internal_weight=559939 328452 231487 145182 183270 128100 92240 178705 67274 52782 60826 19188 17082 65586 69432 59298 68352 91030 30363 22808 38036 47695 11885 40571 33594 10923 32762 14428 10834 71664
internal_count=417199 257826 159373 106650 151176 91190 72602 123609 46958 35764 44232 13144 15460 45386 51488 42746 50428 78574 25427 21114 26138 35205 10553 29321 22620 10561 21942 9362 9502 47430
is_linear=0
shrinkage=0.05


Tree=8
num_leaves=31
num_cat=0
split_feature=10 10 10 10 4 10 4 10 10 10 4 4 10 4 10 5 8 5 6 4 5 5 10 4 5 10 10 4 8 5
split_gain=53893.9 7831.56 2442.19 1047.39 899.79 631.508 457.314 256.746 239.272 223.155 121.851 106.274 102.911 92.0577 88.4227 88.2631 85.9053 85.3813 82.9292 82.0444 78.6129 76.565 74.3225 70.2164 57.5871 57.2678 51.4968 44.8745 42.9829 38.1146
threshold=4.9221649363751565 10.245552205046693 3.0586901493901317 17.483653594870933 4.5000000000000009 7.0604324497673554 4.5000000000000009 4.375108640402714 2.3722515403909918 7.6085486913991369 4.5000000000000009 5.5000000000000009 23.313240005300027 5.5000000000000009 11.897738504894724 1.0000000180025095e-35 2.5850000000000004 1.0000000180025095e-35 0.45000000000000007 5.5000000000000009 1.0000000180025095e-35 1.0000000180025095e-35 12.399205979568578 4.5000000000000009 1.0000000180025095e-35 8.9644655016379513 4.626224030660615 5.5000000000000009 2.5400000000000005 1.0000000180025095e-35
decision_type=2 2 2 2 2 2 2 2 2 2 2 2 2 2 2 2 2 2 2 2 2 2 2 2 2 2 2 2 2 2
left_child=2 4 8 6 5 21 17 16 28 19 26 29 13 20 -8 18 23 22 25 24 -5 -2 -3 -4 -6 -7 -9 -16 -1 -11
right_child=1 3 7 12 9 15 14 10 -10 11 -12 -13 -14 -15 27 -17 -18 -19 -20 -21 -22 -23 -24 -25 -26 -27 -28 -29 -30 -31
leaf_value=-0.19862853512695314 0.0087817578105468651 0.20051512235546864 -0.066342043128906222 0.43449054507226564 -0.033662504648437522 0.072144303748046923 0.040085971212890571 -0.033171021564453132 -0.095390474306640591 0.055449732888671922 -0.104433308515625 -0.013391236562499964 0.82907497440820321 0.1728569442910157 0.15508653173046874 -0.045734607621093784 0.081020588567165819 0.041592810156249986 0.1526056392167969 -0.075319532812500034 0.091028072240234445 -0.099409569613281207 0.29539736532421879 -0.11646643375390626 -0.1032891914882812 0.13858306598437498 -0.032836486447265667 0.075861620501953025 0.0024980273730468294 -0.042544031761718774
leaf_weight=108890 48881 31918 43836 31403 9406 26759 8334 9405 42250 7869 5415 7660 53706 4610 7904 872 197 1104 11443 9301 895 731 38187 14990 877 18730 6768 7210 114 729
leaf_count=77526 32843 23178 28242 25619 7398 19203 7606 5731 27472 6375 4299 7120 47174 4520 7038 838 73 1080 7351 8163 895 697 28513 11454 803 13526 4686 7002 40 709
internal_value=-0.000665603 0.0123608 -0.0191227 0.0191491 0.00358165 0.00587063 0.0154709 -0.0120936 -0.0228688 -0.00327828 -0.00742774 0.00105179 0.0229915 0.0209589 0.00941445 0.00942236 -0.0138001 0.0174651 0.00966416 -0.00687296 0.0219023 0.00173244 0.0176824 -0.0139105 -0.0037951 0.00870705 -0.00525413 0.0116945 -0.0241069 0.00486741
internal_weight=560394 328529 231865 185271 143258 107416 94657 80611 151254 35842 21588 16258 90614 36908 23448 57804 59023 71209 56932 19584 32298 49612 70105 58826 10283 45489 16173 15114 109004 8598
internal_count=417174 257651 159523 152625 105026 74458 74417 54485 105038 30568 14716 14204 78208 31034 21646 40918 39769 52771 40080 16364 26514 33540 51691 39696 8201 32729 10417 14040 77566 7084
is_linear=0
shrinkage=0.05


Tree=9
num_leaves=31
num_cat=0
split_feature=10 10 10 10 10 4 4 10 10 4 10 4 4 4 4 10 8 5 10 8 4 5 5 6 10 5 4 10 5 10
split_gain=50948.1 7211.92 2474.06 1161.08 645.377 549.332 436.852 395.583 355.584 220.248 123.914 113.484 108.439 97.3093 87.3796 92.6227 85.2965 77.081 76.2402 71.2695 67.351 66.531 65.0852 64.489 49.4551 48.0081 40.3074 39.5372 37.1229 35.3865
threshold=5.0843254529964357 11.749554492686221 3.0586901493901317 7.6085486913991369 18.213214273438592 4.5000000000000009 4.5000000000000009 4.3922884480981041 1.6636761477057405 5.5000000000000009 9.0143766712132489 5.5000000000000009 5.5000000000000009 5.5000000000000009 4.5000000000000009 26.024200659470726 1.6210909090909096 1.0000000180025095e-35 6.3945617842592934 2.5400000000000005 4.5000000000000009 1.0000000180025095e-35 1.0000000180025095e-35 0.15000000000000005 13.61661762351074 1.0000000180025095e-35 3.5000000000000004 4.626224030660615 1.0000000180025095e-35 10.68452566783734
decision_type=2 2 2 2 2 2 2 2 2 2 2 2 2 2 2 2 2 2 2 2 2 2 2 2 2 2 2 2 2 2
left_child=2 3 8 6 9 10 18 16 -1 22 28 21 27 25 -6 -16 20 23 -2 26 -4 -7 24 -12 -3 -8 -10 -9 -5 -13
right_child=1 4 7 5 14 11 13 12 19 -11 17 29 -14 -15 15 -17 -18 -19 -20 -21 -22 -23 -24 -25 -26 -27 -28 -29 -30 -31
leaf_value=-0.23869710837060551 0.001199232420019536 0.22017030748769539 -0.063024940972460905 0.094975357255957071 0.68762122568779305 0.06686007831845707 -0.031301503634765603 -0.031512470486230494 -0.096197108370605522 0.072068539476855348 0.14000186623769525 -0.015096674734374994 -0.10751668117187499 -0.071553556171875018 0.22437122568779311 0.61863997568779316 0.063458371266061728 -0.030234033490039103 0.060987433726660226 0.020853270762858058 -0.11064311206621094 -0.035666830173632834 0.057675133296191478 0.19785683498769524 0.27450249705800783 -0.10062473191386717 -0.12672720059130857 -0.036069662124902369 -0.080234033490039103 0.013430641472558548
leaf_weight=79628 29884 24216 45325 26014 63819 11577 8930 9155 42429 8047 30290 8741 2762 8825 11884 10165 357 682 25526 216 15491 1096 1573 15215 33983 826 28787 11612 386 2549
leaf_count=58876 20142 18222 29159 18358 52791 9569 6976 5677 26109 7835 22336 8169 2400 7769 11524 9971 143 678 17536 72 11905 1074 1563 10229 26557 772 19969 8206 370 2429
internal_value=-0.000689209 0.0121712 -0.0183753 0.00509218 0.0200266 0.00870378 0.000379438 -0.0115351 -0.0222107 0.0163807 0.0108707 0.00213976 -0.00602554 -0.00625505 0.0229061 0.0201925 -0.0136543 0.0124326 0.00260422 -0.0196495 -0.0137974 0.00538744 0.0174262 0.0126827 0.0176975 -0.00281365 -0.0197364 -0.00478764 0.00813826 -0.00150576
internal_weight=559990 324228 235762 170541 153687 96550 73991 84702 151060 67819 72587 23963 23529 18581 85868 22049 61173 46187 55410 71432 60816 12673 59772 45505 58199 9756 71216 20767 26400 11290
internal_count=417386 254870 162516 126407 128463 73212 53195 57490 105026 54177 51971 21241 16283 15517 74286 21495 41207 33243 37678 46150 41064 10643 46342 32565 44779 7748 46078 13883 18728 10598
is_linear=0
shrinkage=0.05


Tree=10
num_leaves=31
num_cat=0
split_feature=10 10 10 10 10 4 4 10 4 10 10 10 4 4 4 8 8 4 6 10 10 10 10 4 4 4 6 10 10 6
split_gain=50140 7368.87 2121.79 1014.52 929.584 532.805 422.39 357.3 334.591 256.692 129.69 128.327 107.439 79.6284 73.4363 71.596 70.6587 59.0311 54.1618 49.7653 41.5284 40.9011 40.4832 39.9822 37.9913 37.0411 35.6892 34.1629 30.4575 30.2628
threshold=4.8800130327970388 10.915086974873502 3.0586901493901317 7.0604324497673554 19.283264000169801 4.5000000000000009 5.5000000000000009 1.6636761477057405 4.5000000000000009 4.3922884480981041 13.61661762351074 8.9644655016379513 5.5000000000000009 5.5000000000000009 3.5000000000000004 1.3992857142857147 1.6028571428571434 4.5000000000000009 0.15000000000000005 28.833663341516015 23.660954389882924 6.0853584729761527 14.061551343524883 4.5000000000000009 5.5000000000000009 4.5000000000000009 0.55000000000000016 4.626224030660615 6.3945617842592934 0.15000000000000005
decision_type=2 2 2 2 2 2 2 2 2 2 2 2 2 2 2 2 2 2 2 2 2 2 2 2 2 2 2 2 2 2
left_child=2 3 7 6 8 11 14 -1 10 15 -3 -5 -7 20 28 17 23 26 -13 -15 -6 -16 24 -9 -10 27 -4 -11 -2 -12
right_child=1 4 9 5 13 12 -8 16 22 25 29 18 -14 19 21 -17 -18 -19 -20 -21 -22 -23 -24 -25 -26 -27 -28 -29 -30 -31
leaf_value=-0.22676225295207525 0.0011392707990185436 0.2197819289883105 -0.059873693923837838 0.082635140746674732 0.4155943858702002 0.030404459917963769 -0.067975878363281256 -0.091387252952075226 0.10678679211331064 -0.029936846961918964 0.26077737220510749 0.12500413187327153 -0.024368068910156193 0.18770797690340349 -0.044499052753618124 0.031455864372939416 -0.0089445259274332518 -0.10511095646290039 0.17931320263485839 0.58770797690340348 0.85324016440340333 0.003745612013769595 0.13518839403426278 -0.13986074834104009 0.043053175003012624 -0.096210809031249997 -0.042477437601572236 -0.029391179018657267 0.040549048936811577 0.38809438587020018
leaf_weight=80029 28323 33149 37374 34057 22128 12179 8121 52664 6516 7695 23909 23713 10915 5930 9218 479 580 15475 12074 3812 45394 9750 10550 18329 5943 4242 7765 5183 13218 12264
leaf_count=59031 18893 24379 24332 24049 18174 10115 7121 32644 5724 4715 19181 17439 10125 5870 6874 197 222 11901 8024 3786 39158 7282 9988 13257 5725 3374 4759 3605 8946 8720
internal_value=-0.000794149 0.0116584 -0.0187382 0.00401688 0.0189382 0.00742161 -0.000593764 -0.022189 0.0155519 -0.0120495 0.017286 0.00959853 0.00083788 0.0229848 0.000843263 -0.0135658 -0.0196223 -0.013718 0.0116893 0.018759 0.0235945 -0.0017345 0.0103275 -0.0197643 0.00839754 -0.00663843 -0.0128043 -0.00530362 0.00202029 0.0193563
internal_weight=560978 331163 229815 161568 169595 92938 68630 151602 92331 78213 69322 69844 23094 77264 60509 61093 71573 60614 35787 9742 67522 18968 23009 70993 12459 17120 45139 12878 41541 36173
internal_count=417610 259573 158037 118868 140705 69752 49116 105154 73717 52883 52280 49512 20240 66988 41995 41189 46123 40992 25463 9656 57332 14156 21437 45901 11449 11694 29091 8320 27839 27901
is_linear=0
shrinkage=0.05


Tree=11
num_leaves=31
num_cat=0
split_feature=10 10 10 10 10 4 10 4 4 10 5 10 4 5 10 8 6 4 10 10 8 8 4 4 6 10 5 11 4 10
split_gain=47220.8 7006.49 2725.9 929.415 906.532 513.135 356.405 330.505 304.225 269.485 174.823 137.22 136.366 123.289 120.157 76.4398 73.5555 58.8242 57.3401 56.3256 53.6604 51.8656 50.0796 48.4634 46.4852 46.0947 45.9862 39.8808 38.6345 38.026
threshold=4.9221649363751565 11.054839558206918 3.0586901493901317 18.213214273438592 8.38905558530249 5.5000000000000009 1.6636761477057405 5.5000000000000009 4.5000000000000009 4.2926212883274273 1.0000000180025095e-35 25.269536102227981 4.5000000000000009 1.0000000180025095e-35 6.3945617842592934 2.5850000000000004 0.35000000000000003 5.5000000000000009 7.1553885062483333 14.588047216575236 1.6028571428571434 1.3373556231003043 4.5000000000000009 5.5000000000000009 2.2500000000000004 8.8657064708310411 1.0000000180025095e-35 50.500000000000007 4.5000000000000009 4.626224030660615
decision_type=2 2 2 2 2 2 2 2 2 2 2 2 2 2 2 2 2 2 2 2 2 2 2 2 2 2 2 2 2 2
left_child=2 4 6 8 5 10 -1 13 19 15 14 12 26 16 22 17 25 -4 -7 27 -8 24 -2 29 -16 -6 -5 -3 -27 -11
right_child=1 3 9 11 7 18 20 -9 -10 23 -12 -13 -14 -15 21 -17 -18 -19 -20 -21 -22 -23 -24 -25 -26 28 -28 -29 -30 -31
leaf_value=-0.21542414030447149 0.0027398328116994722 0.17047090789045749 -0.056880009227645939 0.42505551725994484 0.037264907342153465 -0.066952084445117202 -0.086817890304471457 -0.00069590630214841917 0.089252858654129422 -0.028440004613823035 -0.089918463852870903 0.81057815618323326 0.19711067565784257 -0.042222538409200719 0.047988032342153542 0.069981632327452026 0.15811298808241725 -0.1291388305147553 -0.038100203177148462 0.29571145369143415 -0.0090061345014066149 0.26924224203163605 -0.03244336644034642 -0.092812015113085927 0.10599022203808112 0.12201267647639505 0.063670602718291752 0.24773850359485217 0.061646538906636031 -0.030421620067724444
leaf_weight=79383 32675 20481 47546 32322 6546 8005 70797 7423 20229 15344 2200 41626 11024 1407 43468 209 12104 6340 3494 20888 543 361 5316 3057 2010 30785 546 20208 5153 7751
leaf_count=58611 21889 15749 31172 25748 4992 7067 45907 7007 18823 9622 2046 37080 10662 1391 30924 75 7960 5284 3136 16070 211 139 4132 2595 1188 22305 546 14354 4399 5539
internal_value=-0.000943824 0.0112432 -0.0182649 0.0184074 0.00379519 0.000769258 -0.0222284 0.00844871 0.0145973 -0.0108207 0.0020952 0.0220521 0.0201016 0.00976293 0.00246034 -0.0128353 0.0101396 -0.0129523 -0.0091508 0.016345 -0.0196636 0.00418366 0.000381011 -0.00665341 0.00403382 0.00915992 0.0217157 0.0152615 0.00986282 -0.00587032
internal_weight=559241 328271 230970 167324 160947 97529 150723 63418 81806 80247 86030 85518 43892 55995 83830 54095 54588 53886 11499 61577 71340 45839 37991 26152 45478 42484 32868 40689 35938 23095
internal_count=416623 257607 159016 139032 118575 70521 104729 48054 64996 54287 60318 74036 36956 41047 58272 36531 39656 36456 10203 46173 46118 32251 26021 17756 32112 31696 26294 30103 26704 15161
is_linear=0
shrinkage=0.05


Tree=12
num_leaves=31
num_cat=0
split_feature=10 10 10 10 4 10 10 4 10 5 10 10 10 4 5 8 10 8 4 6 4 8 6 10 4 6 4 4 6 10
split_gain=45798.6 6971.74 2483.78 971.147 802.924 697.945 368.781 336.88 181.065 152.785 149.41 136.973 126.614 148.478 116.087 77.5864 75.0183 67.5291 60.1619 56.224 53.5312 48.8005 48.244 45.4977 41.6776 41.5808 39.6543 36.9532 31.0925 30.9082
threshold=4.7747337649968919 10.915086974873502 3.0586901493901317 19.492436693744434 5.5000000000000009 8.38905558530249 1.6636761477057405 4.5000000000000009 4.375108640402714 1.0000000180025095e-35 6.3945617842592934 7.1553885062483333 28.317184603160598 4.5000000000000009 1.0000000180025095e-35 2.5850000000000004 14.588047216575236 2.5400000000000005 5.5000000000000009 0.15000000000000005 4.5000000000000009 1.3373556231003043 2.3500000000000001 13.698167590297698 5.5000000000000009 0.15000000000000005 5.5000000000000009 5.5000000000000009 4.0000000000000009 9.6328341043295183
decision_type=2 2 2 2 2 2 2 2 2 2 2 2 2 2 2 2 2 2 2 2 2 2 2 2 2 2 2 2 2 2
left_child=2 4 6 7 5 9 -1 16 15 10 20 -6 13 -5 19 18 25 26 -4 -7 28 22 -12 27 -10 -3 -8 -9 -2 -21
right_child=1 3 8 12 11 14 17 23 24 -11 21 -13 -14 -15 -16 -17 -18 -19 -20 29 -22 -23 -24 -25 -26 -27 -28 -29 -30 -31
leaf_value=-0.20465293328924791 0.00077464065028109985 0.16597663108187213 -0.054036008766263646 0.47004924837407158 -0.061229480222861322 0.093992930711304198 -0.082476995789247859 0.095025800981188457 -0.027018004383131889 -0.086372619487849314 0.045588630725045848 -0.023465259194169974 0.8700492483740716 0.20875460316401284 -0.040326865026820036 0.079935840887511767 0.28295293091028045 0.020708140246157171 -0.12268188898901755 0.13868415108789608 -0.031357821981698522 0.25578012993005428 0.11425323999744191 0.11857344054965752 -0.12748738602101511 0.25122982923415232 -0.13033665281959808 0.031417482695155478 0.045905020305982584 0.18050496358789614
leaf_weight=79814 35161 27717 51633 33270 8725 35683 62639 5863 14948 2325 43769 10689 31161 11216 1383 204 28476 216 6886 9562 5787 343 1884 11912 1896 14423 8703 5490 1102 7642
leaf_count=58964 23787 21073 33863 26946 7633 26739 39497 5179 9606 2157 31089 9913 27875 10940 1367 74 22086 72 5716 6426 4521 131 1104 11236 1628 10047 6631 5274 614 5192
internal_value=-0.00116392 0.0106244 -0.0184919 0.0177351 0.00327649 0.00455801 -0.0221877 0.0143381 -0.0110885 0.00186647 0.00220055 -0.00627125 0.021951 0.020239 0.00903999 -0.0123993 0.0160573 -0.0195813 -0.0125066 0.00941394 4.63734e-05 0.00416993 0.00402876 0.00911992 -0.00651864 0.0147176 -0.0196658 0.00685502 0.000759038 0.0117618
internal_weight=560522 333583 226939 169528 164055 144641 151372 93881 75567 90371 88046 19414 75647 44486 54270 58723 70616 71558 58519 52887 42050 45996 45653 23265 16844 42140 71342 11353 36263 17204
internal_count=417380 261329 156051 140656 120673 103127 105164 74895 50887 63403 61246 17546 65761 37886 39724 39653 53206 46200 39579 38357 28922 32324 32193 21689 11234 31120 46128 10453 24401 11618
is_linear=0
shrinkage=0.05


Tree=13
num_leaves=31
num_cat=0
split_feature=10 10 10 10 4 10 10 4 10 10 4 10 10 5 10 4 10 8 4 10 8 5 6 4 6 10 4 4 6 4
split_gain=43228.6 6302.46 2414.54 1245.66 633.502 387.399 381.993 346.326 245.517 214.952 172.461 149.348 96.152 95.5695 93.0761 90.8651 69.9046 65.0044 60.9072 57.5814 55.6819 53.8981 52.7862 49.4044 47.3601 43.2947 41.6368 37.4502 36.5417 35.9852
threshold=4.8800130327970388 10.363083932572797 3.0586901493901317 19.811411566492428 4.5000000000000009 1.1823175294197679 8.38905558530249 4.5000000000000009 7.6085486913991369 4.3922884480981041 5.5000000000000009 13.858186586736609 32.356392634854778 1.0000000180025095e-35 6.3945617842592934 5.5000000000000009 12.711375198695782 1.6210909090909096 5.5000000000000009 27.831978588984576 2.5400000000000005 1.0000000180025095e-35 0.15000000000000005 5.5000000000000009 0.15000000000000005 31.300034989276025 4.5000000000000009 5.5000000000000009 2.3500000000000001 5.5000000000000009
decision_type=2 2 2 2 2 2 2 2 2 2 2 2 2 2 2 2 2 2 2 2 2 2 2 2 2 2 2 2 2 2
left_child=2 4 5 7 6 -1 14 11 15 17 13 24 -12 19 -2 -6 27 18 -4 -5 26 28 -13 -11 -3 -15 -7 -9 -16 -10
right_child=1 3 9 10 8 20 -8 16 29 23 12 22 -14 25 21 -17 -18 -19 -20 -21 -22 -23 -24 -25 -26 -27 -28 -29 -30 -31
leaf_value=-0.1944202866247855 0.00090658358596855675 0.15080279952777859 -0.051334208327950485 0.41582291790153242 -0.029253307019244182 -0.078353145999785448 0.10760333242022302 0.064068246465475334 0.024917048722026006 -0.025667104163975288 0.17331687300581217 0.22493028436476648 0.57429120783036802 0.070642163628615071 0.044816058563793608 -0.058168006211718248 0.10131437784111014 0.056582217000037231 -0.11654779453956668 0.87999584845536793 0.019672733233849327 -0.054011601288857271 0.36243943368151177 -0.083698193812890107 0.20421246677305194 0.46329678595536788 -0.10914810571500513 0.0092383554563157944 0.1085405779975698 -0.011915379277332506
leaf_weight=57988 34900 30688 53548 35370 10619 68618 35871 5717 8778 15148 6736 23260 2686 1258 37531 9514 16183 367 7214 27345 229 601 12237 1950 16047 602 24268 5271 1782 7817
leaf_count=45438 23564 23010 35024 29186 8411 42208 25559 5053 7266 9986 6684 18860 2664 1258 26109 8378 15121 145 5974 23993 79 571 8717 1672 11195 602 17250 5045 1046 7303
internal_value=-0.00111762 0.0104474 -0.0178003 0.0166347 0.00274959 -0.0214918 0.00463771 0.0132458 -0.00294054 -0.0106699 0.0216451 0.0148628 0.0153258 0.0225672 0.00260379 -0.00665201 0.00835174 -0.0120561 -0.0121828 0.0228984 -0.0194939 0.00425289 0.0173078 -0.00571412 0.0130058 0.0113978 -0.0195546 0.00527394 0.00448007 0.00156222
internal_weight=560143 330813 229330 183400 147413 151103 110685 109403 36728 78227 73997 82232 9422 64575 74814 20133 27171 61129 60762 62715 93115 39914 35497 17098 46735 1860 92886 10988 39313 16595
internal_count=417371 259595 157776 151388 108207 104975 76849 87001 31358 52801 64387 61782 9348 55039 51290 16789 25219 41143 40998 53179 59537 27726 27577 11658 34205 1860 59458 10098 27155 14569
is_linear=0
shrinkage=0.05


Tree=14
num_leaves=31
num_cat=0
split_feature=10 10 10 10 10 10 4 4 4 4 10 4 10 10 4 10 5 8 11 5 4 5 5 8 4 5 10 6 10 6
split_gain=40958.2 5909.67 2777.6 1145.75 693.777 493.728 409.607 273.65 263.803 162.919 108.964 122.502 94.7036 94.4289 80.8845 76.3625 74.9003 74.6126 64.6699 59.8515 57.6608 53.0458 52.7753 52.0547 51.5053 43.1829 39.5462 39.0311 36.3375 35.5166
threshold=4.8800130327970388 12.399205979568578 3.2324419081163169 8.38905558530249 21.330148634738951 1.1823175294197679 4.5000000000000009 4.5000000000000009 4.5000000000000009 5.5000000000000009 29.510247914275634 4.5000000000000009 6.3945617842592934 4.3922884480981041 5.5000000000000009 14.429601974265035 1.0000000180025095e-35 1.6028571428571434 50.500000000000007 1.0000000180025095e-35 5.5000000000000009 1.0000000180025095e-35 1.0000000180025095e-35 2.5850000000000004 5.5000000000000009 1.0000000180025095e-35 3.0586901493901317 0.15000000000000005 7.2807115389505137 2.3500000000000001
decision_type=2 2 2 2 2 2 2 2 2 2 2 2 2 2 2 2 2 2 2 2 2 2 2 2 2 2 2 2 2 2
left_child=2 3 5 6 8 -1 12 16 15 13 11 -6 -2 23 -8 -3 18 26 -5 27 21 -10 29 -4 25 -9 -7 -17 -16 -14
right_child=1 4 9 7 10 17 14 24 20 -11 -12 -13 22 -15 28 19 -18 -19 -20 -21 -22 -23 -24 -25 -26 -27 -28 -29 -30 -31
leaf_value=-0.18469927229354624 0.00086125440667013115 0.19417524769557445 -0.048767497911552972 0.10841114599637312 0.46711005544718431 -0.088962881339035252 -0.024821944339075232 0.055361638093196143 0.14972472954007365 -0.11072040481258837 0.83254699353259953 0.21453853527372396 0.042575255635603965 -0.02438374895577651 -0.055259605901132325 0.2292682823999127 -0.038856785302080969 -0.00051432068688459507 0.15841114599637313 0.015333762501879455 0.078497355042804709 0.0058931424906849108 -0.051311021224414423 0.10490100719170199 0.0014582334365341066 -0.032231922050149624 -0.07924624158928735 0.36516727248410324 -0.034426161094715947 0.079143691061885679
leaf_weight=58019 34831 20297 46552 45635 26756 92445 13245 10399 9244 8171 28457 9125 37333 15225 8600 24934 998 634 20290 622 9365 893 599 116 10426 989 7925 12854 3252 1789
leaf_count=45519 23567 14975 30296 33157 21844 59289 10553 8807 8244 6847 25463 8989 25981 9979 7542 20250 990 244 13950 622 9137 893 569 40 9894 979 5519 9090 2934 1055
internal_value=-0.00111764 0.0101328 -0.0173697 0.00432065 0.0178139 -0.0210242 0.000641 0.00845279 0.0146502 -0.00907527 0.0216598 0.0198273 0.00250094 -0.00819923 -0.00488405 0.0163239 0.010038 -0.0189126 0.0102438 0.0176347 0.00961183 0.012225 0.00416971 -0.00931473 0.00358944 0.00591412 -0.0190206 0.017888 -0.00788475 0.00439523
internal_weight=560020 330933 229087 188386 142547 159023 99649 88737 78209 70064 64338 35881 74552 61893 25097 58707 66923 101004 65925 38410 19502 10137 39721 46668 21814 11388 100370 37788 11852 39122
internal_count=417218 259485 157733 139978 119507 110571 72201 67777 63211 47162 56296 30833 51172 40315 21029 44937 48097 65052 47107 29962 18274 9137 27605 30336 19680 9786 64808 29340 10476 27036
is_linear=0
shrinkage=0.05


Tree=15
num_leaves=31
num_cat=0
split_feature=10 10 10 10 10 10 4 4 4 4 5 4 10 5 10 10 10 8 10 8 10 10 5 10 10 10 10 4 4 7
split_gain=38988.5 5607.11 2647.24 926.953 734.898 598.448 375.925 249.028 169.672 138.758 134.518 124.39 104.898 93.0936 81.5645 80.2602 79.7851 71.5225 70.6717 59.7742 56.1547 50.7455 49.1779 44.1638 41.6519 40.0807 46.5441 41.1512 39.8385 36.876
threshold=4.8800130327970388 11.749554492686221 3.2324419081163169 21.330148634738951 8.2804020047089875 1.4227507702095894 4.5000000000000009 5.5000000000000009 4.5000000000000009 5.5000000000000009 1.0000000180025095e-35 5.5000000000000009 15.111717457121449 1.0000000180025095e-35 32.356392634854778 4.3922884480981041 6.3945617842592934 1.6028571428571434 9.8218241608387924 2.0771428571428578 26.024200659470726 6.3945617842592934 1.0000000180025095e-35 2.4985521801307087 32.878914303538146 3.6690843168977341 3.9621054757080643 4.5000000000000009 4.5000000000000009 28.650000000000002
decision_type=2 2 2 2 2 2 2 2 2 2 2 2 2 2 2 2 2 2 2 2 2 2 2 2 2 2 2 2 2 2
left_child=2 4 5 7 6 -1 16 10 18 15 12 13 29 20 -13 19 -2 23 -6 25 -5 -8 -20 -7 -15 28 -27 -28 -4 -3
right_child=1 3 9 11 8 17 21 -9 -10 -11 -12 14 -14 24 -16 -17 -18 -19 22 -21 -22 -23 -24 -25 -26 26 27 -29 -30 -31
leaf_value=-0.17546430867886895 0.00081819168633661126 0.2220800634357957 -0.038451616693709757 0.37167626923409663 0.088939633478823679 -0.084514737272083501 -0.06614238652682132 0.065856021916201879 0.012395854684080177 -0.10518438457195894 0.014567074376785527 0.15742464130277301 0.25222035602653253 0.056409175001578049 0.50394929776221975 -0.023164561507987669 0.0462647655146637 -0.00048860465254034762 0.13608128613458065 0.13750552450899942 0.74436870635596952 -0.025087706497121512 -0.044655067881386137 -0.064411186853547478 0.42522912823096953 -0.046329123015975339 -0.0077724651690457948 -0.0398228291398465 -0.075892672355819091 0.14614962858067343
leaf_weight=63826 34904 12512 12661 21580 29600 54147 11517 10665 19795 8274 2081 5531 37060 1135 2648 15237 38503 628 30212 193 32579 12741 470 41182 483 13356 15622 2839 2229 26822
leaf_count=48914 23550 8982 8089 17832 21024 34787 9569 10391 17633 6896 2071 5495 29672 1135 2628 10003 26643 242 21718 71 28399 10809 462 26964 483 8490 10144 2053 1619 20868
internal_value=-0.00130643 0.00968828 -0.0171082 0.0167019 0.00364714 -0.0206676 0.000735934 0.0134064 0.00719776 -0.0090309 0.0143807 0.0212951 0.0147224 0.0221395 0.0155367 -0.00822095 0.00251917 -0.0181719 0.00851664 -0.0092452 0.0224926 -0.00466032 0.0101982 -0.0182827 0.0103214 -0.00935995 -0.00835795 -0.00998456 -0.011501 0.0129239
internal_weight=561032 330838 230194 153096 177742 159783 97665 89140 80077 70411 78475 63956 76394 55777 8179 62137 73407 95957 60282 46900 54159 24258 30682 95329 1618 46707 31817 18461 14890 39334
internal_count=417636 259364 158272 127956 131408 110907 70571 71984 60837 47365 61593 55972 59522 47849 8123 40469 50193 61993 43204 30466 46231 20378 22180 61751 1618 30395 20687 12197 9708 29850
is_linear=0
shrinkage=0.05


Tree=16
num_leaves=31
num_cat=0
split_feature=10 10 10 10 10 10 10 11 10 5 6 5 6 11 6 12 5 8 8 8 10 11 10 10 6 11 5 6 8 12
split_gain=36123.6 5487.39 2728.48 941.682 707.234 532.274 308.991 145.452 134.424 114.823 117.425 106.452 97.5871 83.6186 82.9863 79.4706 79.0537 61.9986 58.5877 57.487 56.2411 54.7217 48.802 48.6487 48.5981 46.2749 41.329 41.1408 40.8272 34.4823
threshold=4.8800130327970388 11.749554492686221 2.3722515403909918 21.719170538108589 8.0464297921381291 3.4044802797522777 1.1823175294197679 47.500000000000007 31.300034989276025 1.0000000180025095e-35 0.15000000000000005 1.0000000180025095e-35 2.2500000000000004 26.500000000000004 0.15000000000000005 47.889685758650607 1.0000000180025095e-35 1.5018371184724435 1.3373556231003043 1.6210909090909096 4.626224030660615 103.50000000000001 18.213214273438592 10.245552205046693 0.15000000000000005 43.500000000000007 1.0000000180025095e-35 0.15000000000000005 2.5400000000000005 63.629654527088711
decision_type=2 2 2 2 2 2 2 2 2 2 2 2 2 2 2 2 2 2 2 2 2 2 2 2 2 2 2 2 2 2
left_child=2 4 6 7 11 -4 -1 15 16 10 17 12 13 18 22 26 21 23 -2 20 -7 -5 29 -6 -15 -12 27 -3 -8 -9
right_child=1 3 5 8 9 19 28 14 -10 -11 25 -13 -14 24 -16 -17 -18 -19 -20 -21 -22 -23 -24 -25 -26 -27 -28 -29 -30 -31
leaf_value=-0.16669109324492548 -0.011866745421909464 0.13348433822520586 -0.06262094001087011 0.30047874913802519 0.044763684637952134 -0.044012666865176575 -0.07728126982390103 0.18884214715163977 0.80370120853817095 -0.038780290556846175 0.092966560280503388 -0.07815101683590453 0.057299411184314308 0.0064848290247656593 0.28128602077225928 0.060972611872403437 0.0524445245206751 0.36446116921970984 0.13351158971876292 0.061183748990979184 -0.035847876698177926 0.46612678243830885 0.21232896616584862 0.081038037944842059 0.045805096164519735 0.14709876345433229 7.7732728869328588e-05 0.2187516169441974 0.00025909808066453265 0.13145728832178785
leaf_weight=58091 45750 16405 54851 22446 34254 58398 51154 12009 23257 1885 16640 2092 4109 30887 17439 9613 965 499 372 394 6835 15704 13051 20920 10550 9606 717 8490 129 13393
leaf_count=45641 34174 13743 36195 20092 26570 38962 32162 9021 20925 1865 12178 1954 2489 21975 12605 8707 965 195 168 154 5001 12696 11143 16482 6904 6276 717 6382 45 11253
internal_value=-0.00125534 0.00931762 -0.0164834 0.0162414 0.0033326 -0.0112929 -0.0222009 0.0130011 0.020975 0.00667033 0.00695107 0.000349296 0.000603809 0.000250403 0.0145871 0.0104847 0.0191851 0.0056513 -0.00121417 -0.00825461 -0.00836961 0.0195426 0.0132896 0.00549262 0.00188057 0.00970815 0.0119397 0.0122806 -0.0193724 0.0120128
internal_weight=560905 331053 229852 153489 177564 120478 109374 91117 62372 83804 81919 93760 91668 87559 55892 35225 39115 55673 46122 65627 65233 38150 38453 55174 41437 26246 25612 24895 51283 25402
internal_count=417639 259479 158160 128249 131230 80312 77848 73571 54678 63566 61701 67664 65710 63221 44022 29549 33753 43247 34342 44117 43963 32788 31417 43052 28879 18454 20842 20125 32207 20274
is_linear=0
shrinkage=0.05


Tree=17
num_leaves=31
num_cat=0
split_feature=10 10 10 10 10 4 10 10 4 4 10 10 8 10 6 4 5 6 5 4 10 5 10 4 8 5 4 10 10 8
split_gain=33148.3 4986.84 3360.13 1006.92 864.125 558.245 355.593 300.598 243.01 185.963 146.17 124.298 91.7267 87.932 86.89 86.7323 76.5947 73.4309 71.6417 68.3299 58.615 58.158 51.1073 44.7845 43.1801 43.0127 42.2559 41.1169 40.6679 39.8642
threshold=4.8800130327970388 11.436025132689617 2.3722515403909918 21.330148634738951 3.6690843168977341 4.5000000000000009 8.38905558530249 1.1823175294197679 4.5000000000000009 5.5000000000000009 6.3945617842592934 28.317184603160598 1.6028571428571434 33.597254758644205 0.15000000000000005 5.5000000000000009 1.0000000180025095e-35 0.15000000000000005 1.0000000180025095e-35 5.5000000000000009 6.3945617842592934 1.0000000180025095e-35 3.2324419081163169 5.5000000000000009 2.5400000000000005 1.0000000180025095e-35 5.5000000000000009 2.7713669531249203 14.588047216575236 1.5018371184724435
decision_type=2 2 2 2 2 2 2 2 2 2 2 2 2 2 2 2 2 2 2 2 2 2 2 2 2 2 2 2 2 2
left_child=2 5 7 8 12 6 18 -1 14 11 -7 16 22 -11 28 21 -5 29 20 -12 -2 -6 26 25 -9 -10 27 -4 -3 -8
right_child=1 3 4 9 15 10 17 24 23 13 19 -13 -14 -15 -16 -17 -18 -19 -20 -21 -22 -23 -24 -25 -26 -27 -28 -29 -30 -31
leaf_value=-0.1583565385826792 0.0013025099981151646 0.13623613604759993 -0.044165830510326611 0.36866671632052644 -0.032163042309027071 -0.063395073010141578 0.0812965476183031 -0.076424936917284275 0.10896962481796049 0.1345294717807331 0.010527906417726563 0.76351614811126245 0.0057331251774262798 0.48856677244720026 0.25487559675146371 -0.097724532000102171 0.038311867698712379 0.12143881822343899 -0.079681296591054773 -0.021673057294642951 0.048163221871676591 -0.13214615207005756 -0.04565600770908658 0.048502582034131519 0.00024614317663131937 0.0018678132809494487 -0.1288747148238148 -0.051290830510326617 0.19457740217029809 0.38283846592883991
leaf_weight=58126 34376 23061 20627 28060 45901 11555 35142 50953 11200 5921 16400 27104 534 2325 24316 6145 805 18416 1123 14671 39239 1231 16850 11367 117 1121 6002 23345 24405 304
leaf_count=45508 23028 17583 13581 23406 29655 9591 26016 32125 9996 5877 13546 23834 206 2307 17258 5171 805 12396 1057 13541 27101 1043 11374 11109 41 1121 4754 14665 19903 108
internal_value=-0.00130006 0.0088313 -0.0158872 0.0151872 -0.0101353 0.00290376 0.00454743 -0.0222417 0.011931 0.0200284 -0.00205508 0.0210612 -0.0138989 0.0130184 0.0133801 -0.00537709 0.0187779 0.00764454 0.00231542 -0.000269544 0.00250662 -0.00464865 -0.0140638 0.00753968 -0.0194429 0.00962787 -0.0148667 -0.0143296 0.012135 0.00631383
internal_weight=560742 330911 229831 159685 120635 171226 128600 109196 95470 64215 42626 55969 67358 8246 71782 53277 28865 53862 74738 31071 73615 47132 66824 23688 51070 12321 49974 43972 47466 35446
internal_count=417706 259583 158123 133199 80449 126384 89706 77674 76970 56229 36678 48045 44580 8184 54744 35869 24211 38520 51186 27087 50129 30698 44374 22226 32166 11117 33000 28246 37486 26124
is_linear=0
shrinkage=0.05


Tree=18
num_leaves=31
num_cat=0
split_feature=10 10 10 10 10 4 10 4 4 4 10 10 10 10 10 5 10 4 10 10 10 5 4 5 4 7 5 7 8 8
split_gain=31197 6544.72 1906.88 1152.83 783.82 293.997 286.247 278.396 270.51 203.7 132.299 118.046 110.033 109.609 108.361 76.7946 73.4457 67.4056 64.4801 90.3555 58.7073 56.2156 56.136 50.5581 50.3429 44.8424 43.0128 43.0109 41.8429 39.3927
threshold=3.8378549475690407 11.054839558206918 2.337425468972977 21.719170538108589 6.3945617842592934 4.5000000000000009 1.1823175294197679 4.5000000000000009 4.5000000000000009 5.5000000000000009 9.0143766712132489 14.429601974265035 30.05503264583842 3.4044802797522777 33.597254758644205 1.0000000180025095e-35 5.2555789293671333 5.5000000000000009 4.375108640402714 4.626224030660615 17.891504716827139 1.0000000180025095e-35 5.5000000000000009 1.0000000180025095e-35 5.5000000000000009 27.350000000000005 1.0000000180025095e-35 29.750000000000004 2.5400000000000005 1.3373556231003043
decision_type=2 2 2 2 2 2 2 2 2 2 2 2 2 2 2 2 2 2 2 2 2 2 2 2 2 2 2 2 2 2
left_child=2 4 6 7 8 10 -1 11 16 12 23 -3 15 17 -11 -5 18 25 -2 -20 -9 -13 -7 29 -10 -4 27 -12 -8 -6
right_child=1 3 13 9 5 22 28 20 24 14 26 21 -14 -15 -16 -17 -18 -19 19 -21 -22 -23 -24 -25 -26 -27 -28 -29 -30 -31
leaf_value=-0.15043871165354525 0.00045208202938269438 0.14216625118762033 -0.048525470993565904 0.36124669289292122 0.047083659392870562 0.0096586029464523996 -0.069595959486841746 0.050375434986203962 -0.034695262427586873 0.12780299819169647 0.1262006527183461 0.23461294979230018 0.77534034070569935 -0.040203881406466385 0.41413843382484022 0.045180908348835307 0.0031811032482094606 -0.12142580156169723 -0.01819754797387807 -0.020488322163434349 0.11796901307227783 -0.0065065977588610662 -0.026405336954296435 -0.043167092767578956 -0.088675805983132072 -0.051300747498808308 -0.048105190120320801 0.085960673025139392 0.00023383601779976005 0.24847966198636123
leaf_weight=58157 17290 39132 7250 30762 51045 15447 48746 19345 11879 5680 16343 39248 22852 22522 2301 909 26246 6902 9537 13772 6813 631 13674 772 10475 43099 531 18942 143 289
leaf_count=45583 11428 28974 4440 25688 35633 12721 30556 17989 9079 5644 11089 30516 20204 14524 2285 909 17708 5456 5787 9352 6509 631 12584 744 9047 27957 531 13896 49 111
internal_value=-0.00126388 0.0070724 -0.0179488 0.0144088 0.00110792 0.00379882 -0.0223096 0.0112127 -0.00242295 0.0197867 0.00524101 0.0126929 0.0208788 -0.0120971 0.0123261 0.0189708 -0.000830653 -0.0132596 -0.00216323 -0.0038794 0.00674172 0.0146073 -0.000555441 0.00363298 -0.0071844 -0.0126244 0.00758041 0.00779297 -0.0194896 0.00382398
internal_weight=560734 373915 186819 167673 206242 117043 107046 105169 89199 62504 87922 79011 54523 79773 7981 31671 66845 57251 40599 23309 26158 39879 29121 52106 22354 50349 35816 35285 48889 51334
internal_count=417624 289059 128565 139349 149710 87309 76188 84619 62401 54730 62004 60121 46801 52377 7929 26597 44275 37853 26567 15139 24498 31147 25305 36488 18126 32397 25516 24985 30605 35744
is_linear=0
shrinkage=0.05


Tree=19
num_leaves=31
num_cat=0
split_feature=10 10 10 10 10 10 4 4 4 4 10 10 4 10 10 10 5 10 8 10 10 6 4 10 5 6 4 8 8 11
split_gain=29153.7 6081.94 1607.91 1047.23 794.665 303.284 261.985 249.045 237.023 228.215 168.025 144.816 121.519 112.107 77.8756 96.9964 74.0167 76.3827 72.762 70.8589 57.2684 56.8436 53.4948 45.0826 43.9106 44.156 43.206 40.3224 39.9008 39.6447
threshold=3.8378549475690407 11.135892116182575 2.3722515403909918 19.283264000169801 6.3945617842592934 0.71170035736632797 4.5000000000000009 4.5000000000000009 4.5000000000000009 4.5000000000000009 26.024200659470726 32.878914303538146 4.5000000000000009 8.8657064708310411 4.9221649363751565 4.375108640402714 1.0000000180025095e-35 14.429601974265035 1.6028571428571434 3.4044802797522777 4.626224030660615 0.15000000000000005 5.5000000000000009 2.9561289692310813 1.0000000180025095e-35 0.15000000000000005 1.0000000180025095e-35 2.5400000000000005 1.3373556231003043 44.500000000000007
decision_type=2 2 2 2 2 2 2 2 2 2 2 2 2 2 2 2 2 2 2 2 2 2 2 2 2 2 2 2 2 2
left_child=2 4 5 9 7 -1 10 14 13 16 24 -8 18 28 15 -2 17 -3 19 23 -17 26 -9 -4 25 -5 -15 -7 -6 -11
right_child=1 3 12 6 8 27 11 22 -10 29 -12 -13 -14 21 -16 20 -18 -19 -20 -21 -22 -23 -24 -25 -26 -27 -28 -29 -30 -31
leaf_value=-0.14291677607086797 -0.0085185282618618283 0.14187185901618768 -0.046161251609869863 0.26451733212219591 0.04131907394111245 -0.070663640082838944 0.13888664439572959 -0.031769832391002908 -0.00046193412394175405 0.040097273058429118 0.64045344752486821 0.46356431820166438 -0.084227753588262733 0.031535717588738521 0.0014123312590474503 -0.017287670575184145 -0.0095415884793888864 0.20788624964178695 0.054806489871437152 -0.038193687336143083 -0.019463906055262648 0.11384532568834693 -0.084242015683975477 -0.054360314109869856 0.034137228896334908 0.43490195658326097 0.086634762475750915 0.00022214421690978093 0.21024952448015172 0.087738373021209182
leaf_weight=48133 17339 37184 27383 18350 47011 60883 14824 11931 29610 12185 28418 5070 19919 5679 33338 9441 1060 28278 319 16813 6736 14310 10564 13155 475 10112 21887 135 286 9737
leaf_count=39169 11501 27326 17273 15300 32979 38389 14472 9075 25722 11457 24476 4954 14811 4495 22504 5767 1038 21782 113 10311 4660 9612 9108 8359 475 7410 15741 47 112 8985
internal_value=-0.00125842 0.00680071 -0.0173916 0.0139485 0.00111035 -0.0213033 0.0182019 -0.0024519 0.00378989 0.0102336 0.0199167 0.0132578 -0.0118886 0.00507693 -0.000920663 -0.00262263 0.0116916 0.0119039 -0.0107257 -0.0108581 -0.00540737 0.00696103 -0.00700267 -0.01199 0.0172349 0.0174865 0.00563375 -0.0189624 0.00340878 0.00580923
internal_weight=560565 373825 186740 165693 208132 109151 77249 89349 118783 88444 57355 19894 77589 89173 66854 33516 66522 65462 57670 57351 16177 41876 22495 40538 28937 28462 27566 61018 47297 21922
internal_count=417423 288951 128472 137675 151276 77605 67087 62615 88661 70588 47661 19426 50867 62939 44432 21928 50146 49108 36056 35943 10427 29848 18183 25632 23185 22710 20236 38436 33091 20442
is_linear=0
shrinkage=0.05


Tree=20
num_leaves=31
num_cat=0
split_feature=10 10 10 10 10 4 4 4 10 10 10 10 10 4 6 8 5 4 10 8 5 4 11 10 6 6 6 5 4 6
split_gain=28080.6 5682.93 1630.55 991.806 815.609 278.812 222.825 202.144 192.157 174.204 170.625 145.456 142.157 137.841 89.8243 85.0854 79.4059 93.7357 76.2591 65.6254 59.8488 59.1485 58.4371 56.4573 54.834 50.183 44.0797 40.846 40.5958 39.8743
threshold=3.8378549475690407 12.399205979568578 1.890397441731517 7.6085486913991369 24.582108491562828 4.5000000000000009 4.5000000000000009 3.5000000000000004 0.71170035736632797 5.5914438622388394 2.4985521801307087 33.597254758644205 18.213214273438592 4.5000000000000009 0.25000000000000006 1.6028571428571434 1.0000000180025095e-35 5.5000000000000009 3.6690843168977341 1.3373556231003043 1.0000000180025095e-35 5.5000000000000009 20.500000000000004 9.7518956884876768 0.25000000000000006 0.15000000000000005 0.15000000000000005 1.0000000180025095e-35 1.0000000180025095e-35 0.55000000000000016
decision_type=2 2 2 2 2 2 2 2 2 2 2 2 2 2 2 2 2 2 2 2 2 2 2 2 2 2 2 2 2 2
left_child=2 3 8 5 6 9 12 14 -1 20 -4 13 25 -6 19 18 17 -9 21 23 -2 26 -7 -5 -8 -3 -12 29 -25 -14
right_child=1 4 10 7 11 22 24 16 -10 -11 15 -13 27 -15 -16 -17 -18 -19 -20 -21 -22 -23 -24 28 -26 -27 -28 -29 -30 -31
leaf_value=-0.13577093726732456 -0.016423287046424928 0.1436954154169415 -0.051063317453696924 0.046530825462043526 0.41868830355908782 -0.061563964248401028 0.06806140767180216 0.053606737856864317 -0.067130458078696997 0.035970044131025204 -0.043899443637797096 0.75455065129417087 0.23883424936309031 0.16500704443644632 0.11055587905195133 0.021408346462168871 -0.032497161041015722 -0.0046699991490553932 -0.03628400296933592 0.35700109288149956 -0.12974343221628268 -0.11214830132512602 -0.03018134077145276 0.048214952890461717 0.14161238984956565 0.22380337868494227 -0.043853189029376384 0.010997972424375214 0.10847242373502947 0.39078424899041786
leaf_weight=48317 44805 28113 30744 23723 20494 18241 19402 27413 38799 47166 35294 17616 23615 7166 17653 440 2424 12662 10277 497 648 6995 12667 6051 4794 14408 16136 492 17436 6138
leaf_count=39307 29393 22041 19634 17153 17136 15217 18534 21363 24655 32192 22854 15898 19349 7060 11627 162 2388 11934 6415 177 590 5595 10085 4785 4324 10036 10054 492 12684 4380
internal_value=-0.00138363 0.00653304 -0.0172009 0.00169824 0.0143981 -0.00136063 0.0118108 0.00520147 -0.0222003 1.16067e-05 -0.0128406 0.0199388 0.013193 0.0176772 0.00694691 -0.0114626 0.00251712 0.00304866 -0.011603 0.00581938 -0.00219732 -0.0123017 -0.00547269 0.0056291 0.00765416 0.0113291 -0.011715 0.0158134 0.00736684 0.0160496
internal_weight=560626 373624 187002 231386 142238 123527 96962 107859 87116 92619 99886 45276 72766 27660 65360 69142 42499 40075 68702 47707 45453 58425 30908 47210 24196 42521 51430 30245 23487 29753
internal_count=417514 288838 128676 169588 119250 87477 79156 82111 63962 62175 64714 40094 56298 24196 46426 45080 35685 33297 44918 34799 29983 38503 25302 34622 22858 32077 32908 24221 17469 23729
is_linear=0
shrinkage=0.05


Tree=21
num_leaves=31
num_cat=0
split_feature=10 10 10 10 10 10 4 4 6 10 4 4 10 10 5 4 11 8 10 6 8 5 6 11 5 8 4 10 6 8
split_gain=25045.6 5021.57 2257.17 987.359 794.674 226.54 224.27 219.175 182.304 181.784 180.252 147.39 143.945 122.953 95.2016 88.0564 77.2698 73.9778 63.4061 52.4993 50.3047 48.6077 49.1185 46.2577 41.4429 41.2996 43.1653 40.1139 39.6658 39.1252
threshold=3.9621054757080643 11.749554492686221 1.5862281902591664 21.938385526759273 6.3945617842592934 33.597254758644205 4.5000000000000009 4.5000000000000009 0.15000000000000005 3.6690843168977341 5.5000000000000009 4.5000000000000009 9.0143766712132489 0.64054847581383256 1.0000000180025095e-35 4.5000000000000009 66.500000000000014 1.6028571428571434 1.890397441731517 0.15000000000000005 1.3373556231003043 1.0000000180025095e-35 1.0000000180025095e-35 20.500000000000004 1.0000000180025095e-35 1.5018371184724435 1.0000000180025095e-35 8.8657064708310411 0.15000000000000005 1.5089598997493738
decision_type=2 2 2 2 2 2 2 2 2 2 2 2 2 2 2 2 2 2 2 2 2 2 2 2 2 2 2 2 2 2
left_child=2 4 13 8 10 7 12 24 15 11 14 17 19 -1 23 -3 -10 18 -4 20 -6 22 25 -2 28 26 -14 29 -5 -8
right_child=1 3 9 5 6 -7 27 -9 16 -11 -12 -13 21 -15 -16 -17 -18 -19 -20 -21 -22 -23 -24 -25 -26 -27 -28 -29 -30 -31
leaf_value=-0.12898239040395834 -0.013107763319103682 0.14258817692542067 -0.04770679454976208 0.31070500649836214 0.02714731471846701 0.71682311872946236 -0.025399690181025038 0.13480760432916555 0.15483188541930365 -0.03446980282086911 -0.076951716687356661 -0.088123761257322519 0.025272228951790956 -0.078982390403958339 -0.080137638931785521 0.054253634396065745 0.26918259712776715 0.020337929139060407 -0.048510151581012087 0.059492295200847693 0.19351511461173262 -0.048217389596996979 0.12041795522412171 -0.00097963117210895243 0.040665102865358099 0.36758783274199136 0.077504359976992732 0.012391248642574926 0.49361764630457705 0.22689670446481747
leaf_weight=45125 34797 45797 8833 20290 34263 17662 15729 11045 19662 15150 9892 25933 5472 30056 1947 17448 9713 414 65384 17401 333 682 21553 37973 541 293 18235 16603 11097 148
leaf_count=37639 23811 36385 5873 17412 24645 15944 13451 10861 15202 9912 8534 19099 4378 18164 1729 16576 6795 142 40872 11581 127 676 14639 25147 541 105 13345 14919 8399 60
internal_value=-0.00133631 0.00627713 -0.0160362 0.0131948 0.00135344 0.0181549 0.00379728 0.0161956 0.00994764 -0.0116537 -0.00242202 -0.0124229 0.00498819 -0.0227814 -0.0015823 0.00843584 0.0132026 -0.0112946 -0.0114121 0.00318336 0.0020566 0.00701795 0.00721632 -0.00129037 0.0182959 0.00566042 0.00542983 0.000195505 0.0185324 -0.00160137
internal_weight=559471 368576 190895 153255 215321 60635 130712 42973 92620 115714 84609 100564 98232 75181 74717 63245 29375 74631 74217 51997 34596 46235 45553 72770 31928 24000 23707 32480 31387 15877
internal_count=416963 285262 131701 128115 157147 53157 97926 37213 74958 75898 59221 65986 69496 55803 50687 52961 21997 46887 46745 36353 24772 33143 32467 48958 26352 17828 17723 28430 25811 13511
is_linear=0
shrinkage=0.05


Tree=22
num_leaves=31
num_cat=0
split_feature=10 10 10 10 10 11 4 4 10 10 4 10 4 4 6 10 5 10 10 4 10 10 3 6 4 10 6 8 6 10
split_gain=24280.1 4683.81 2250.13 873.976 818.785 266.5 210.572 206.136 150.392 149.074 144.726 127.379 108.33 105.373 98.7942 74.9715 64.5788 57.9477 96.287 55.2796 53.7568 53.0703 47.1745 46.8192 46.1649 44.6196 44.2889 43.3952 43.2152 43.1721
threshold=3.8782405322286877 12.399205979568578 1.5862281902591664 6.3945617842592934 26.67397735682005 72.500000000000014 4.5000000000000009 4.5000000000000009 2.7713669531249203 9.0143766712132489 4.5000000000000009 0.64054847581383256 3.5000000000000004 4.5000000000000009 0.15000000000000005 36.030877403914388 1.0000000180025095e-35 4.9687235835310579 4.375108640402714 5.5000000000000009 4.626224030660615 3.6917386507025713 79.500000000000014 0.55000000000000016 5.5000000000000009 32.878914303538146 0.15000000000000005 1.5018371184724435 0.15000000000000005 1.890397441731517
decision_type=2 2 2 2 2 2 2 2 2 2 2 2 2 2 2 2 2 2 2 2 2 2 2 2 2 2 2 2 2 2
left_child=2 3 11 7 5 12 9 17 13 -5 25 -1 28 29 22 -12 19 18 -2 26 -20 -10 -7 27 -8 -6 -14 -11 -3 -4
right_child=1 4 8 6 10 14 24 -9 21 23 15 -13 16 -15 -16 -17 -18 -19 20 -21 -22 -23 -24 -25 -26 -27 -28 -29 -30 -31
leaf_value=-0.12253327088376043 0.0023319568592830467 0.13775970091325213 -0.045321454822273968 0.038537510284266399 0.40893535380098761 0.20258761679062154 0.014206183108125537 -0.054421674362559139 -0.044067314262821802 0.073979454478143053 0.16808732151234729 -0.075033270883760425 0.086767111616608356 -0.086221053300384098 0.30996400788613787 0.44668460772233343 -0.01655491357591812 0.0022118606070217874 -0.014946734528148476 0.040543784798831785 -0.017620564841572772 -0.032746312679825661 0.13074346411177926 0.12716426995386723 -0.012473420057193919 0.78098196279298926 0.16805359380326054 0.3492084411048918 0.21810387450495333 -0.046084644001961488
leaf_weight=45169 15401 22517 8750 52208 12327 19950 18511 21569 45851 43813 5891 30064 11498 15060 14421 3579 2209 31721 9546 10239 8208 10664 8478 10430 16702 14046 4728 314 12251 33979
leaf_count=37673 10151 17933 5800 36480 10459 16614 15445 17521 30075 32379 5799 18132 10070 10944 10601 3473 2195 21365 5816 10063 5702 6812 7220 6932 15508 12242 3712 110 8785 21059
internal_value=-0.00148573 0.00595961 -0.0160419 0.00152535 0.0130859 0.0108822 0.00393864 -0.00243826 -0.0116221 0.00504449 0.019621 -0.022757 0.0088246 -0.0134156 0.0139286 0.0143189 0.00654949 -0.00103043 -0.00249208 0.00723503 -0.00500169 -0.00978811 0.0122186 0.00687217 0.000585721 0.0215249 0.00905029 0.00616006 0.0107009 -0.0121481
internal_weight=560094 370557 189537 228423 142134 106291 141978 86445 114304 106765 35843 75233 63442 57789 42849 9470 28674 64876 33155 26465 17754 56515 28428 54557 35213 26373 16226 44127 34768 42729
internal_count=417070 286575 130495 167409 119166 87193 106854 60555 74690 75901 31973 55805 52758 37803 34435 9272 26040 43034 21669 23845 11518 36887 23834 39421 30953 22701 13782 32489 26718 26859
is_linear=0
shrinkage=0.05


Tree=23
num_leaves=31
num_cat=0
split_feature=10 10 10 10 10 4 11 4 5 10 10 4 10 10 4 8 6 10 6 5 11 4 8 6 10 6 10 4 8 5
split_gain=23356.1 4377.17 2236.36 983.618 634.658 253.601 233.021 200.782 148.612 143.724 122.22 115.806 111.683 102.632 98.4526 92.3582 80.0586 63.7192 63.1325 63.1001 59.2626 52.7668 48.5224 44.918 44.1017 41.5789 38.8047 37.5481 35.8305 35.7248
threshold=3.8378549475690407 14.061551343524883 1.5862281902591664 7.6085486913991369 28.317184603160598 5.5000000000000009 87.500000000000014 4.5000000000000009 1.0000000180025095e-35 0.71170035736632797 1.890397441731517 4.5000000000000009 5.8802816007310765 10.363083932572797 3.5000000000000004 1.6028571428571434 0.15000000000000005 36.030877403914388 0.45000000000000007 1.0000000180025095e-35 12.500000000000002 5.5000000000000009 1.1230769230769233 1.6500000000000001 18.81164169877427 0.35000000000000003 35.7025352060625 5.5000000000000009 1.266648351648352 1.0000000180025095e-35
decision_type=2 2 2 2 2 2 2 2 2 2 2 2 2 2 2 2 2 2 2 2 2 2 2 2 2 2 2 2 2 2
left_child=2 3 9 5 6 8 14 13 12 -1 -4 26 -2 18 24 20 28 -13 22 21 -12 25 -5 29 -3 -16 -6 -9 -8 -15
right_child=1 4 10 7 11 -7 16 27 -10 -11 15 17 -14 23 19 -17 -18 -19 -20 -21 -22 -23 -24 -25 -26 -27 -28 -29 -30 -31
leaf_value=-0.11640660733957241 -0.012647762243815076 0.14715999998834911 -0.059122522706160342 0.043350762914405566 0.41988625566133814 -0.061298625259860851 0.19389607491518951 0.033963079393588246 -0.076448878213205881 -0.056073152110376223 -0.044818452930294808 0.15968295543673003 0.03020938519572125 0.097052358881328626 0.10653166287480503 0.0089314333956893744 0.35343856359504128 0.42435037733621678 0.085795369135924879 -0.012555750235642461 -0.037029343555294816 0.052907389696645171 0.27742982857377313 0.18811574237471917 0.23290017687067019 0.204954561996359 0.79193286465333979 -0.0024044302617530992 0.76418940129512625 -0.023851109765609647
leaf_weight=48135 60063 18701 11937 39310 12304 14493 19082 16991 2840 27157 54043 4717 46083 44064 12473 706 10348 3551 10519 1893 44957 9278 303 3533 13438 2426 10581 15410 651 692
leaf_count=39247 40051 14447 8245 28712 10554 12639 16324 14461 2588 16557 36091 4619 32049 32516 11155 276 7590 3463 6799 1893 28251 9164 117 2197 10982 1922 9255 14564 317 676
internal_value=-0.00157207 0.00564517 -0.0160017 0.00193678 0.0135406 -0.00126398 0.0113756 0.00495788 -0.000437671 -0.0226611 -0.0115106 0.0196763 -0.000135662 0.00608178 0.00952902 -0.0109382 0.0149488 0.0146045 0.00449713 0.00724588 -0.0110667 0.00793419 0.00358279 0.00772692 0.011381 0.0097775 0.0215086 0.00154393 0.0130809 0.00729846
internal_weight=560679 373744 186935 254301 119443 123479 88290 130822 108986 75292 111643 31153 106146 98421 58209 99706 30081 8268 50132 26070 99000 24177 39613 48289 32139 14899 22885 32401 19733 44756
internal_count=417721 289054 128667 187369 101685 87327 73794 100042 74688 55804 72863 27891 72100 71017 49563 64618 24231 8082 35628 24134 64342 22241 28829 35389 25429 13077 19809 29025 16641 33192
is_linear=0
shrinkage=0.05


Tree=24
num_leaves=31
num_cat=0
split_feature=10 10 10 10 10 10 11 4 11 4 4 8 10 6 5 4 10 6 5 10 12 10 4 6 8 4 3 5 4 10
split_gain=22416.1 4118.61 2157.51 933.545 631.387 289.023 261.8 232.9 207.658 106.01 105.548 89.4392 90.4313 79.8238 71.8144 64.2933 63.3253 61.182 55.9186 54.9022 52.357 54.8393 50.488 47.7112 47.1804 44.1599 43.8636 41.5151 49.6313 38.6658
threshold=3.8782405322286877 14.429601974265035 1.6636761477057405 7.6085486913991369 31.300034989276025 0.8057344511571628 81.500000000000014 4.5000000000000009 46.500000000000007 3.5000000000000004 4.5000000000000009 1.6028571428571434 3.4044802797522777 0.15000000000000005 1.0000000180025095e-35 5.5000000000000009 5.8802816007310765 0.35000000000000003 1.0000000180025095e-35 1.890397441731517 83.079552890282983 19.283264000169801 5.5000000000000009 1.0000000180025095e-35 1.3373556231003043 3.5000000000000004 78.500000000000014 1.0000000180025095e-35 5.5000000000000009 4.3922884480981041
decision_type=2 2 2 2 2 2 2 2 2 2 2 2 2 2 2 2 2 2 2 2 2 2 2 2 2 2 2 2 2 2
left_child=2 3 5 7 6 -1 10 14 9 17 20 12 19 25 16 18 29 24 -6 -4 21 -3 -9 -10 -5 -8 27 28 -11 -2
right_child=1 4 11 8 15 -7 13 22 23 26 -12 -13 -14 -15 -16 -17 -18 -19 -20 -21 -22 -23 -24 -25 -26 -27 -28 -29 -30 -31
leaf_value=-0.11058627697259378 0.001055481832444416 0.13344508279413647 -0.080543500320324368 0.049996285749578553 0.60233622142067278 -0.053269494504857406 0.24351862662317514 -0.02309428256275883 0.071341739702869056 0.044099045276497863 0.065057190773391935 0.01103487193685 -0.029257529868069645 0.34275992229339886 -0.072543906104887021 0.25313285846940586 0.034201319006214974 0.091170130826756429 0.11184728224020875 -0.041539489155348663 0.061229033369412725 0.22958660790680874 -0.055997369277619273 0.11547676929555212 0.26788986262279163 0.1345920108975511 -0.030521117920926245 -0.030618921567039426 -0.0014482650236064211 -0.011072650314550314
leaf_weight=53532 16866 19383 7253 36277 19661 26108 17594 16046 26839 21244 16931 726 24927 13108 1349 3073 39492 10904 611 76345 3152 13235 14238 21736 310 8423 2582 2528 12228 32621
leaf_count=42236 10972 15097 5021 27011 17307 16538 14442 12398 20321 16756 16353 284 16287 9784 1231 3053 26956 7314 611 49611 2876 10877 12404 15040 112 7831 2340 2482 11592 21431
internal_value=-0.00163117 0.00551661 -0.0156486 0.00197524 0.0133656 -0.0219073 0.0114989 -0.00121961 0.00483706 0.00336197 0.00919859 -0.0110862 -0.0112032 0.0145974 5.25861e-05 0.0207079 0.000226177 0.00494357 0.0217295 -0.0119913 0.010738 0.0113327 -0.0050142 0.00745085 0.00396384 0.0129944 0.00141517 0.00186667 0.00233329 -0.000965405
internal_weight=559322 370431 188891 255260 115171 79640 91826 120612 134648 86073 52701 109251 108525 39125 90328 23345 88979 47491 20272 83598 35770 32618 30284 48575 36587 26017 38582 36000 33472 49487
internal_count=416568 286591 129977 188360 98231 58774 77260 85392 102968 67607 45203 71203 70919 32057 60590 20971 59359 34437 17918 54632 28850 25974 24802 35361 27123 22273 33170 30830 28348 32403
is_linear=0
shrinkage=0.05


Tree=25
num_leaves=31
num_cat=0
split_feature=10 10 10 10 11 4 10 10 11 4 10 10 10 5 12 10 4 6 10 10 12 5 6 6 4 11 10 4 4 4
split_gain=21244.6 3853.98 2378.86 807.018 590.653 287.346 279.052 224.487 156.496 143.353 140.112 116.805 93.1618 83.9835 82.4578 81.4176 78.4005 67.1835 62.1957 75.4343 48.8328 48.6495 52.9016 48.5768 48.3048 46.5723 45.2982 43.6455 42.5137 41.2576
threshold=3.8782405322286877 14.061551343524883 0.95850667735212247 8.8657064708310411 87.500000000000014 4.5000000000000009 1.890397441731517 35.7025352060625 44.500000000000007 3.5000000000000004 5.2555789293671333 26.024200659470726 6.3945617842592934 1.0000000180025095e-35 43.84459045886306 2.8067442809617451 5.5000000000000009 0.15000000000000005 4.3922884480981041 4.626224030660615 56.797916204999289 1.0000000180025095e-35 0.15000000000000005 0.35000000000000003 5.5000000000000009 61.500000000000007 29.510247914275634 3.5000000000000004 5.5000000000000009 3.5000000000000004
decision_type=2 2 2 2 2 2 2 2 2 2 2 2 2 2 2 2 2 2 2 2 2 2 2 2 2 2 2 2 2 2
left_child=2 3 -1 5 9 10 -4 17 14 11 18 -3 28 16 23 27 26 29 -2 -20 -10 22 -12 -5 -17 -22 -11 -8 -7 -6
right_child=1 4 6 8 7 12 15 -9 20 13 21 -13 -14 -15 -16 24 -18 -19 19 -21 25 -23 -24 -25 -26 -27 -28 -29 -30 -31
leaf_value=-0.10505696312396409 0.0010027077408222063 0.16502740880411448 -0.050606019779614542 0.043098479253084326 0.26521141037000728 -0.023130235349825546 -0.039462514697581247 0.72221941034963921 0.11310254780143625 0.11643796998784169 0.013143987745496011 0.37929822718775841 -0.019164072357906115 -0.013474993617574694 -0.0017176946669969163 -0.032852523006695833 0.055902665428134317 0.35205838321604266 -0.013619783781172502 -0.015553515971575883 0.025243956089475186 -0.042325045091157913 0.042534929756853315 0.08488446644801631 -0.071620313060464014 0.099158076271254642 0.32158199659386 -0.061553436155576118 -0.06451824740798684 0.15990192858908189
leaf_weight=55728 17155 30846 31257 35897 18462 11526 28955 11079 22679 15165 48797 5581 15986 2436 11398 47470 11644 13266 7812 13736 7090 1085 23836 10352 6379 14391 2200 19536 10152 8598
leaf_count=43928 11253 24278 20045 28475 15224 8808 17751 9825 15813 13333 34291 4855 13574 2436 10040 30130 11538 9894 4780 9346 5946 1019 15518 7422 5057 10493 2056 13560 8762 7968
internal_value=-0.0016076 0.00534467 -0.0152374 0.00183868 0.0127487 -0.000492221 -0.0116176 0.0167917 0.00527493 0.00968662 0.000774099 0.0118216 -0.00427198 0.00721339 0.00355916 -0.0103547 0.00796218 0.0150598 -0.00166202 -0.00345044 0.00751472 0.00205309 0.00221008 0.00449794 -0.00901642 0.00580629 0.0100907 -0.0118409 -0.00640742 0.0136308
internal_weight=560494 371169 189325 251892 119277 150085 133597 51405 101807 67872 112421 36427 37664 31445 57647 102340 29009 40326 38703 21548 44160 73718 72633 46249 53849 21481 17365 48491 21678 27060
internal_count=417418 286947 130471 185540 101407 107351 86543 42911 78189 58496 76207 29133 31144 29363 45937 66498 26927 33086 25379 14126 32252 50828 49809 35897 35187 16439 15389 31311 17570 23192
is_linear=0
shrinkage=0.05


Tree=26
num_leaves=31
num_cat=0
split_feature=10 10 10 10 10 10 4 10 11 4 4 10 4 5 10 6 11 6 5 8 8 10 10 6 11 10 8 5 4 10
split_gain=17628.7 3565.23 2135.96 741.34 603.006 240.231 226.888 223.735 187.678 187.519 126.412 108.622 105.042 104.444 62.7922 62.0674 53.0654 52.0102 50.5966 49.9248 49.3404 48.6671 48.6039 46.9888 45.5902 44.0275 41.5312 40.8439 53.6828 40.477
threshold=3.9621054757080643 14.357779724907957 1.1823175294197679 7.6085486913991369 28.833663341516015 1.0000000180025095e-35 5.5000000000000009 2.8067442809617451 46.500000000000007 4.5000000000000009 4.5000000000000009 22.390409850146685 3.5000000000000004 1.0000000180025095e-35 6.0853584729761527 0.55000000000000016 77.500000000000014 1.5500000000000003 1.0000000180025095e-35 1.6028571428571434 1.3373556231003043 1.5862281902591664 35.7025352060625 0.35000000000000003 117.50000000000001 1.4227507702095894 1.7064685314685317 1.0000000180025095e-35 5.5000000000000009 0.64054847581383256
decision_type=2 2 2 2 2 2 2 2 2 2 2 2 2 2 2 2 2 2 2 2 2 2 2 2 2 2 2 2 2 2
left_child=2 3 5 6 9 -1 13 19 12 11 22 15 20 14 26 18 -12 -10 -3 21 23 25 -6 -5 -13 -4 -2 28 -14 -7
right_child=1 4 7 8 10 29 -8 -9 17 -11 16 24 27 -15 -16 -17 -18 -19 -20 -21 -22 -23 -24 -25 -26 -27 -28 -29 -30 -31
leaf_value=-0.099804114967765881 -0.0098380286097641718 0.14480318860534266 -0.043528240220294535 0.042706662397572884 0.36977454309603552 -0.049804114967765878 -0.051698556281744072 -0.031599352325111019 0.073780675105789853 0.066894308066544464 0.11484431768000257 0.21421783412435041 0.035938186680327798 -0.06667545854508479 0.011964520807660906 0.23860610528086257 0.30384978065433349 0.16079670603856072 -0.034278743369190505 0.003257894266153949 0.26331429645924537 -0.037878844431452154 0.6861084398321573 0.079357811098671238 0.3525306483830708 -0.048075718790633819 0.093622400893032962 -0.029785942825630431 -0.0052697625948268994 -0.064740468488058547
leaf_weight=27778 61632 34697 5310 36156 11141 17394 13931 55745 43457 22096 2949 14370 22325 2696 40343 8325 4894 3453 625 513 333 59870 10511 10706 7554 11545 263 2737 13144 12925
leaf_count=27778 41072 27715 3132 26938 9551 9886 12161 36607 32043 21284 2909 12122 17687 2442 28261 5817 4772 2063 625 199 119 39364 9155 7218 5788 7033 103 2693 12454 7851
internal_value=-0.00131968 0.00507319 -0.013643 0.00171354 0.0122757 -0.021641 -0.00115236 -0.0101489 0.00428819 0.0101951 0.0184599 0.0115375 0.00289253 -0.000356415 -0.000100256 0.0100952 0.0130212 0.00682903 0.00917983 -0.0118912 0.00447028 -0.0119951 0.02043 0.004334 0.0144089 -0.00962177 -0.00110065 0.000943569 0.0013977 -0.0185634
internal_weight=559418 368338 191080 251176 117162 58097 118865 132983 132311 87667 29495 65571 85401 104934 102238 43647 7843 46910 35322 77238 47195 76725 21652 46862 21924 16855 61895 38206 35469 30319
internal_count=416842 284992 131850 185254 99738 45515 84039 86335 101215 73351 26387 52067 67109 71878 69436 34157 7681 34106 28340 49728 34275 49529 18706 34156 17910 10165 41175 32834 30141 17737
is_linear=0
shrinkage=0.05


Tree=27
num_leaves=31
num_cat=0
split_feature=10 10 10 10 10 10 10 4 4 4 10 4 6 5 10 10 8 10 8 5 10 10 5 6 8 4 10 7 10 5
split_gain=16823.2 3177.17 2287.01 876.313 436.007 241.941 200.537 182.74 170.974 160.266 159.045 154.101 135.961 126.903 114.817 106.503 95.3798 91.1361 76.3691 62.6501 63.5265 60.2609 57.8074 56.6203 56.4773 47.0898 45.2473 44.6305 38.146 37.6253
threshold=3.9621054757080643 11.54565199704273 1.1823175294197679 24.582108491562828 6.3945617842592934 1.0000000180025095e-35 35.7025352060625 5.5000000000000009 5.5000000000000009 5.5000000000000009 2.8067442809617451 4.5000000000000009 0.15000000000000005 1.0000000180025095e-35 1.6636761477057405 1.5575311628460653 1.3373556231003043 8.8657064708310411 1.3292396313364059 1.0000000180025095e-35 14.429601974265035 18.561022771999927 1.0000000180025095e-35 0.35000000000000003 1.6028571428571434 5.5000000000000009 1.890397441731517 27.750000000000004 0.64054847581383256 1.0000000180025095e-35
decision_type=2 2 2 2 2 2 2 2 2 2 2 2 2 2 2 2 2 2 2 2 2 2 2 2 2 2 2 2 2 2
left_child=2 4 5 9 7 -1 11 22 13 12 14 -5 18 16 15 -4 17 -6 21 20 -14 -3 27 -19 26 -17 -16 -2 -7 -12
right_child=1 3 10 6 8 28 -8 -9 -10 -11 29 -13 19 -15 24 25 -18 23 -20 -21 -22 -23 -24 -25 -26 -27 -28 -29 -30 -31
leaf_value=-0.094813909219377587 0.0041065518964478629 0.077315670605482112 -0.045671932851102118 0.3090694557329588 0.018572001460063794 -0.047313909219377587 0.58917275599573704 -0.058707407223500277 -0.018272253127325434 0.032060332968586194 -0.029878308153172297 0.10566448255998839 0.12831986801155543 -0.040740567287785238 -0.072092082093754825 -0.045671932851102118 0.24145779392739219 0.052333103643305103 0.65594333208172839 -0.0040655160105910419 0.224048576849256 0.13970039793651826 -0.061054452379461124 0.089328299474796147 0.0030949995528462451 -0.093473102390011636 -0.035595446741129577 -0.0098326349463083509 -0.061503445063655619 -0.11720727934086383
leaf_weight=27893 14109 44251 14345 22758 53888 17286 14528 10018 14848 13658 54851 7976 11615 2837 7343 6359 675 42727 625 1159 20091 20872 1923 12032 481 877 47930 58260 13057 1303
leaf_count=27893 8909 35629 8263 19100 38316 9806 13032 8632 13726 13352 35655 7866 8223 2761 5087 4383 265 31847 239 1143 14803 18120 1705 7978 189 749 31130 39760 7929 1079
internal_value=-0.00135669 0.00488817 -0.0133708 0.0102628 0.000881496 -0.0216387 0.0161361 -0.00190606 0.00273194 0.00789496 -0.00976391 0.0138479 0.008598 0.00339942 -0.0112346 -0.00813795 0.00367035 0.00355394 0.00728539 0.0112239 0.0116413 0.00711845 -0.00105126 0.0049905 -0.0124332 -0.00319237 -0.0125816 -0.000823902 -0.0185488 -0.00773854
internal_weight=560575 368850 191725 157533 211317 58236 45262 84310 127007 112271 133489 30734 98613 112159 77335 21581 109322 108647 65748 32865 31706 65123 74292 54759 55754 7236 55273 72369 30343 56154
internal_count=417569 285406 132163 131507 153899 45628 39998 59006 94893 91509 86535 26966 78157 81167 49801 13395 78406 78141 53988 24169 23026 53749 50374 39825 36406 5132 36217 48669 17735 36734
is_linear=0
shrinkage=0.05


Tree=28
num_leaves=31
num_cat=1
split_feature=10 10 10 10 10 10 4 4 10 4 10 10 10 10 6 5 8 8 4 5 0 4 10 5 10 5 8 4 6 8
split_gain=15804.7 2870.4 2137.13 883.343 415.616 316.093 251.448 165.639 135.522 134.904 115.343 114.149 103.236 83.2212 75.6962 65.8364 63.9509 62.3242 70.2875 59.4566 54.0234 52.1934 51.2614 50.1446 48.4343 48.029 47.3296 46.538 46.4221 46.1851
threshold=3.9621054757080643 18.213214273438592 1.1823175294197679 8.8657064708310411 33.597254758644205 1.0000000180025095e-35 5.5000000000000009 4.5000000000000009 2.8067442809617451 4.5000000000000009 1.6636761477057405 6.0853584729761527 1.5011974239266535 24.361925715711326 1.7500000000000002 1.0000000180025095e-35 1.6028571428571434 1.5018371184724435 1.0000000180025095e-35 1.0000000180025095e-35 0 5.5000000000000009 6.3945617842592934 1.0000000180025095e-35 11.19462565095102 1.0000000180025095e-35 1.3373556231003043 5.5000000000000009 0.15000000000000005 2.4661403508771937
decision_type=2 2 2 2 2 2 2 2 2 2 2 2 2 2 2 2 2 2 2 2 1 2 2 2 2 2 2 2 2 2
left_child=2 3 5 6 7 -1 11 13 10 14 12 19 -4 28 15 17 -12 18 -5 -2 24 25 -8 26 -20 -6 -13 -14 -3 -10
right_child=1 4 8 9 21 -7 22 -9 29 -11 16 23 27 -15 -16 -17 -18 -19 20 -21 -22 -23 -24 -25 -26 -27 -28 -29 -30 -31
leaf_value=-0.09007321375840871 -0.0088544954319605303 0.1418695554188652 -0.041848588222786032 0.038339509127656338 0.5723443800407626 -0.048366919290180194 -0.055772036862325264 0.08337711883483899 -0.028386705475934717 0.019436510023904275 -0.033815674404073091 0.018458944601301486 -0.043388336208547013 0.27493900181212522 0.1446137867091597 -0.045106647354619778 0.002940249575203913 0.36692009899434419 0.069080048205767589 -0.086408324803747147 0.058355904556338614 0.20971411819595023 -0.028552879676926282 -0.033220742520837468 0.13234113898116881 0.086911203075476173 0.13957664155574967 -0.088799447270511062 0.24747748223499499 0.069701971043970273
leaf_weight=27754 60987 17983 11742 18361 14748 30194 9874 17432 55892 33325 55455 64852 8643 22867 6524 1450 507 455 22585 1612 22823 2332 7444 1700 29868 454 404 1253 9785 185
leaf_count=27754 40651 15015 6654 14387 13096 17680 8564 16968 36688 30485 36179 46064 5739 19041 4082 1434 197 159 15825 1438 17335 2314 6714 1614 21764 454 158 977 7251 69
internal_value=-0.00148483 0.00458042 -0.0131284 0.00214817 0.0126006 -0.0211483 -0.000537369 0.0108323 -0.00965181 0.00506145 -0.0110052 0.000219019 -0.00790507 0.0122795 0.0059633 0.00560748 -0.0122038 0.00577042 0.00568071 -0.00131592 0.00635727 0.019465 -0.00619587 0.00165407 0.00724177 0.0205335 0.00187492 -0.00414309 0.0104401 -0.00777904
internal_weight=559490 367865 191625 282264 85601 57948 146873 68067 133677 135391 77600 129555 21638 50635 102066 95542 55962 94092 93637 62599 75276 17534 17318 66956 52453 15202 65256 9896 27768 56077
internal_count=416750 284813 131937 210674 74139 45434 105203 58275 86503 105471 49746 89925 13370 41307 74986 70904 36376 69470 69311 42089 54924 15864 15278 47836 37589 13550 46222 6716 22266 36757
cat_boundaries=0 1
cat_threshold=10
is_linear=0
shrinkage=0.05


Tree=29
num_leaves=31
num_cat=0
split_feature=10 10 10 10 10 10 10 4 11 4 5 5 4 10 4 10 10 4 10 4 10 5 8 10 10 10 12 8 7 10
split_gain=15163.6 2765.03 2274.8 722.157 435.873 304.79 218.223 198.035 180.912 173.237 128.238 100.164 110.482 98.7315 95.7425 105.197 94.8619 82.4518 81.8385 85.5071 74.7765 70.1956 69.5983 56.8826 47.1031 60.0209 45.9695 43.7718 44.4738 42.3113
threshold=3.9621054757080643 17.483653594870933 1.1823175294197679 7.6085486913991369 31.625954577558051 1.0000000180025095e-35 3.0586901493901317 5.5000000000000009 105.50000000000001 5.5000000000000009 1.0000000180025095e-35 1.0000000180025095e-35 5.5000000000000009 10.363083932572797 4.5000000000000009 1.6636761477057405 1.5575311628460653 5.5000000000000009 3.4044802797522777 5.5000000000000009 5.5914438622388394 1.0000000180025095e-35 1.6028571428571434 2.7713669531249203 4.3922884480981041 4.626224030660615 100.84226418584986 1.5817813765182189 27.750000000000004 38.298474834336503
decision_type=2 2 2 2 2 2 2 2 2 2 2 2 2 2 2 2 2 2 2 2 2 2 2 2 2 2 2 2 2 2
left_child=2 3 5 7 8 -1 14 20 11 10 13 12 26 -5 15 16 -4 21 19 -8 24 29 23 -17 -2 -26 -3 28 -15 -6
right_child=1 4 6 9 17 -7 18 -9 -10 -11 -12 -13 -14 27 -16 22 -18 -19 -20 -21 -22 -23 -24 -25 25 -27 -28 -29 -30 -31
leaf_value=-0.085569553070488261 0.0016818709610449734 0.16190240464091252 -0.041218919398119662 0.039095296363313548 0.37026722542629714 -0.042529867793899702 -0.034020204256201801 -0.043899013144209013 0.25936950403636988 -0.00091535666804034579 -0.031903814006632912 -0.030564454892037941 0.03747949440637717 0.1301898753256821 -0.06440371141734591 -0.032124890683869436 -0.041218919398119662 0.18254424953222781 -0.021658808926620445 -0.055796721480319805 0.0093100669100260724 0.042605263264834652 0.0045616919204360508 -0.026965057471716937 -0.011512536642712191 -0.014739214475266049 0.072085393063979458 0.38378767068769704 0.071030192066200204 0.64372716103872463
leaf_weight=27934 18510 35767 10653 57354 10054 30393 11216 13965 19635 18692 3634 1586 7764 15098 24156 38698 5367 2848 27295 1500 55117 576 327 14058 9150 21835 4237 304 63940 8344
leaf_count=27934 12260 29945 5885 41316 8766 17735 7486 12133 15655 17824 3584 1586 7694 10654 17244 24404 3635 2826 18031 1260 38577 576 115 8344 5690 15211 3905 106 49252 7476
internal_value=-0.00158565 0.00434774 -0.0129946 0.00187023 0.0119212 -0.0212299 -0.00939034 -0.00108305 0.00997297 0.00407239 0.0046747 0.00835799 0.00876842 0.00492114 -0.0107156 -0.00976839 -0.00621723 0.0180804 -0.00630139 -0.00298836 -0.000336481 0.0192711 -0.0108401 -0.0109826 -0.00174715 -0.00293933 0.00982777 0.00606362 0.00599079 0.0198092
internal_weight=560007 368410 191597 277599 90811 58327 133270 118577 68989 159022 140330 49354 47768 136696 93259 69103 16020 21822 40011 12716 104612 18974 53083 52756 49495 30985 40004 79342 79038 18398
internal_count=417109 285036 132073 206607 78429 45669 86404 83871 58785 122736 104912 43130 41544 101328 59627 42383 9520 19644 26777 8746 71738 16818 32863 32748 33161 20901 33850 60012 59906 16242
is_linear=0
shrinkage=0.05


Tree=30
num_leaves=31
num_cat=0
split_feature=10 10 10 10 10 10 10 4 11 11 11 4 4 10 10 10 6 5 5 10 10 10 10 4 8 11 6 8 4 4
split_gain=14185.9 2536.2 2483.63 628.833 419.907 301.905 202.791 181.259 163.131 159.984 101.357 95.9707 90.7922 76.1533 115.887 77.456 67.7186 61.9355 60.7619 57.9801 98.0473 56.7926 63.8599 57.9566 56.522 54.0148 51.2045 47.0421 46.3051 44.9987
threshold=3.9621054757080643 17.483653594870933 1.1823175294197679 7.6085486913991369 30.515850012204059 1.0000000180025095e-35 2.9356540960527169 4.5000000000000009 111.50000000000001 46.500000000000007 100.50000000000001 3.5000000000000004 3.5000000000000004 1.6636761477057405 1.5575311628460653 1.890397441731517 1.0000000180025095e-35 1.0000000180025095e-35 1.0000000180025095e-35 4.9221649363751565 4.3922884480981041 3.4044802797522777 3.0586901493901317 5.5000000000000009 1.6028571428571434 15.500000000000002 0.25000000000000006 1.3373556231003043 5.5000000000000009 5.5000000000000009
decision_type=2 2 2 2 2 2 2 2 2 2 2 2 2 2 2 2 2 2 2 2 2 2 2 2 2 2 2 2 2 2
left_child=2 3 5 7 8 -1 13 18 11 12 28 -3 27 14 -4 -15 -11 26 19 20 -2 22 -8 -24 -17 -9 -13 -5 -6 -16
right_child=1 4 6 9 10 -7 21 25 -10 16 -12 17 -14 15 29 24 -18 -19 -20 -21 -22 -23 23 -25 -26 -27 -28 -29 -30 -31
leaf_value=-0.081291075416963843 0.0022947367551305223 0.16803563561323476 -0.039157973428213678 0.050889392015384519 0.29366986075474344 -0.043822079935976199 -0.032114365298393198 -0.050232203111998566 0.2559999527472675 0.055221828597514927 0.51154080298678828 0.068247813434252444 0.0071540195880319237 -0.063576508697996123 -0.03645898584149139 -0.030518646149675966 0.09956430543619553 -0.030827411614012146 -0.059093429218316909 0.0083940515465911868 -0.01093690981057658 -0.02057586848028943 -0.032457957868653776 -0.053006885406303807 0.0057252800030729301 -0.013734911678110652 0.14726884253956243 0.21618887549497981 0.090101199809541302 -0.081139289336118206
leaf_weight=27752 15451 28365 14326 53850 8167 30351 7471 11285 15799 34040 14439 15822 44097 7384 6344 56303 27033 1576 1299 57993 14351 27333 11348 1559 500 18437 4650 357 2320 876
leaf_count=27752 9987 23207 8224 39484 7479 17739 4583 9563 12415 26262 12609 15038 38305 5102 4322 36293 18871 1576 1185 39185 9225 18031 7578 1289 198 14801 4098 129 2314 738
internal_value=-0.00156086 0.00416571 -0.0126025 0.00179417 0.0114047 -0.0212308 -0.00884566 -0.000959046 0.00932233 0.0038467 0.0169361 0.00793297 0.00259806 -0.0102997 -0.00772765 -0.0111631 0.00585652 0.00545854 0.000168923 0.000327752 -0.00146467 -0.00623284 -0.00423496 -0.00210545 -0.0105369 -0.00434022 0.00619383 0.00396858 0.0131949 -0.00256233
internal_weight=560878 369331 191547 278193 91138 58103 133444 118816 66212 159377 24926 50413 98304 85733 21546 64187 61073 22048 89094 87795 29802 47711 20378 12907 56803 29722 20472 54207 10487 7220
internal_count=417582 285733 131849 206997 78736 45491 86358 83946 56334 123051 22402 43919 77918 54877 13284 41593 45133 20712 59582 58397 19212 31481 13450 8867 36491 24364 19136 39613 9793 5060
is_linear=0
shrinkage=0.05


Tree=31
num_leaves=31
num_cat=0
split_feature=10 10 10 10 10 10 10 11 4 11 4 5 12 11 12 3 5 10 10 10 10 10 10 10 10 12 4 4 6 10
split_gain=13661.1 2557.9 2338.75 602.422 380.776 306.626 256.604 170.537 147.991 143.486 102.158 109.764 84.4421 72.4603 73.1932 70.948 63.6415 62.7516 118.122 76.6904 61.8894 57.2058 94.0728 60.6921 56.3723 53.4161 52.2184 45.2093 44.6114 44.4028
threshold=3.9621054757080643 1.1823175294197679 18.213214273438592 7.6085486913991369 33.597254758644205 1.0000000180025095e-35 2.9561289692310813 46.500000000000007 4.5000000000000009 114.50000000000001 5.5000000000000009 1.0000000180025095e-35 43.84459045886306 31.500000000000004 25.103182446059446 79.500000000000014 1.0000000180025095e-35 1.6636761477057405 1.5575311628460653 2.1093273027843895 39.250810790459042 4.9687235835310579 4.3922884480981041 4.626224030660615 3.4044802797522777 111.6900290949787 2.5000000000000004 4.5000000000000009 0.15000000000000005 26.67397735682005
decision_type=2 2 2 2 2 2 2 2 2 2 2 2 2 2 2 2 2 2 2 2 2 2 2 2 2 2 2 2 2 2
left_child=1 5 3 8 9 -1 17 12 16 10 11 25 13 14 -5 -9 21 18 -3 -19 26 22 -2 -24 -8 29 -6 -20 -11 -4
right_child=2 6 4 7 20 -7 24 15 -10 28 -12 -13 -14 -15 -16 -17 -18 19 27 -21 -22 -23 23 -25 -26 -27 -28 -29 -30 -31
leaf_value=-0.077226521646115653 0.0021799999173739873 -0.037200074756803002 0.13921846095204468 0.049368997841108535 0.46400336910714501 -0.041630975939177396 -0.031800195708211423 0.088031521236062643 -0.023926365426691732 0.19985342742956719 0.033397952678634192 -0.031982516671236819 -0.003116789346264959 0.060052406805974547 0.00065505930997220583 0.040242413422148543 -0.056201257757401063 -0.029382169310942154 -0.037335024136139115 -0.028992713842192177 0.5689119770651393 0.0071460095972508686 -0.010390064320047765 -0.0089593694019534983 -0.019547075056274954 0.044270743686193909 0.22660378738987791 -0.07708232486931231 0.39106982555495567 0.23760043171349254
leaf_weight=27899 15290 14284 30714 21291 4503 30396 18045 46014 29835 10108 7876 1647 21388 31980 24142 19468 1323 16375 5488 50398 7510 56617 7627 8166 27211 3365 5619 1856 5642 8545
leaf_count=27899 9880 8214 25520 16251 3831 17748 11975 33716 24447 8618 7822 1647 18710 23366 20128 15080 1213 10727 3692 32554 6844 38337 4645 5572 17969 3127 5259 1472 3896 7487
internal_value=-0.00165843 -0.0124753 0.00397347 0.00178471 0.0112193 -0.0212149 -0.00866341 0.00374643 -0.000926736 0.0095192 0.00825599 0.00918942 0.00243494 0.00320327 0.00191986 0.00572524 9.46385e-05 -0.0102309 -0.00789023 -0.0109891 0.017766 0.000258837 -0.00146463 -0.00417115 -0.00560147 0.00967882 0.0152144 -0.00273693 0.0137016 0.010197
internal_weight=560622 191952 368670 283141 85529 58295 133657 164283 118858 67897 52147 44271 98801 77413 45433 65482 89023 88401 21628 66773 17632 87700 31083 15793 45256 42624 10122 7344 15750 39259
internal_count=417646 132250 285396 211345 74051 45647 86603 127251 84094 58117 45603 37781 78455 59745 36379 48796 59647 56659 13378 43281 15934 58434 20097 10217 29944 36134 9090 5164 12514 33007
is_linear=0
shrinkage=0.05


Tree=32
num_leaves=31
num_cat=0
split_feature=10 10 10 10 10 10 11 10 4 4 4 10 6 10 8 12 11 5 3 4 12 10 8 4 6 6 8 11 11 4
split_gain=12949.1 2668.33 1672.45 833.909 386.65 304.996 218.889 180.863 147.82 126.556 123.887 113.73 106.313 99.6735 94.5386 76.845 73.2189 72.6679 63.0409 57.1151 56.0058 54.6507 51.7918 48.3849 46.5588 44.6728 44.3763 43.3203 38.1969 37.8246
threshold=3.0586901493901317 9.8942385301383364 0.43519700344886553 26.024200659470726 4.9687235835310579 1.4227507702095894 59.500000000000007 38.298474834336503 3.5000000000000004 4.5000000000000009 5.5000000000000009 1.6636761477057405 0.65000000000000002 2.1093273027843895 1.266648351648352 54.496508047678212 41.500000000000007 1.0000000180025095e-35 81.500000000000014 4.5000000000000009 40.818295860272123 1.5575311628460653 1.3373556231003043 3.5000000000000004 2.0000000000000004 0.65000000000000002 1.6028571428571434 130.50000000000003 32.500000000000007 4.5000000000000009
decision_type=2 2 2 2 2 2 2 2 2 2 2 2 2 2 2 2 2 2 2 2 2 2 2 2 2 2 2 2 2 2
left_child=2 4 -1 6 10 29 15 9 22 25 17 19 14 23 18 16 20 -2 27 21 -3 -7 24 -13 -6 -5 -15 -8 -10 -4
right_child=1 3 5 7 8 11 12 -9 28 -11 -12 13 -14 26 -16 -17 -18 -19 -20 -21 -22 -23 -24 -25 -26 -27 -28 -29 -30 -31
leaf_value=-0.073365195563809868 -0.010567520446183165 0.056910652599127781 -0.036130721610447052 0.23831240071012927 0.015285087833932476 -0.035417058418250914 0.10384272303885744 0.50751816398419203 -0.017727311379375398 0.085732432092408051 -0.054637051097570846 -0.027523605376645069 0.20156310208409156 -0.02754307815008257 0.56374246424970964 0.012204146576883068 0.095033123475475198 -0.092663583974377517 0.045026063697642817 -0.032718070831528626 0.0078803839166817543 -0.035468272929332169 0.11816732533740365 -0.062934707100572959 0.048096362812800122 0.5066209652084066 0.0068886516950288808 0.30557862844148859 0.0048192248103345664 -0.039549427142218534
leaf_weight=30064 71264 33698 24125 18210 77276 6670 40500 9956 35512 7562 9715 9645 10206 54797 827 17701 24602 1893 10663 4123 12788 5362 546 6584 4067 3191 492 1932 17540 9103
leaf_count=29252 46362 26872 13729 15784 53372 3632 33182 9046 29256 7428 8107 6019 7078 35265 359 15815 18372 1619 8849 2933 11260 3620 218 4624 2369 2361 192 1386 13402 5617
internal_value=-0.00157443 0.00303864 -0.0140922 0.00733856 -0.000748463 -0.0114679 0.00567546 0.013873 0.000902431 0.0118746 -0.00343663 -0.00992181 0.00790138 -0.0107777 0.00701569 0.00406779 0.00480179 -0.00273214 0.0067544 -0.00613278 0.00363443 -0.00439245 0.00223443 -0.014223 0.00213141 0.0138393 -0.00976641 0.00761807 -0.00115359 -0.0155471
internal_weight=560614 409649 150965 191836 217813 120901 152917 38919 134941 28963 82872 87673 64128 71518 53922 88789 71088 73157 53095 16155 46486 12032 81889 16229 81343 21401 55289 42432 53052 33228
internal_count=417380 312497 104883 157792 154705 75631 123173 34619 98617 25573 56088 56285 50854 46100 43776 72319 56504 47981 43417 10185 38132 7252 55959 10643 55741 18145 35457 34568 42658 19346
is_linear=0
shrinkage=0.05


Tree=33
num_leaves=31
num_cat=0
split_feature=10 10 10 10 10 10 11 10 10 5 10 8 6 6 3 5 8 10 11 11 12 8 11 8 12 11 12 11 12 12
split_gain=12742.5 2449.22 1695.94 748.631 384.612 320.382 172.187 169.609 109.881 97.7 90.5394 87.3656 89.1456 86.915 74.3631 66.3151 62.1058 60.7373 56.9858 55.2389 55.5367 53.2216 51.2608 48.1834 48.0855 64.724 47.3169 59.0983 46.5009 45.4232
threshold=3.0586901493901317 10.363083932572797 0.43519700344886553 25.509726429033723 5.5914438622388394 1.4227507702095894 70.500000000000014 38.298474834336503 1.6636761477057405 1.0000000180025095e-35 2.1093273027843895 1.1230769230769233 0.15000000000000005 0.15000000000000005 78.500000000000014 1.0000000180025095e-35 1.4300460829493093 1.5575311628460653 126.50000000000001 105.50000000000001 109.41128370308739 1.5608510638297877 28.500000000000004 1.6028571428571434 120.56933893294615 144.50000000000003 79.506182294132401 46.500000000000007 43.84459045886306 81.808669135871241
decision_type=2 2 2 2 2 2 2 2 2 2 2 2 2 2 2 2 2 2 2 2 2 2 2 2 2 2 2 2 2 2
left_child=2 4 -1 6 15 -4 13 9 17 19 -10 12 -6 16 18 21 26 -7 29 20 -5 -2 -14 -12 -21 -26 27 28 -3 -8
right_child=1 3 5 7 11 8 14 -9 10 -11 23 -13 22 -15 -16 -17 -18 -19 -20 24 -22 -23 -24 -25 25 -27 -28 -29 -30 -31
leaf_value=-0.069696935785619377 -0.015337321615157684 0.045083119892540151 -0.034324185529924701 0.18337509286751638 0.0022147985724858101 -0.03364620549733837 0.17403545888990168 0.48214225578498254 -0.026536880576562782 -0.068771229006254056 -0.026165924242578444 0.17817589266954198 0.0079855563338100399 0.081398828552939284 0.071601042004672349 -0.086608404544967502 0.39535792414380055 -0.033694859282865551 0.35198966491602413 0.41255493452585146 0.025578950747852148 0.067773726107354285 0.044786989090811247 0.0066214617258011661 0.11452097112720666 0.3371038526897378 -0.022261287752011416 0.067214237418374984 -0.0015530067389378567 0.1004716019066569
leaf_weight=30241 93678 22965 33298 14100 87472 9078 11959 9944 16129 787 54915 826 18883 31455 13580 2229 328 7344 3086 3912 2035 498 21880 497 4523 5055 3252 25767 13307 17019
leaf_count=29435 63498 18815 19318 12698 66510 5138 8753 9114 10587 787 35361 362 13961 24059 10836 1917 116 5166 2086 3080 2011 206 14448 197 4229 4103 3148 20703 12047 14531
internal_value=-0.0016647 0.00292811 -0.0140496 0.0072244 -0.000560395 -0.0114078 0.00552418 0.0132372 -0.00982657 0.0113837 -0.0106733 0.00122442 0.00112001 0.00433329 0.00805692 -0.0029498 0.00329744 -0.00613811 0.00937032 0.0118456 0.0098714 -0.00274805 0.00305117 -0.0097136 0.0142068 0.012299 0.00318842 0.00349659 0.00219591 0.00868245
internal_weight=560042 408540 151502 183074 225466 121261 142718 40356 87963 30412 71541 129061 128235 97074 45644 96405 65619 16422 32064 29625 16135 94176 40763 55412 13490 9578 65291 62039 36272 28978
internal_count=417220 312018 105202 151116 160902 75767 115094 36022 56449 26908 46145 95281 94919 78888 36206 65621 54829 10304 25370 26121 14709 63704 28409 35558 11412 8332 54713 51565 30862 23284
is_linear=0
shrinkage=0.05


Tree=34
num_leaves=31
num_cat=0
split_feature=10 10 10 10 10 10 11 4 4 4 4 6 6 4 10 5 5 6 11 5 4 10 6 6 10 10 10 10 10 5
split_gain=12152.4 2247.3 1764.95 550.756 545.117 224.371 175.964 144.721 107.821 103.386 91.2268 81.2731 80.2597 72.0858 70.6499 68.685 66.5731 66.7811 60.7104 59.2177 51.4324 72.3956 49.7756 39.9029 39.2763 38.257 119.112 38.8431 55.1598 38.1643
threshold=3.0586901493901317 12.399205979568578 0.43519700344886553 31.300034989276025 5.4329401144986091 0.76340990904344486 100.50000000000001 4.5000000000000009 4.5000000000000009 2.5000000000000004 5.5000000000000009 0.15000000000000005 2.0000000000000004 1.0000000180025095e-35 39.250810790459042 1.0000000180025095e-35 1.0000000180025095e-35 0.25000000000000006 33.500000000000007 1.0000000180025095e-35 5.5000000000000009 2.1451516708369236 0.15000000000000005 0.25000000000000006 43.798720862826471 3.5811114591422091 3.8782405322286877 4.3922884480981041 4.626224030660615 1.0000000180025095e-35
decision_type=2 2 2 2 2 2 2 2 2 2 2 2 2 2 2 2 2 2 2 2 2 2 2 2 2 2 2 2 2 2
left_child=2 4 -1 6 10 -4 9 12 14 13 15 -8 18 -3 -5 25 17 -11 29 20 22 -22 -7 -9 -10 -2 -27 -28 -29 -6
right_child=1 3 5 8 7 19 11 23 24 16 -12 -13 -14 -15 -16 -17 -18 -19 -20 -21 21 -23 -24 -25 -26 26 27 28 -30 -31
leaf_value=-0.066212088996338403 -0.024064984743896289 0.061739006206855511 -0.032607976253428463 0.31328057339363302 0.016328737581215249 -0.027461273800231514 0.13006562691686971 -0.0098403694667584148 0.12424886729732521 0.042624049102481014 -0.049560677486476017 0.26873666104690186 0.070351778997255296 0.15684835619883045 0.55803514299573342 -0.082277984317719141 -0.025050677133646639 0.10416692909379051 0.039885822628236679 -0.081963895222471453 -0.058461127716716167 -0.076182374649996942 -0.02482058107898466 0.014352741534406932 0.42453558704017369 -0.017274479200394179 0.002554047033117568 -0.0085753190009783438 -0.010322565436138565 -0.04315703668085407
leaf_weight=30224 16881 13326 21186 11590 56278 59048 16631 34025 5299 39291 11156 8512 7615 26681 5465 2158 2750 11657 64110 2347 5866 6371 25866 8743 919 15790 19918 8985 19582 1440
leaf_count=29378 11151 10954 11452 10064 40058 37352 14033 30027 5169 35245 9290 6006 4631 19827 4835 1848 2736 9545 45138 1867 4348 4899 15490 7307 895 9750 13174 5499 13478 1378
internal_value=-0.00169659 0.00277971 -0.0138227 0.00785792 7.34023e-05 -0.0111166 0.00648055 0.00174771 0.0148917 0.00548397 -0.00297872 0.0101947 0.00258087 0.00740808 0.0169466 -0.00241016 0.00405043 0.00445945 0.00226959 -0.0101218 -0.00993222 -0.0129627 -0.00949549 -0.000773943 0.00925539 -0.00217606 -0.0027324 -0.00150407 -0.00268579 0.00109325
internal_weight=559710 408802 150908 142121 266681 120684 118848 172211 23273 93705 94470 25143 129443 40007 17055 83314 53698 50948 121828 99498 97151 12237 84914 42768 6218 81156 64275 48485 28567 57718
internal_count=416824 312038 104786 119309 192729 75408 98346 128539 20963 78307 64190 20039 91205 30781 14899 54900 47526 44790 86574 63956 62089 9247 52842 37334 6064 53052 41901 32151 18977 41436
is_linear=0
shrinkage=0.05


Tree=35
num_leaves=31
num_cat=0
split_feature=10 10 10 10 10 10 11 4 6 8 5 11 6 4 12 11 11 8 5 10 10 8 5 6 6 4 10 10 5 4
split_gain=11956.9 2061.01 1782.93 604.287 440.403 246.806 168.344 146.825 117.704 102.975 97.4317 94.3416 94.0859 90.0122 83.7321 99.1161 75.4291 61.7279 58.5018 56.3543 144.807 56.1836 51.668 50.1205 49.8918 49.549 43.7439 84.9816 40.2983 37.511
threshold=3.0586901493901317 14.061551343524883 0.43519700344886553 5.5914438622388394 34.905210870434537 0.76340990904344486 100.50000000000001 5.5000000000000009 2.0000000000000004 1.3812987012987017 1.0000000180025095e-35 33.500000000000007 0.15000000000000005 4.5000000000000009 109.41128370308739 140.50000000000003 110.50000000000001 1.6028571428571434 1.0000000180025095e-35 3.5811114591422091 3.8782405322286877 1.3292396313364059 1.0000000180025095e-35 1.0000000180025095e-35 0.15000000000000005 5.5000000000000009 4.3922884480981041 4.626224030660615 1.0000000180025095e-35 2.5000000000000004
decision_type=2 2 2 2 2 2 2 2 2 2 2 2 2 2 2 2 2 2 2 2 2 2 2 2 2 2 2 2 2 2
left_child=2 3 -1 13 6 -4 10 8 9 11 12 22 21 18 -8 -16 29 24 19 -2 -21 25 -5 -13 -7 -3 -22 -28 -26 -6
right_child=1 4 5 7 16 17 14 -9 -10 -11 -12 23 -14 -15 15 -17 -18 -19 -20 20 26 -23 -24 -25 28 -27 27 -29 -30 -31
leaf_value=-0.062901484546521488 0.0032523261331149468 0.075722850258438085 -0.030977577440757045 0.010161672913761511 0.36772779408384509 -0.028026793325073698 0.26648828614530656 -0.015628550529782761 0.075515585602411658 0.18613586236803814 -0.036147394025048123 0.025812880859456655 0.13641143436151668 -0.04240032337186786 0.081926079141867628 0.25102299854951848 0.49761654472395134 0.007586209713998926 -0.091801325353272442 -0.016410755240374452 0.0032385396729164295 0.70081728917946773 -0.03552061528132016 0.050109767512449693 -0.023616598976500303 0.014471237012715844 -0.0081465530509294403 -0.0043250305569819238 -0.077865700461347886 0.18477091385855751
leaf_weight=30171 14672 41264 21185 68984 2428 68916 8736 22672 8895 958 2341 50735 23225 24405 10800 8242 8653 582 1077 13237 16989 411 3250 37854 28839 8668 7557 18394 1217 4675
leaf_count=29403 9480 35364 11483 50616 2178 45094 6454 21018 5377 386 2341 37963 18443 18973 9600 6414 7529 226 957 8117 11083 191 3120 26562 17755 8574 4567 12404 969 4509
internal_value=-0.00178061 0.00265654 -0.0138099 0.000377746 0.00818319 -0.0110931 0.00699967 0.00198968 0.00249186 0.00218397 0.00578094 0.00208661 0.00610048 -0.0028576 0.0103301 0.00847075 0.0159717 -0.0100503 -0.0019673 -0.00179149 -0.00251215 0.00488598 0.000745494 0.00318014 -0.0101458 0.00473444 -0.0011027 -0.00239393 -0.0084459 0.0121533
internal_weight=560032 409122 150910 289679 119443 120739 103687 193348 170676 161781 75909 160823 73568 96331 27778 19042 15756 99554 71926 70849 56177 50343 72234 88589 98972 49932 42940 25951 30056 7103
internal_count=417150 312220 104930 210623 101597 75527 87381 145042 124024 118647 64913 118261 62572 65581 22468 16014 14216 64044 46608 45651 36171 44129 53736 64525 63818 43938 28054 16971 18724 6687
is_linear=0
shrinkage=0.05


Tree=36
num_leaves=31
num_cat=0
split_feature=10 10 10 10 10 10 4 6 4 10 8 6 10 4 10 4 8 4 10 10 10 10 10 5 11 6 8 10 8 4
split_gain=11266.3 2001.15 1870.11 498.581 479.948 275.868 170.639 115.107 110.679 110.288 104.142 79.9996 78.0928 89.307 78.782 77.2354 76.8165 74.6962 67.656 52.7446 51.074 155.911 43.3154 40.8322 40.0082 37.75 37.7337 36.9673 36.5995 36.2
threshold=3.0586901493901317 12.399205979568578 0.43519700344886553 26.67397735682005 5.5914438622388394 0.76340990904344486 4.5000000000000009 0.65000000000000002 4.5000000000000009 38.298474834336503 1.266648351648352 2.0000000000000004 1.6636761477057405 4.5000000000000009 1.5575311628460653 4.5000000000000009 1.3812987012987017 4.5000000000000009 2.1093273027843895 8.8657064708310411 3.5811114591422091 3.8378549475690407 43.798720862826471 1.0000000180025095e-35 87.500000000000014 0.65000000000000002 1.5089598997493738 1.1823175294197679 1.6028571428571434 1.0000000180025095e-35
decision_type=2 2 2 2 2 2 2 2 2 2 2 2 2 2 2 2 2 2 2 2 2 2 2 2 2 2 2 2 2 2
left_child=2 4 -1 7 15 -4 9 10 11 23 17 16 13 14 27 20 19 24 -14 -6 -2 -22 -8 25 -3 -5 -10 -7 -20 -21
right_child=1 3 5 6 8 12 22 -9 26 -11 -12 -13 18 -15 -16 -17 -18 -19 28 29 21 -23 -24 -25 -26 -27 -28 -29 -30 -31
leaf_value=-0.059756410319195409 0.0022198970103459283 0.066720692900978359 -0.029428698568719193 0.21130380654927114 0.0091350409694611837 -0.043313631949227306 0.089464344615832844 0.15533820443749821 -0.0048459949472535076 0.48460569657361713 0.58069040079435164 0.061938388823296102 -0.022435633191469375 -0.043142696672638731 -0.029235712962457017 -0.040669762672024448 0.17689636216231674 0.024646487089445304 -0.022083224674184266 0.0021960604787631512 -0.015590217478355718 -0.0071328187910332467 0.40496380910683921 -0.061284233394319904 0.12035781715027057 0.45557547344779031 0.17445803082140793 -0.029189491866206188 0.0072068992282989797 0.047406446910383426
leaf_weight=30336 14779 46059 20918 16116 64168 4968 8505 16101 41923 7343 793 7560 16247 7458 5421 24420 659 23892 54823 10715 11704 45653 890 322 19725 2775 275 10523 460 44629
leaf_count=29540 9635 36827 11308 13954 45020 3356 8347 11685 36649 6511 367 4610 10685 5218 3655 19008 251 22838 35327 8269 7062 30119 868 322 15685 2059 137 5853 180 32027
internal_value=-0.0018659 0.00244483 -0.0135302 0.00722718 -0.000112858 -0.0107434 0.0123189 0.00550952 0.00148665 0.0143678 0.00481629 0.0022201 -0.00965015 -0.00743038 -0.00575507 -0.00292783 0.00190624 0.00465676 -0.0105305 0.00181237 -0.00210505 -0.00278039 0.00652741 0.0123757 0.00552642 0.0126767 -0.000733447 -0.00757052 -0.00969692 0.00294341
internal_weight=560160 409006 151154 142521 266485 120818 35951 106570 169929 26556 90469 127731 99900 28370 20912 96556 120171 89676 71530 119512 72136 57357 9395 19213 65784 18891 42198 15491 55283 55344
internal_count=417372 312250 105122 119463 192787 75582 32061 87402 126963 22846 75717 90177 64274 18082 12864 65824 85567 75350 46192 85316 46816 37181 9215 16335 52512 16013 36786 9209 35507 40296
is_linear=0
shrinkage=0.05


Tree=37
num_leaves=31
num_cat=0
split_feature=10 10 10 10 10 10 11 4 6 4 12 12 11 10 4 8 4 10 10 11 10 11 11 5 12 8 6 5 10 10
split_gain=11141.4 1870.67 1730.58 494.428 386.537 269.919 152.95 128.472 94.1396 78.0461 74.802 71.7218 137.616 71.296 91.0548 77.5854 71.0915 69.6913 69.6448 65.1791 61.5073 52.1866 47.8001 44.8121 43.5043 41.2435 39.2671 37.5865 36.0967 117.084
threshold=3.0586901493901317 0.43519700344886553 14.061551343524883 5.5914438622388394 35.7025352060625 0.76340990904344486 87.500000000000014 4.5000000000000009 2.0000000000000004 4.5000000000000009 83.079552890282983 111.6900290949787 119.50000000000001 1.6636761477057405 4.5000000000000009 1.6028571428571434 3.5000000000000004 1.5862281902591664 9.5677424971558978 67.500000000000014 2.1093273027843895 108.50000000000001 164.50000000000003 1.0000000180025095e-35 139.17532916821509 1.5817813765182189 0.15000000000000005 1.0000000180025095e-35 3.5811114591422091 3.8378549475690407
decision_type=2 2 2 2 2 2 2 2 2 2 2 2 2 2 2 2 2 2 2 2 2 2 2 2 2 2 2 2 2 2
left_child=1 -1 3 16 6 -3 10 8 18 -6 19 21 -13 14 17 20 28 -7 -5 23 -15 -8 24 26 -14 -20 -4 -18 -2 -30
right_child=2 5 4 7 9 13 11 -9 -10 -11 -12 12 22 15 -16 -17 27 -19 25 -21 -22 -23 -24 -25 -26 -27 -28 -29 29 -31
leaf_value=-0.056768589803235639 0.0029787149759418876 -0.027957263640283239 0.05073444645581842 0.018453859612439682 0.43102227378106833 -0.027730017272895882 0.149563487897138 -0.003173406458316208 0.067492299381227833 0.17988442425541323 0.016398241593673469 0.011613969000997671 0.20638304329959431 -0.021313851531895911 -0.040320820349809015 0.010335010951353186 -0.033036290188982909 0.018466782548220807 0.044065145746270407 0.14856337595420718 -0.021331607793966059 0.28320222859772937 0.31511594160731771 -0.037949643257960908 0.068839368400402987 0.26584018859745412 0.11286142410891564 -0.073217377894617866 -0.01481070660443793 -0.0049787778186193956
leaf_weight=30304 11698 21263 26889 79716 10588 17554 13840 47776 8615 3869 13005 6538 5084 16108 7527 577 36368 3445 56914 10417 54697 5448 3616 1330 5543 253 12704 2210 9422 36592
leaf_count=29478 7566 11481 23519 55660 9222 10692 11288 41964 5215 3783 12305 6144 3912 10564 5269 223 26684 2267 42148 8197 35315 3932 2660 1330 5021 87 9928 1902 5600 23830
internal_value=-0.00194612 -0.0135278 0.00234915 0.000263845 0.00742885 -0.0107491 0.00636792 0.00172217 0.00246086 0.0150913 0.0048578 0.00879296 0.00675497 -0.00966039 -0.0075475 -0.0105047 -0.00266331 -0.00585623 0.00214179 0.00571582 -0.0106536 0.0109887 0.00951169 0.00481697 0.00782206 0.00347359 0.00512022 -0.004325 -0.00155254 -0.00218303
internal_weight=559910 151475 408435 289564 118871 121171 104414 193274 145498 14457 64345 40069 20781 99908 28526 71382 96290 20999 136883 51340 70805 19288 14243 40923 10627 57167 39593 38578 57712 46014
internal_count=417186 105289 311897 210656 101241 75811 88236 145074 103110 13005 55279 32957 17737 64330 18228 46102 65582 12959 97895 42974 45879 15220 11593 34777 8933 42235 33447 28586 36996 29430
is_linear=0
shrinkage=0.05


Tree=38
num_leaves=31
num_cat=0
split_feature=10 10 10 10 10 10 4 11 10 12 10 4 10 8 12 11 7 5 8 12 11 12 5 11 4 10 10 10 10 10
split_gain=10675.8 1929.9 1614.87 588.263 299.511 257.578 126.892 124.326 103.986 86.7841 72.6341 89.2028 78.4973 70.9838 67.609 89.1293 67.5467 75.9905 64.202 59.6713 58.291 60.0231 57.5574 56.6113 55.6665 50.7116 73.4812 59.1347 50.2914 46.8036
threshold=3.0586901493901317 0.43519700344886553 19.283264000169801 7.0604324497673554 0.76340990904344486 38.298474834336503 4.5000000000000009 44.500000000000007 4.9221649363751565 43.84459045886306 1.6636761477057405 4.5000000000000009 1.5575311628460653 1.3587841945288757 53.300255939201882 61.500000000000007 30.450000000000003 1.0000000180025095e-35 1.6028571428571434 79.506182294132401 28.500000000000004 30.350897387484789 1.0000000180025095e-35 108.50000000000001 5.5000000000000009 3.5811114591422091 3.7786714142501094 4.3922884480981041 4.0581111217109838 24.172519623648814
decision_type=2 2 2 2 2 2 2 2 2 2 2 2 2 2 2 2 2 2 2 2 2 2 2 2 2 2 2 2 2 2
left_child=1 -1 3 8 -3 6 13 9 22 20 11 12 -6 16 -9 -16 17 29 -12 -17 21 -5 24 -7 25 -2 -27 28 -28 -4
right_child=2 4 5 7 10 23 -8 14 -10 -11 18 -13 -14 -15 15 19 -18 -19 -20 -21 -22 -23 -24 -25 -26 26 27 -29 -30 -31
leaf_value=-0.053930160313073849 0.001959966411031511 -0.026559400458269079 0.14255605017679684 0.022036495532707437 -0.026343516409251078 0.23127562051037459 0.047685673654094533 0.073666084938568674 -0.00062122176078500686 -0.013847005161496107 -0.020248158955301122 -0.038969520821516335 -0.026387426450689366 0.68387049976177638 -0.00033668355111533544 0.08431283664192453 0.10209011704728006 -0.03420598758340896 0.0098182604037855281 0.034112951326551767 0.041691200563957587 -0.02144957954911382 -0.071304892297999842 0.49918556878385484 -0.044026206210822719 -0.013158892094988772 -0.014939984090329306 -0.0071336455679003041 0.0041710918663309558 0.24655537729964172
leaf_weight=30138 16988 21102 11260 33004 15464 3772 17238 28754 66275 19221 71170 7485 5471 687 16695 17255 21103 837 572 17979 41754 10722 1819 6199 9383 10779 10416 16497 14367 16129
leaf_count=29346 11160 11380 8788 25482 9202 3616 16832 20050 47427 16987 46114 5247 3677 273 13949 12415 18119 837 222 14307 30816 9518 1555 5467 7853 6625 6942 10871 9249 13183
internal_value=-0.00197994 -0.0133231 0.00221768 0.000702454 -0.0105089 0.00873001 0.00761813 0.00257385 -0.00166526 0.00143719 -0.00936832 -0.00722906 -0.0055541 0.00889315 0.00404887 0.00297185 0.00867086 0.0102707 -0.0102158 0.00439774 0.00211979 0.000843892 -0.00287574 0.0162296 -0.00267181 -0.00218076 -0.00295482 -0.00199491 -0.000450914 0.0107242
internal_weight=560535 151402 409133 331908 121264 77225 67254 185384 146524 104701 100162 28420 20935 50016 80683 51929 49329 28226 71742 35234 85480 43726 80249 9971 78430 69047 52059 41280 24783 27389
internal_count=417509 105188 312321 245206 75842 67115 58032 143524 101682 82803 64462 18126 12879 41200 60721 40671 40927 22808 46336 26722 65816 35000 54255 9083 52700 44847 33687 27062 16191 21971
is_linear=0
shrinkage=0.05


Tree=39
num_leaves=31
num_cat=0
split_feature=10 10 10 10 10 10 4 8 6 10 4 8 11 10 4 10 11 12 10 5 6 5 6 8 6 4 5 8 10 4
split_gain=10412 1936.77 1491.04 520.49 280.377 238.554 144.722 129.365 140.595 113.186 67.6598 64.3681 64.2036 63.6901 85.786 65.9481 62.9947 58.3254 58.2118 55.2857 46.2313 44.5238 41.3028 38.8319 38.2209 40.4203 36.6721 36.4452 36.2151 34.4628
threshold=3.0586901493901317 0.43519700344886553 9.8942385301383364 25.509726429033723 0.76340990904344486 5.0843254529964357 4.5000000000000009 1.3292396313364059 0.15000000000000005 39.14886760356567 3.5000000000000004 1.6028571428571434 44.500000000000007 1.6636761477057405 4.5000000000000009 1.5575311628460653 100.50000000000001 43.84459045886306 2.1451516708369236 1.0000000180025095e-35 0.45000000000000007 1.0000000180025095e-35 2.0000000000000004 1.6210909090909096 0.15000000000000005 2.5000000000000004 1.0000000180025095e-35 1.3373556231003043 1.1823175294197679 5.5000000000000009
decision_type=2 2 2 2 2 2 2 2 2 2 2 2 2 2 2 2 2 2 2 2 2 2 2 2 2 2 2 2 2 2
left_child=1 -1 5 7 -3 19 9 8 12 24 22 13 17 14 15 28 21 -4 -15 20 23 -10 27 29 25 -5 -8 -7 -6 -2
right_child=2 4 3 6 11 10 26 -9 16 -11 -12 -13 -14 18 -16 -17 -18 -19 -20 -21 -22 -23 -24 -25 -26 -27 -28 -29 -30 -31
leaf_value=-0.051233652297420162 -0.012081807154900349 -0.025231430435355629 0.029318743219049814 0.20297056845645961 -0.038444273667658596 0.010261687854887458 0.091149208768614279 0.43099403858016622 0.080307685240854104 0.43451188165282206 -0.0055768460507605866 0.0082332566853782208 0.049471209182452028 -0.019235751007536075 -0.037021044780440514 -0.025068055128154888 0.19954025910965806 -0.014728059223974311 -0.018900075103011685 -0.066067419009147921 -0.00076115070914530849 -0.023498260283230279 0.033684083713633114 0.062972040223940193 0.29036334687996579 0.10303209090633558 -0.083448250859560077 0.0914548288033733 -0.025026340588788522 -0.04065366946542575
leaf_weight=30134 59090 21277 26061 9543 4944 75695 10145 870 41330 6432 52652 588 63934 18953 7478 5339 6335 11567 51969 1962 14366 1433 3938 443 7362 6384 502 554 10601 8794
leaf_count=29302 39076 11465 21469 8165 3350 52415 9947 356 31060 5670 42292 226 52794 12303 5236 3631 4333 10629 33619 1680 9074 1419 2296 169 5886 5818 502 220 5881 7398
internal_value=-0.00207451 -0.0132832 0.00206746 0.00527989 -0.0104617 -0.000766918 0.010325 0.00393585 0.00382484 0.0121169 0.000554995 -0.00935147 0.00276284 -0.00944916 -0.00744658 -0.00580109 0.00602163 0.00112416 -0.01025 -0.00284124 -0.00264442 0.0053323 0.00146938 -0.00318651 0.0104953 0.00911816 0.0053231 0.00121149 -0.00744773 -0.00328281
internal_weight=560675 151283 409392 191898 121149 217494 40368 151530 150660 29721 132839 99872 101562 99284 28362 20884 49098 37628 70922 84655 82693 42763 80187 68327 23289 15927 10647 76249 15545 67884
internal_count=417681 105013 312668 158048 75711 154620 35988 122060 121704 25539 97223 64246 84892 64020 18098 12862 36812 32098 45922 57397 55717 32479 54931 46643 19869 13983 10449 52635 9231 46474
is_linear=0
shrinkage=0.05


Tree=40
num_leaves=31
num_cat=0
split_feature=10 10 11 10 10 10 8 6 4 3 10 11 11 11 12 5 4 5 6 8 10 4 10 10 6 10 12 11 8 12
split_gain=10132.2 1979 1373.65 379.113 362.018 305.26 130.961 144.232 91.7881 77.6904 75.8548 71.1342 65.0666 63.0007 70.7429 54.1403 52.7802 52.3304 60.2481 46.3972 49.348 94.5114 76.6935 56.7007 42.0901 40.0832 37.8141 54.4873 35.6664 35.1456
threshold=3.0586901493901317 0.43519700344886553 52.500000000000007 6.0853584729761527 35.7025352060625 0.76340990904344486 1.2981868131868135 0.15000000000000005 3.5000000000000004 83.500000000000014 15.473964207823633 126.50000000000001 112.50000000000001 87.500000000000014 78.121216948724978 1.0000000180025095e-35 5.5000000000000009 1.0000000180025095e-35 0.15000000000000005 1.6028571428571434 1.6636761477057405 4.5000000000000009 1.5575311628460653 2.8067442809617451 1.0000000180025095e-35 1.1823175294197679 109.41128370308739 130.50000000000003 1.6210909090909096 46.266475469855997
decision_type=2 2 2 2 2 2 2 2 2 2 2 2 2 2 2 2 2 2 2 2 2 2 2 2 2 2 2 2 2 2
left_child=1 -1 3 17 6 -3 7 9 10 13 24 -9 -6 14 -4 16 -10 18 28 20 21 22 25 -22 29 -7 -15 -28 -2 -5
right_child=2 5 4 8 12 19 -8 11 15 -11 -12 -13 -14 26 -16 -17 -18 -19 -20 -21 23 -23 -24 -25 -26 -27 27 -29 -30 -31
leaf_value=-0.048671969682549159 -0.012719081711954551 -0.023969858913587851 0.066065627062123419 0.021755132072390018 0.19037916415415559 -0.036522059984275657 0.50201784649666492 0.096225176636084528 0.016285432036050464 0.0063097276336354204 0.11065748042490108 0.27131936336819845 0.41278628757018088 0.13913231491836539 0.0034987569905521989 -0.031341911360523424 -0.010535667771126356 -0.062687893434529629 -0.0026138747466573076 0.005427227864858164 -0.018273963457159259 -0.035169992541418497 -0.023814652371747139 -0.018020219093456327 0.036186391795436194 -0.023775023559349087 0.026384941207182957 0.14736455041384017 0.073331569113378264 -0.029792047389704202
leaf_weight=30215 74882 21107 27281 37906 5744 4984 1181 30610 44295 14522 10319 4839 7699 11132 12104 5112 25387 2530 31270 582 55197 7478 5415 15793 42364 10493 6896 5631 505 6050
leaf_count=29385 52014 11431 21323 27600 5414 3366 533 22894 35005 11316 8229 3275 6667 9092 11346 5008 23971 2194 20448 224 36081 5276 3657 9883 29152 5805 6448 4851 211 4896
internal_value=-0.00213669 -0.0131905 0.00195887 2.85083e-06 0.00625925 -0.0103332 0.00534563 0.00517254 0.00146952 0.00396501 0.00248735 0.00781475 0.0140203 0.00472448 0.00349943 0.000154424 0.000518785 -0.00229995 -0.00213137 -0.00917932 -0.00926178 -0.00749912 -0.00577254 -0.00996619 0.00200301 -0.00756445 0.00676381 0.00487946 -0.00289672 0.000919101
internal_weight=559523 151264 408259 280620 127639 121049 114196 113015 171433 77566 96639 35449 13443 63044 39385 74794 69682 109187 106657 99942 99360 28370 20892 70990 86320 15477 23659 12527 75387 43956
internal_count=416995 105108 311887 208728 103159 75723 91078 90545 133861 64376 69877 26169 12081 53060 32669 63984 58976 74867 72673 64292 64068 18104 12828 45964 61648 9171 20391 11299 52225 32496
is_linear=0
shrinkage=0.05


Tree=41
num_leaves=31
num_cat=1
split_feature=10 10 10 11 10 10 10 4 4 6 8 12 11 5 6 4 8 11 8 12 8 10 4 10 10 0 11 7 10 7
split_gain=9852.34 2029.3 1335.3 467.744 340.128 192.862 191.676 98.3858 77.7405 72.5716 75.9435 65.5403 107.818 64.6771 58.0598 58.0461 52.5493 51.8829 51.8368 51.4371 50.5767 49.3221 97.9454 75.7021 45.7033 52.8055 43.3498 41.7128 41.7083 41.4311
threshold=3.0586901493901317 0.43519700344886553 9.7518956884876768 89.500000000000014 0.76340990904344486 5.0843254529964357 36.030877403914388 2.5000000000000004 1.0000000180025095e-35 1.2500000000000002 1.2981868131868135 120.56933893294615 133.50000000000003 1.0000000180025095e-35 0.25000000000000006 5.5000000000000009 1.6265161290322585 116.50000000000001 1.6028571428571434 99.804933645079146 1.5018371184724435 1.6636761477057405 4.5000000000000009 1.5575311628460653 19.283264000169801 0 27.500000000000004 28.450000000000003 2.7713669531249203 27.750000000000004
decision_type=2 2 2 2 2 2 2 2 2 2 2 2 2 2 2 2 2 2 2 2 2 2 2 2 2 1 2 2 2 2
left_child=1 -1 5 7 -3 27 9 8 16 10 11 17 -13 15 20 29 -4 19 21 -5 -7 22 23 -6 25 -10 -16 -2 -23 -9
right_child=2 4 3 6 18 14 -8 13 24 -11 -12 12 -14 -15 26 -17 -18 -19 -20 -21 -22 28 -24 -25 -26 -27 -28 -29 -30 -31
leaf_value=-0.046238371198421696 -0.0042044053765032622 -0.022771365967908453 0.028308512482188776 0.14675143692548165 -0.022586272381381625 -0.0026137787378586633 0.34875590986737959 0.092219005851532823 0.11862480040840151 0.26930939549748062 0.5011659914917348 -0.0030291432350983529 0.13124606248488285 -0.028215659938003502 0.0015898294103643185 0.0018071678986331552 0.49290116589118549 0.23110468523603159 0.0056193221647575344 0.049949545020345987 0.14195961702886103 -0.017360265284301301 -0.033411492914347578 -0.022623919753159784 0.17924300008372995 0.052299704179799456 0.031984287448331282 -0.012172182226123863 -0.016764351054871486 0.034173609288244665
leaf_weight=30296 23600 21311 20035 10526 15473 95639 10231 10420 11160 3504 720 7545 9666 4227 15004 20531 319 4263 595 6430 661 52774 7493 5431 8438 20600 16915 60812 18583 47190
leaf_count=29484 15364 11473 16083 8150 9183 71645 9057 7886 7402 2286 336 7039 8012 4207 11006 20053 107 3065 231 5724 289 34586 5269 3653 6754 15284 11007 41926 11645 39322
internal_value=-0.00219052 -0.0130597 0.00185329 0.00483249 -0.0101763 -0.000890157 0.00884986 0.00334593 0.00487597 0.00737563 0.00675862 0.00645719 0.00416449 0.00222113 0.000331659 0.002547 0.00235826 0.00831684 -0.00895799 0.00707714 -0.000280893 -0.00904575 -0.00728334 -0.00552526 0.0061508 0.0052818 0.00217974 -0.00274606 -0.00974712 0.00336053
internal_weight=560392 151956 408436 195805 121660 212631 52885 142920 60552 42654 39150 38430 17211 82368 128219 78141 20354 21219 100349 16956 96300 99754 28397 20904 40198 31760 31919 84412 71357 57610
internal_count=417528 105524 312004 160767 76040 151237 43669 117098 45630 34612 32326 31990 15051 71468 93947 67261 16190 16939 64567 13874 71934 64336 18105 12836 29440 22686 22013 57290 46231 47208
cat_boundaries=0 1
cat_threshold=8
is_linear=0
shrinkage=0.05


Tree=42
num_leaves=31
num_cat=3
split_feature=10 10 10 11 10 10 10 8 5 4 10 12 11 4 6 8 10 5 0 3 6 6 4 0 0 4 6 11 8 5
split_gain=9641.91 2090.6 1201.44 431.512 316.869 186.772 163.46 102.427 90.8031 100.228 116.383 85.0612 90.8276 68.5271 63.3735 59.7005 41.9641 39.2805 38.6452 38.2954 38.0761 37.1554 36.0611 51.0523 48.3115 34.7855 33.8227 33.4706 32.8419 30.4741
threshold=3.0586901493901317 0.71170035736632797 9.8942385301383364 100.50000000000001 1.0000000180025095e-35 4.9221649363751565 36.030877403914388 1.3292396313364059 1.0000000180025095e-35 5.5000000000000009 26.67397735682005 111.6900290949787 132.50000000000003 3.5000000000000004 0.15000000000000005 1.6028571428571434 0.76340990904344486 1.0000000180025095e-35 0 82.500000000000014 0.15000000000000005 2.3500000000000001 1.0000000180025095e-35 1 2 2.5000000000000004 0.15000000000000005 40.500000000000007 1.5608510638297877 1.0000000180025095e-35
decision_type=2 2 2 2 2 2 2 2 2 2 2 2 2 2 2 2 2 2 1 2 2 2 2 1 1 2 2 2 2 2
left_child=1 4 5 7 -1 17 11 8 9 10 14 -5 -13 21 22 16 -3 20 27 -14 28 -7 23 -4 -24 -8 -18 -15 -2 -28
right_child=2 15 3 6 -6 13 25 -9 -10 -11 -12 12 19 18 -16 -17 26 -19 -20 -21 -22 -23 24 -25 -26 -27 29 -29 -30 -31
leaf_value=-0.043926452638500618 -0.011563573114817684 -0.035112856721577136 -0.048799219733939837 0.18860074181743736 -0.021632797669513027 0.010357618904373745 0.45571946881478348 0.43551480958967181 -0.028658138434596438 0.0040967410180436257 0.15535681367679796 0.030475641973341894 0.21771544540300702 -0.004786920213870483 0.080633728373614627 0.0083633570478465653 -0.018493495144413074 -0.060693272949609828 -0.024223841127406054 0.078923267129233921 -0.0032972257655402796 0.027712871611304115 0.012775167300058144 0.035321033322588846 0.054770096884862257 0.274709177698303 -0.016455340904827278 0.037524840097622962 0.049011389633175598 -0.066239882334386865
leaf_weight=27788 55441 3246 4597 10136 20425 79074 4432 798 4270 21273 11857 9240 8124 28175 37795 586 69413 1864 20786 3717 22985 3831 16632 9221 45455 4355 28916 5433 440 1242
leaf_count=27788 37941 1574 3973 7528 11469 54462 3734 350 4256 20767 10705 8226 6438 22519 27523 226 45391 1588 17252 2949 14827 2225 14380 7435 35553 3979 17756 3871 170 994
internal_value=-0.00215329 -0.0129264 0.00183122 0.00471647 -0.0215248 -0.000708277 0.00933657 0.00349972 0.00340536 0.00361438 0.0041521 0.00764087 0.00583108 0.000413878 0.00366051 -0.00891729 -0.00900799 -0.00261675 -0.00096518 0.00873026 -0.00244719 0.00131868 0.00282755 0.000517441 0.00334168 0.0153608 -0.00882561 8.32887e-05 -0.00315179 -0.00742755
internal_weight=561547 151616 409931 191902 48213 218029 40004 151898 151100 146830 125557 31217 21081 137299 113700 103403 102817 80730 54394 11841 78866 82905 75905 13818 62087 8787 99571 33608 55881 30158
internal_count=417849 105198 312651 157796 39257 154855 32854 124942 124592 120336 99569 25141 17613 100329 88864 65941 65715 54526 43642 9387 52938 56687 61341 11408 49933 7713 64141 26390 38111 18750
cat_boundaries=0 1 2 3
cat_threshold=3 2 4
is_linear=0
shrinkage=0.05


Tree=43
num_leaves=31
num_cat=0
split_feature=10 10 10 10 10 10 11 8 6 6 8 12 11 5 11 12 11 12 6 12 6 12 11 12 5 11 12 11 7 11
split_gain=9241.31 2165.74 1140.08 416.783 323.676 212.521 132.595 115.717 110.655 90.6563 65.4793 58.2911 66.437 57.3614 46.3271 54.1396 66.3848 55.0059 46.2575 43.1611 41.8912 41.7742 50.9377 40.4526 39.9277 39.0784 45.6064 36.7657 36.5107 36.1718
threshold=3.0586901493901317 0.71170035736632797 19.283264000169801 5.5914438622388394 1.0000000180025095e-35 40.249197973088776 40.500000000000007 1.2981868131868135 0.65000000000000002 1.0000000180025095e-35 1.6028571428571434 36.932933146725496 28.500000000000004 1.0000000180025095e-35 169.50000000000003 139.17532916821509 116.50000000000001 111.6900290949787 0.15000000000000005 24.487211959956657 1.6500000000000001 47.159181363137947 56.500000000000007 63.378174691581513 1.0000000180025095e-35 93.500000000000014 88.796475276490753 114.50000000000001 27.750000000000004 122.50000000000001
decision_type=2 2 2 2 2 2 2 2 2 2 2 2 2 2 2 2 2 2 2 2 2 2 2 2 2 2 2 2 2 2
left_child=1 4 3 24 -1 7 11 8 13 21 18 12 19 14 15 16 17 25 -3 -5 -11 -8 -23 -24 28 26 -4 -10 -2 -7
right_child=2 10 5 6 -6 29 9 -9 27 20 -12 -13 -14 -15 -16 -17 -18 -19 -20 -21 -22 22 23 -25 -26 -27 -28 -29 -30 -31
leaf_value=-0.041730130006575585 -0.00071464664579257153 -0.020532284005091907 0.094322973512919017 0.014591859084518256 -0.020551157786037378 0.2187655086070901 0.0454827065237315 0.58228529763657011 0.15042857743431975 0.047863615485746983 0.0074635774765360804 -0.011083277814098569 0.034402828742805473 -0.048977619436929312 0.25715395084100051 0.017111602583367615 0.19410247529899954 -0.00039630957356564525 -0.015703137219037735 -0.012106434177773552 0.083326115868191775 -0.013817507230508853 0.063872027420380215 0.011659743805854817 -0.057658609302129321 0.14661499607631115 0.027168493013988205 0.34785598951142349 -0.010896339859309779 0.50192320425756376
leaf_weight=27830 17947 72054 21211 40048 20385 2791 14967 1107 6793 39272 617 31545 31591 1557 2436 6996 6923 4545 30777 30040 6132 14444 7355 19988 2233 7670 8385 3341 76124 3617
leaf_count=27830 11533 46668 18629 29768 11461 2669 10639 513 5491 28714 241 26557 22343 1557 1946 6592 5583 4371 19077 24054 3772 12122 5201 16272 1913 6492 8001 2219 52210 3139
internal_value=-0.00220007 -0.0127419 0.00170844 0.000433543 -0.0214938 0.00717378 0.00156724 0.00638634 0.00613217 0.00292243 -0.00866281 0.000528058 0.0011106 0.00531244 0.00556597 0.00527095 0.00586141 0.0051105 -0.00876025 0.00025254 0.0045877 0.0015902 0.000778352 0.00204714 -0.00233739 0.00574384 0.00491958 0.0109631 -0.00218053 0.0158942
internal_weight=560721 151663 409058 331686 48215 77372 235382 70964 69857 102158 103448 133224 101679 59723 58166 55730 48734 41811 102831 70088 45404 56754 41787 27343 96304 37266 29596 10134 94071 6408
internal_count=417577 105277 312300 245098 39291 67202 179442 61394 60881 76720 65986 102722 76165 53171 51614 49668 43076 37493 65745 53822 32486 44234 33595 21473 65656 33122 26630 7710 63743 5808
is_linear=0
shrinkage=0.05


Tree=44
num_leaves=31
num_cat=1
split_feature=10 10 11 10 10 10 8 4 5 4 10 4 10 10 4 11 0 12 11 12 3 7 10 8 7 4 12 8 10 10
split_gain=8531.73 2388.81 1025.4 334.368 321.6 218.523 101.364 93.4527 79.1828 80.4561 78.2166 74.4697 63.8247 64.744 70.2088 63.0704 60.3648 52.085 66.9128 53.5615 44.2794 56.1005 44.076 42.0005 39.0617 36.541 34.1144 33.9991 33.5811 32.4166
threshold=3.0586901493901317 0.71170035736632797 59.500000000000007 6.0089836851277889 1.0000000180025095e-35 36.030877403914388 1.266648351648352 2.5000000000000004 1.0000000180025095e-35 5.5000000000000009 19.283264000169801 1.0000000180025095e-35 2.337425468972977 2.4985521801307087 2.5000000000000004 122.50000000000001 0 53.300255939201882 39.500000000000007 33.745866836333896 83.500000000000014 28.950000000000003 23.313240005300027 1.6028571428571434 27.750000000000004 5.5000000000000009 41.227786344452149 1.6210909090909096 9.7518956884876768 26.381774826115841
decision_type=2 2 2 2 2 2 2 2 2 2 2 2 2 2 2 2 1 2 2 2 2 2 2 2 2 2 2 2 2 2
left_child=1 4 3 24 -1 6 7 11 9 10 17 29 -3 25 23 -7 -9 18 19 28 21 -18 -13 -15 -2 -14 -20 -26 -5 -4
right_child=2 12 5 8 -6 15 -8 16 -10 -11 -12 22 13 14 -16 -17 20 -19 26 -21 -22 -23 -24 -25 27 -27 -28 -29 -30 -31
leaf_value=-0.039643623506246811 -0.00090610533057682301 -0.019505669804837301 0.027933956906200843 0.016720040275708482 -0.019523599896735511 0.16606298021526078 0.3979347725660331 0.076626016438557626 -0.029223991831002175 -0.0089725867562797223 0.10155519514293286 0.089414737293399951 -0.032228821359591313 -0.0096714789978686443 -0.01428361121109667 0.39276010093655994 0.10400334233098132 -0.013165856986673941 0.057370169304526368 -0.0044684972570351537 -0.015698485849420907 0.021383712785186183 0.20158323396756508 0.0009234261345071993 -0.010440577466111335 -0.065159834203016589 0.032849060391913286 0.052843101749227732 0.051445570018537626 0.10490008725495024
leaf_weight=27854 20611 58762 11113 45724 20253 6392 1130 12194 5481 27636 9983 22394 9392 14646 18940 5780 7376 14004 15598 29412 5688 20979 11080 84 87016 1293 27317 512 18230 2978
leaf_count=27854 13475 36836 8865 32112 11347 5976 540 9640 5353 26120 8591 15646 6300 9066 12492 4948 5956 11380 10344 22980 4792 19327 8742 28 60526 1049 20173 210 13696 2610
internal_value=-0.00216727 -0.0123135 0.00158763 9.48515e-05 -0.021514 0.00579017 0.00498146 0.00480214 0.00133994 0.00151274 0.00194237 0.00635814 -0.00802123 -0.00658945 -0.00766558 0.0120974 0.00320144 0.00165768 0.00195607 0.00120494 0.00211802 0.00292629 0.00764175 -0.0102546 -0.00213175 -0.00319841 0.00359024 -0.00259288 0.00201707 0.00330885
internal_weight=559852 151224 408628 301524 48107 107104 94932 93802 193385 187904 160268 47565 103117 44355 33670 12172 46237 150285 136281 93366 34043 28355 33474 14730 108139 10685 42915 87528 63954 14091
internal_count=416974 104972 312002 224960 39201 87042 76118 75578 150749 145396 119276 35863 65771 28935 21586 10924 39715 110685 99305 68788 30075 25283 24388 9094 74211 7349 30517 60736 45808 11475
cat_boundaries=0 1
cat_threshold=2
is_linear=0
shrinkage=0.05


Tree=45
num_leaves=31
num_cat=0
split_feature=10 10 10 10 10 11 11 12 10 6 11 10 10 4 12 11 3 6 12 11 12 4 8 4 3 8 10 10 10 4
split_gain=8125.01 2595.37 636.314 450.411 429.973 167.821 130.047 92.1515 81.4859 76.5336 65.0949 55.3581 90.9505 77.4489 54.0787 65.4736 53.3295 52.9133 52.0285 67.3994 58.2379 51.6937 47.1147 47.0114 40.3976 40.1486 39.9473 48.5881 48.383 69.8658
threshold=0.8057344511571628 4.9221649363751565 19.492436693744434 0.43519700344886553 3.0586901493901317 123.50000000000001 39.500000000000007 123.33893848768433 40.249197973088776 0.15000000000000005 103.50000000000001 2.337425468972977 2.4985521801307087 2.5000000000000004 123.33893848768433 150.50000000000003 79.500000000000014 2.2500000000000004 88.796475276490753 70.500000000000014 60.96935594348912 4.5000000000000009 1.5018371184724435 3.5000000000000004 55.500000000000007 1.266648351648352 1.1823175294197679 1.4227507702095894 1.6636761477057405 4.5000000000000009
decision_type=2 2 2 2 2 2 2 2 2 2 2 2 2 2 2 2 2 2 2 2 2 2 2 2 2 2 2 2 2 2
left_child=3 4 6 -1 11 7 17 10 14 16 18 26 21 -14 -7 -16 24 22 19 20 -4 -13 23 -3 -8 -20 -2 -28 -29 -30
right_child=1 2 5 -5 -6 8 9 -9 -10 -11 -12 12 13 -15 15 -17 -18 -19 25 -21 -22 -23 -24 -25 -26 -27 27 28 29 -31
leaf_value=-0.037661442330934464 -0.033505910041662493 0.00918300316659546 0.11658650258017095 -0.018547419901898732 -0.0084747159602465601 0.2962728389656446 0.018964658263470293 -0.010024128865112215 0.4571890389978574 0.052035919207925829 0.186093318936733 0.0011492973611289205 -0.0091879050479751982 -0.013875322238129196 0.055024079916239456 0.22922586569955375 -0.0015038250445840173 0.03383863622347745 0.035789139659615721 0.17629456124864407 0.01368058157876444 -0.061901842492865768 0.13700290345357977 -0.0085778687379943989 0.056307017724147639 0.46235877713089207 -0.014140699511534006 -0.018530386314595425 -0.013565679572369116 -0.045266778045526417
leaf_weight=30191 4451 75191 10278 23423 80350 3405 30449 5697 3475 33814 8372 7971 14677 18856 5697 6301 25278 5765 16317 8588 7302 2821 687 61548 19781 354 5327 16344 20182 7119
leaf_count=29373 3193 53605 8850 12983 54294 2345 23819 5553 3019 23408 6842 5279 9089 12438 5107 4979 19692 3751 15319 6892 6690 2137 293 52158 15157 206 3137 10276 12260 4979
internal_value=-0.00212616 -0.00016652 0.00246993 -0.0206355 -0.00502645 0.00648801 0.00126399 0.00513285 0.0105732 0.00256261 0.00580393 -0.00725386 -0.00594755 -0.00723243 0.00901285 0.00743457 0.00167731 0.000272538 0.00501587 0.00640668 0.00463311 -0.00195515 7.56771e-05 1.00557e-05 0.00261995 0.00283276 -0.0083377 -0.0087499 -0.00819968 -0.00948775
internal_weight=560011 506397 328299 53614 178098 75786 252513 56908 18878 109322 51211 97748 44325 33533 15403 11998 75508 143191 42839 26168 17580 10792 137426 136739 50230 16671 53423 48972 43645 27301
internal_count=417123 374767 257685 42356 117082 65802 191883 50352 15450 82076 44799 62788 28943 21527 12431 10086 58668 109807 37957 22432 15540 7416 106056 105763 38976 15525 33845 30652 27515 17239
is_linear=0
shrinkage=0.05


Tree=46
num_leaves=31
num_cat=0
split_feature=10 10 11 10 10 10 10 8 10 6 10 12 11 4 12 11 12 6 12 11 11 12 11 11 12 12 10 10 6 11
split_gain=8221.66 2205.25 557.161 454.791 357.982 164.719 125.19 93.7063 88.0039 84.3158 74.9803 74.6076 85.6937 60.7115 57.3785 88.3099 49.9796 47.6555 39.6472 48.1914 39.4026 47.4752 56.113 38.9603 44.0361 38.8431 37.8239 55.6828 36.4903 36.2581
threshold=0.8057344511571628 4.9221649363751565 79.500000000000014 0.43519700344886553 3.0586901493901317 39.14886760356567 8.8657064708310411 1.3587841945288757 2.337425468972977 0.15000000000000005 2.7713669531249203 76.257948015707015 59.500000000000007 5.5000000000000009 47.532543010290517 39.500000000000007 85.765528287451247 0.15000000000000005 33.249604088740753 28.500000000000004 164.50000000000003 139.17532916821509 111.50000000000001 151.50000000000003 124.27904564315354 59.447807771470913 1.1823175294197679 1.4227507702095894 0.45000000000000007 19.500000000000004
decision_type=2 2 2 2 2 2 2 2 2 2 2 2 2 2 2 2 2 2 2 2 2 2 2 2 2 2 2 2 2 2
left_child=3 4 6 -1 8 7 17 9 26 16 13 12 14 -10 15 18 -4 -3 29 -20 21 22 -18 24 -11 -14 -2 -28 -7 -8
right_child=1 2 5 -5 -6 28 11 -9 10 23 -12 -13 25 -15 -16 -17 20 -19 19 -21 -22 -23 -24 -25 -26 -27 27 -29 -30 -31
leaf_value=-0.035778370214387741 -0.031177443913610017 -0.0060785090806495749 0.10794596308265847 -0.017620048906803798 -0.0084944790157991616 0.2504305269322849 0.01150778385739093 0.46034431251525015 -0.00049540297795132033 0.1294068559236779 -0.0092567290895885449 -0.011500521475515991 0.11103670071753975 -0.059196205836972451 0.0037367321721589078 0.071552297147052274 0.029732791896806533 0.011948516223830375 -0.030126431614817231 0.019161144213129956 0.16481649774203097 -0.013767017004857874 0.11139300647455369 0.30049583929208534 0.0090544147936618916 0.053622304753569508 -0.013433664535957313 -0.013247629093999281 0.48432958704796436 0.058380660695644161
leaf_weight=30223 4463 72616 7595 23472 80376 5996 12740 791 22523 14161 18541 15763 9180 3166 34357 24036 15937 33293 6842 20724 2860 6767 8168 2354 2374 13051 5309 43809 1419 18007
leaf_count=29391 3183 53928 5749 12998 54384 5462 10484 339 14797 10471 11581 14707 6164 2528 29277 17216 14089 23071 6350 16612 2334 6385 6620 1530 2070 10297 3137 27627 1229 13583
internal_value=-0.00199224 -2.26727e-05 0.0024035 -0.0205974 -0.00450271 0.00641899 0.00134924 0.00556371 -0.00653429 0.00533911 -0.00488356 0.00225598 0.00262583 -0.00313461 0.00208387 0.00279997 0.00407421 2.47854e-05 0.00174875 0.000371835 0.00324914 0.00272901 0.00376789 0.00810657 0.00724977 0.00547096 -0.00789692 -0.00829737 0.0134558 0.00298322
internal_weight=560913 507218 329031 53695 178187 68422 260609 61007 97811 60216 44230 154700 138937 25689 116706 82349 41327 105909 58313 27566 33732 30872 24105 18889 16535 22231 53581 49118 7415 30747
internal_count=417593 375204 257967 42389 117237 56278 201689 49587 62853 49248 28906 124690 109983 17325 93522 64245 35177 76999 47029 22962 29428 27094 20709 14071 12541 16461 33947 30764 6691 24067
is_linear=0
shrinkage=0.05


Tree=47
num_leaves=31
num_cat=1
split_feature=10 10 10 10 10 10 8 10 6 6 8 10 10 10 11 7 5 0 10 10 7 11 5 8 11 10 10 10 12 12
split_gain=7325.16 2045.56 668.645 532.177 403.429 225.023 151.901 124.064 106.531 99.2688 89.0375 85.048 68.8867 67.4461 61.058 42.2766 40.7746 40.6852 39.5625 57.858 37.3028 37.2025 35.5791 33.8589 32.907 32.4619 65.3851 63.131 32.1562 31.2032
threshold=0.8057344511571628 5.1643658385228113 1.0000000180025095e-35 20.417111606053211 3.0586901493901317 0.43519700344886553 1.2981868131868135 41.784480259946307 0.15000000000000005 0.65000000000000002 1.3812987012987017 2.337425468972977 8.8657064708310411 2.7713669531249203 28.500000000000004 28.350000000000005 1.0000000180025095e-35 0 1.1823175294197679 1.4227507702095894 30.450000000000003 105.50000000000001 1.0000000180025095e-35 1.3992857142857147 49.500000000000007 1.6636761477057405 1.5575311628460653 1.890397441731517 42.227187031407645 48.162000186746575
decision_type=2 2 2 2 2 2 2 2 2 2 2 2 2 2 2 2 2 1 2 2 2 2 2 2 2 2 2 2 2 2
left_child=2 4 -1 8 11 -4 7 9 10 16 12 18 -3 -13 -10 -16 20 -14 -2 -20 -5 -11 23 -6 28 26 -21 -27 -19 -26
right_child=1 3 5 6 22 -7 -8 -9 14 21 -12 13 17 -15 15 -17 -18 24 19 25 -22 -23 -24 -25 29 27 -28 -29 -30 -31
leaf_value=-0.03398945170366835 -0.029618571717929511 -0.0065130823722965303 6.538970974263037e-05 0.097678833119596228 -0.008013791187901376 -0.016739046461463604 0.77400238471376559 0.32081573054053214 0.0066502217022330612 0.12653798232208777 0.1397123971003329 -0.018582237508606703 0.029299777132425223 -0.0087938926351091243 0.055164039589537688 0.025470184487538818 -0.045871060105486985 0.0066576858235430697 -0.012761981309159443 -0.01694148554416568 0.050341610272762516 0.2864098283719102 -0.055200124605833817 0.047868377839632673 0.083415519644620073 -0.039884918081350598 -0.016977250547354928 -0.012225014139050683 -0.0246824294143436 0.012904164332355484
leaf_weight=27660 4515 68464 2337 24549 84779 23359 1439 4607 27077 5487 1185 25654 41244 18559 23573 28836 1445 18533 5382 9065 29330 4126 2001 711 2777 7362 7295 20097 12568 26167
leaf_count=27660 3213 51232 1527 21527 57301 12923 675 4317 20287 4499 487 17324 32602 11595 15411 21284 1445 15177 3170 5093 26600 2842 1715 301 1933 5072 5143 12269 11262 21399
internal_value=-0.00198324 -0.000128101 -0.0196051 0.00228456 -0.00431021 -0.0137979 0.00610604 0.00577332 0.00120136 0.00521082 0.000498134 -0.00651467 0.000402791 -0.00489053 0.00271369 0.00370976 0.00439592 0.00123088 -0.00785148 -0.00826254 0.00461822 0.00990066 -0.00184276 -0.0016885 0.00040005 -0.00766163 -0.00589853 -0.00871208 -0.000729076 0.00161346
internal_weight=560183 506827 53356 321407 185420 25696 70983 69544 250424 64937 170938 97929 169753 44213 79486 52409 55324 101289 53716 49201 53879 9613 87491 85490 60045 43819 16360 27459 31101 28944
internal_count=417285 375175 42110 252979 122196 14450 61905 61230 191074 56913 134092 62879 133605 28919 56982 36695 49572 82373 33960 30747 48127 7341 59317 57602 49771 27577 10236 17341 26439 23332
cat_boundaries=0 1
cat_threshold=9
is_linear=0
shrinkage=0.05


Tree=48
num_leaves=31
num_cat=0
split_feature=10 10 10 11 10 10 10 6 8 8 6 4 10 5 10 10 12 11 4 12 11 12 10 5 12 11 10 11 4 11
split_gain=7484.45 1710.45 654.343 478.82 413.137 223.836 154.916 101.011 96.7619 96.1879 77.573 69.4414 66.3316 65.597 62.5738 178.763 61.6151 58.7199 55.6614 50.7037 57.71 44.9848 43.7951 42.575 40.8453 40.5749 38.237 37.2021 36.571 34.5743
threshold=0.8057344511571628 5.4329401144986091 1.0000000180025095e-35 79.500000000000014 2.337425468972977 0.43519700344886553 39.14886760356567 0.25000000000000006 1.5018371184724435 1.3587841945288757 0.15000000000000005 5.5000000000000009 10.68452566783734 1.0000000180025095e-35 2.7713669531249203 3.0586901493901317 72.108069875178003 56.500000000000007 4.5000000000000009 97.463822786973026 111.50000000000001 42.227187031407645 3.7252477528043588 1.0000000180025095e-35 124.27904564315354 28.500000000000004 13.46962841471843 129.50000000000003 5.5000000000000009 128.50000000000003
decision_type=2 2 2 2 2 2 2 2 2 2 2 2 2 2 2 2 2 2 2 2 2 2 2 2 2 2 2 2 2 2
left_child=2 4 -1 7 -2 -4 9 8 12 10 19 13 28 14 -6 18 17 21 -16 -5 -21 25 -13 26 -22 -14 -9 -8 -3 -12
right_child=1 3 5 6 11 -7 27 23 -10 -11 29 22 16 -15 15 -17 -18 -19 -20 20 24 -23 -24 -25 -26 -27 -28 -29 -30 -31
leaf_value=-0.032289979118484934 -0.012123882243701468 0.00027352099187929471 6.2120224255496356e-05 0.089789611574049216 0.00059724287163871465 -0.015902094138390423 0.18261368305624848 0.022638503109900374 0.17538138161033717 0.38706382891566699 0.096383937667604072 -0.054917828200943514 0.01204310854258055 -0.063450328907271356 -0.0078259787093415863 -0.0038850961427467469 -0.013688315269698582 0.077532513122457125 -7.8318641133001687e-05 -0.0057406001469281877 0.13234274405331267 0.0007853111556085147 -0.031088253219499398 -0.023120785758962193 0.040888069012963782 0.06954438440343394 0.088901619066856702 0.41481778873014757 -0.020695219218073692 0.21720055174797076
leaf_weight=27802 53548 87466 2370 14406 21944 23472 3872 43961 1158 792 13859 8824 11529 3189 13517 81299 16525 14134 2339 10558 4557 27562 7688 2478 11717 12404 15630 3642 12984 5037
leaf_count=27802 33860 64212 1558 11406 14356 13026 3660 30651 470 330 10649 7042 9945 2713 7983 53217 15449 10764 1519 9724 3613 23956 6430 2410 10431 9590 12202 3110 12010 3425
internal_value=-0.00191638 -3.58751e-05 -0.019676 0.002237 -0.00374945 -0.0139482 0.00593586 0.00120723 0.000618191 0.00510045 0.00487245 -0.00231016 0.000526823 -0.00189921 -0.00170971 -0.00225439 0.00158057 0.00226767 -0.00711087 0.00365682 0.00237217 0.00148412 -0.00535368 0.00295115 0.00423989 0.00307003 0.00321819 0.0127096 -0.000334993 0.0075254
internal_weight=560263 506619 53644 314271 192348 25842 68440 245831 183762 60926 60134 138800 182604 122288 119099 97155 82154 65629 15856 41238 26832 51495 16512 62069 16274 23933 59591 7514 100450 18896
internal_count=417513 375127 42386 248007 127120 14584 56348 191659 146396 49578 49248 93260 145926 79788 77075 62719 69704 54255 9502 35174 23768 43491 13472 45263 14044 19535 42853 6770 76222 14074
is_linear=0
shrinkage=0.05


Tree=49
num_leaves=31
num_cat=1
split_feature=10 10 10 10 10 10 10 8 6 6 8 11 10 10 5 10 10 6 6 8 5 11 12 10 10 10 10 10 10 0
split_gain=7511.78 1662.45 640.503 450.762 435.703 226.625 121.619 114.908 93.4598 80.5357 65.5257 60.0868 51.502 51.4641 47.1829 43.9886 79.8896 42.7204 42.2522 41.4897 40.5437 36.7996 38.6361 34.7476 34.5004 64.9619 31.8045 74.1552 32.4658 29.8855
threshold=0.8057344511571628 5.4329401144986091 1.0000000180025095e-35 24.500020234823065 2.337425468972977 0.43519700344886553 9.8942385301383364 1.2981868131868135 0.15000000000000005 2.0000000000000004 1.3587841945288757 11.500000000000002 39.14886760356567 45.060124023675868 1.0000000180025095e-35 2.7713669531249203 3.1735078661945892 0.15000000000000005 0.35000000000000003 1.5018371184724435 1.0000000180025095e-35 151.50000000000003 135.13093714134376 3.6315943295383799 1.1823175294197679 1.4227507702095894 1.6636761477057405 1.5575311628460653 1.890397441731517 0
decision_type=2 2 2 2 2 2 2 2 2 2 2 2 2 2 2 2 2 2 2 2 2 2 2 2 2 2 2 2 2 1
left_child=2 4 -1 6 24 -4 18 8 13 10 14 -6 21 20 17 -13 -17 29 19 -3 -5 22 -10 -18 -2 -26 27 -27 -28 -8
right_child=1 3 5 7 11 -7 9 -9 12 -11 -12 15 -14 -15 -16 16 23 -19 -20 -21 -22 -23 -24 -25 25 26 28 -29 -30 -31
leaf_value=-0.030675480162560689 -0.027531449019847956 -0.0026356971426042099 5.9014213042724034e-05 0.076180344374099998 -0.027837565566355783 -0.015106989431470897 0.034593987039494144 0.99098180132251934 0.14847914421153102 0.098405842849121683 0.24093341879617425 0.00073738356923864774 0.34320006353106636 0.29824373602405602 -0.02706772138923004 -0.0078241352426244859 0.0039302426345253936 0.051172719037035463 0.016301934698233312 0.12416246255331594 -0.06217752575861013 0.3418804624010463 -0.013392240669772893 -0.0040786151997866948 -0.011517688131516391 -0.015488217154772312 -0.037980387469871008 -0.015522193907802096 -0.01100756931991307 0.012349211931144133
leaf_weight=27764 4542 96465 2330 29122 48635 23468 34598 1153 8869 7291 717 12131 2351 1677 3270 11938 10717 38000 25703 628 790 1666 1189 54850 5334 8945 7362 7285 20098 61334
leaf_count=27764 3232 72445 1528 26694 34055 13000 27698 545 7405 4803 263 7853 2089 1551 3262 7390 6985 28684 17571 270 790 1100 1109 36662 3140 5059 5110 5139 12250 51738
internal_value=-0.00192245 -3.99676e-05 -0.0197295 0.00219576 -0.00370901 -0.0140573 0.00140501 0.00672245 0.00632884 0.00238448 0.00211374 -0.00222588 0.00971758 0.00481892 0.00203496 -0.00145812 -0.00189633 0.00217984 0.000246751 -0.000230449 0.00434107 0.00836319 0.00722311 -0.00121136 -0.00753743 -0.00792367 -0.00728771 -0.00553296 -0.00832484 0.00161781
internal_weight=560222 506660 53562 314823 191837 25798 268006 46817 45664 145210 137919 138271 14075 31589 137202 89636 77505 133932 122796 97093 29912 11724 10058 65567 53566 49024 43690 16230 27460 95932
internal_count=417184 374892 42292 248017 126875 14528 206734 41283 40738 116448 111645 92945 11703 29035 111382 58890 51037 108120 90286 72715 27484 9614 8514 43647 33930 30698 27558 10198 17360 79436
cat_boundaries=0 1
cat_threshold=9
is_linear=0
shrinkage=0.05


Tree=50
num_leaves=31
num_cat=4
split_feature=12 11 12 11 2 3 3 3 3 8 7 0 6 4 8 5 3 3 3 8 0 4 3 8 11 7 4 12 0 3
split_gain=6955.84 1259.84 961.896 316.922 301.617 172.204 147.721 130.635 114.928 104.105 102.908 98.5775 95.0572 85.7566 80.4264 70.214 62.2678 59.9102 83.1166 53.0814 50.7973 46.3753 36.4465 34.5627 34.4417 34.2007 41.9251 32.4746 31.8138 31.259
threshold=3.2759665946094283 28.500000000000004 1.0000000180025095e-35 100.50000000000001 0 78.500000000000014 84.500000000000014 87.500000000000014 37.500000000000007 1.2981868131868135 27.750000000000004 1 0.15000000000000005 4.5000000000000009 1.5018371184724435 1.0000000180025095e-35 82.500000000000014 36.500000000000007 64.500000000000014 2.0771428571428578 2 2.5000000000000004 36.500000000000007 1.5731100478468902 60.500000000000007 28.350000000000005 1.0000000180025095e-35 77.26219977644044 3 86.500000000000014
decision_type=2 2 2 2 1 2 2 2 2 2 2 1 2 2 2 2 2 2 2 2 1 2 2 2 2 2 2 2 1 2
left_child=2 4 -1 5 11 10 8 13 -4 12 -3 22 21 15 17 23 19 -12 24 -13 -15 25 -2 -6 -19 -5 -27 -26 -23 -14
right_child=1 3 6 9 7 -7 -8 -9 -10 -11 14 16 29 20 -16 -17 -18 18 -20 -21 -22 28 -24 -25 27 26 -28 -29 -30 -31
leaf_value=-0.029141706154432651 0.0021264718466292038 0.061427390966089936 -0.017770345491668837 0.017760492445454457 0.00035780056608308484 -0.0053875738196600409 5.6063502390585332e-05 -0.014713806297033694 -0.014351639959897355 0.69423246177363351 0.083065276028593621 -0.01094180372494058 0.19258318511118508 -0.0059024450868218727 0.31675794735456958 -0.047678810318503163 -0.017599410215080259 0.0007726193353443971 0.045210816206237507 0.04125636416326009 -0.034207465174381384 0.12131103420885508 -0.015102949040280934 0.057464385384767572 0.058306022194505584 0.051693506128411754 0.19330339992826745 0.00690000910087214 0.017776289157489879 -0.018374681210216081
leaf_weight=27832 7490 23615 9287 2443 99358 45362 2029 7715 18503 1072 10998 52341 12034 20687 732 2228 8457 61425 40714 544 22971 2313 28562 454 13006 4030 7763 14420 10843 521
leaf_count=27832 5672 16917 5717 2029 66188 33358 1327 5085 10357 476 9104 33811 8918 17605 274 2102 5341 47367 32964 202 18627 1857 20710 172 9616 3566 6087 13076 10209 357
internal_value=-0.00186597 2.27047e-05 -0.0183149 0.00252486 -0.00248428 0.0017406 -0.0120754 -0.00110274 -0.0130263 0.00654514 0.00249106 -0.00466045 0.0061325 -0.000766997 0.00198043 2.64602e-05 -0.00588 0.00189435 0.0015936 -0.00524393 -0.00262151 0.00448124 -0.00258305 0.000222418 0.000736345 0.00645898 0.00757441 0.00220958 0.00234114 0.00973517
internal_weight=559749 502098 57651 251291 250807 210272 29819 153413 27790 41019 164910 97394 39947 145698 141295 102040 61342 140563 129565 52885 43658 27392 36052 99812 88851 14236 11793 27426 13156 12555
internal_count=416923 371690 45233 196175 175515 162676 17401 109779 16074 33499 129318 65736 33023 104694 112401 68462 39354 112127 103023 34013 36232 23748 26382 66360 70059 11682 9653 22692 12066 9275
cat_boundaries=0 1 2 3 4
cat_threshold=4 6 13 2
is_linear=0
shrinkage=0.05


Tree=51
num_leaves=31
num_cat=1
split_feature=10 10 10 10 10 10 11 12 6 10 4 12 11 10 10 10 4 5 10 4 10 10 4 5 7 10 4 4 0 10
split_gain=7459.07 1317.95 675.258 372.529 290.25 236.045 120.539 85.2387 84.6012 64.6861 63.84 60.5625 67.7731 58.1825 57.5327 64.6129 106.753 56.3679 51.7041 50.1761 47.778 165.49 64.7763 47.0186 41.2267 39.507 36.4185 34.3499 47.035 58.1402
threshold=0.8057344511571628 5.4329401144986091 1.0000000180025095e-35 20.629451356205969 2.337425468972977 0.43519700344886553 126.50000000000001 120.56933893294615 0.15000000000000005 45.060124023675868 5.5000000000000009 136.94467507361387 169.50000000000003 32.878914303538146 1.5575311628460653 1.890397441731517 4.5000000000000009 1.0000000180025095e-35 1.1823175294197679 4.5000000000000009 2.7713669531249203 3.0586901493901317 4.5000000000000009 1.0000000180025095e-35 28.350000000000005 3.7252477528043588 4.5000000000000009 1.0000000180025095e-35 0 8.7433446934232943
decision_type=2 2 2 2 2 2 2 2 2 2 2 2 2 2 2 2 2 2 2 2 2 2 2 2 2 2 2 2 1 2
left_child=2 4 -1 8 14 -4 7 13 19 11 17 -8 -13 26 18 -16 -17 20 -2 27 -6 22 -22 24 -10 -12 -5 -3 -29 -30
right_child=1 3 5 6 10 -7 9 -9 23 -11 25 12 -14 -15 15 16 -18 -19 -20 -21 21 -23 -24 -25 -26 -27 -28 28 29 -31
leaf_value=-0.027684620846711017 -0.025928076684070891 -0.0057547444372175963 5.3260327271054124e-05 0.078894222045707008 0.00080064724927162443 -0.013634057961902491 0.25151860466253473 -0.014130819570923504 0.040295090283027336 0.49654226929991979 -0.049633560022570133 0.047076672727416738 0.24316462992965404 0.16103393744464312 -0.014894903430938002 -0.0095912085583722117 -0.040026144217169816 -0.057140681642771085 -0.013901128582893963 -0.0078436040483628178 -0.0062363517249462326 -0.0032069169063333458 0.0014972071297042256 -0.030050422738484572 0.018290330246259503 -0.028247929791570939 0.015516635572755001 -0.010558308677575835 0.0020446305813012879 0.042919459116084635
leaf_weight=27850 4476 26372 2404 26489 21950 23431 5252 7039 35820 1624 8858 6754 3354 9161 14587 14877 5115 3154 14391 45117 13654 81077 2328 2474 39812 7665 9568 17043 31484 47418
leaf_count=27850 3218 20180 1566 22025 14342 12975 3764 6799 24214 1372 7044 6092 2618 8385 10183 8641 3477 2688 8237 40777 8040 53099 1516 2398 29434 6445 9406 13649 22048 35002
internal_value=-0.00187648 4.43863e-07 -0.0195991 0.00199226 -0.00326286 -0.0137769 0.00523137 0.00404204 0.00107885 0.00889072 -0.00205644 0.00788737 0.00562426 0.00483878 -0.00639337 -0.00518161 -0.00702781 -0.00166192 -0.00861425 0.000444951 -0.00148707 -0.0019635 -0.00661369 0.00243771 0.00265959 -0.00497337 0.00393474 0.000970634 0.00140992 0.0019243
internal_weight=560598 506913 53685 314781 192132 25835 69241 52257 245540 16984 138686 15360 10108 45218 53446 34579 19992 122163 18867 167434 119009 97059 15982 78106 75632 16523 36057 122317 95945 78902
internal_count=417484 375093 42391 248163 126930 14541 60461 46615 187702 13846 93174 12474 8710 39816 33756 22301 12118 79685 11455 131656 76997 62655 9556 56046 53648 13489 31431 90879 70699 57050
cat_boundaries=0 1
cat_threshold=4
is_linear=0
shrinkage=0.05


Tree=52
num_leaves=31
num_cat=1
split_feature=10 10 10 11 10 10 10 4 8 6 10 10 4 10 10 10 4 10 3 4 5 6 10 4 6 11 3 8 0 4
split_gain=7389.06 1278.9 673.919 401.996 239.825 177.211 138.882 92.9515 81.9926 83.3659 73.1868 125.535 73.1724 72.8799 54.792 92.6126 123.609 65.2148 49.9157 46.1455 45.4965 42.5162 41.5642 74.2089 41.1454 39.6024 39.6623 38.0638 41.2447 37.8262
threshold=0.8057344511571628 4.0237826713912925 1.0000000180025095e-35 70.500000000000014 0.43519700344886553 2.337425468972977 28.317184603160598 3.5000000000000004 1.2981868131868135 0.45000000000000007 2.7713669531249203 3.0586901493901317 4.5000000000000009 12.399205979568578 1.5575311628460653 1.890397441731517 4.5000000000000009 1.1823175294197679 86.500000000000014 2.5000000000000004 1.0000000180025095e-35 2.1500000000000008 3.6690843168977341 4.5000000000000009 1.2500000000000002 22.500000000000004 78.500000000000014 1.3587841945288757 0 4.5000000000000009
decision_type=2 2 2 2 2 2 2 2 2 2 2 2 2 2 2 2 2 2 2 2 2 2 2 2 2 2 2 2 1 2
left_child=2 5 -1 7 -4 14 18 13 9 19 12 29 -7 -3 17 -16 -17 -2 24 -8 21 25 23 -13 27 -9 -27 28 -5 -12
right_child=1 3 4 6 -6 10 8 20 -10 -11 11 22 -14 -15 15 16 -18 -19 -20 -21 -22 -23 -24 -25 -26 26 -28 -29 -30 -31
leaf_value=-0.026300389804375469 -0.024122782419800329 0.0071165151365594429 5.059731090750197e-05 0.069404659692926349 -0.012952355063807364 0.00078135582527112397 0.16768829231177468 -0.017942661798557948 1.280178618528045 0.29064233884494206 -0.006360992829920243 0.0016350557792816174 -0.037657065364133581 0.054187843772779409 -0.018962777363860941 -0.0092419401111471181 -0.038024837006311318 -0.013206072153749271 -0.0091711068773771675 0.060342770888614616 -0.02863321006794908 0.046112599740757744 -0.0081852435361127185 -0.030602446009550557 0.12542491977600825 0.0075476260736475178 -0.017536264522819069 0.24260731980111802 0.026385802201727593 -0.029151899747061494
leaf_weight=27798 4489 128312 2406 19638 23466 18946 8979 34753 747 4243 13903 18654 6691 36195 14439 14782 5269 14407 6094 11302 7544 4127 17472 6362 4666 57928 13103 600 27565 4671
leaf_count=27798 3191 88066 1564 14904 12974 12292 7901 28551 347 3453 8241 12072 5051 28125 10143 8666 3583 8245 4626 10750 7236 2787 11556 4918 3096 48936 10679 250 23631 3311
internal_value=-0.00195456 -8.30729e-05 -0.0195947 0.00147268 -0.0137871 -0.00414552 0.00451249 0.000568871 0.0076105 0.00711344 -0.00275003 -0.00369133 -0.000508055 0.00133596 -0.00641179 -0.00522615 -0.00742482 -0.00857589 0.00317564 0.00578004 -0.000505513 -0.0002477 -0.00219238 -0.000885433 0.00367312 -0.000441938 0.000234757 0.00323568 0.00307661 -0.00712017
internal_weight=559551 505881 53670 365796 25872 140085 83834 281962 25271 24524 86699 61062 25637 164507 53386 34490 20051 18896 58563 20281 117455 109911 42488 25016 52469 105784 71031 47803 47203 18574
internal_count=416943 374607 42336 283338 14538 91269 68958 214380 22451 22104 57441 40098 17343 116191 33828 22392 12249 11436 46507 18651 98189 90953 28546 16990 41881 88166 59615 38785 38535 11552
cat_boundaries=0 1
cat_threshold=10
is_linear=0
shrinkage=0.05


Tree=53
num_leaves=31
num_cat=0
split_feature=10 10 10 10 10 10 8 10 4 4 7 11 10 10 10 4 10 10 12 4 11 8 5 4 10 12 3 4 10 10
split_gain=7426.59 1201.35 660.762 377.55 239.587 197.739 154.043 120.773 102.861 97.2738 71.3386 69.7653 67.0717 59.3612 95.7564 118.321 83.6141 148.255 55.7893 52.6812 50.9241 48.8443 43.361 38.8313 37.6105 37.0923 37.031 36.9157 35.9955 33.563
threshold=0.8057344511571628 4.2481314061168982 1.0000000180025095e-35 14.946832442660913 0.43519700344886553 1.5575311628460653 1.2981868131868135 45.060124023675868 2.5000000000000004 1.0000000180025095e-35 27.850000000000005 33.500000000000007 1.1823175294197679 2.3722515403909918 1.890397441731517 4.5000000000000009 2.7713669531249203 3.0586901493901317 40.44731669489277 4.5000000000000009 46.500000000000007 1.5089598997493738 1.0000000180025095e-35 3.5000000000000004 32.356392634854778 56.797916204999289 34.500000000000007 4.5000000000000009 31.625954577558051 30.05503264583842
decision_type=2 2 2 2 2 2 2 2 2 2 2 2 2 2 2 2 2 2 2 2 2 2 2 2 2 2 2 2 2 2
left_child=2 5 -1 11 -4 12 7 8 9 28 22 21 -2 14 23 -16 19 27 -13 -15 -20 26 29 -7 -11 -22 -3 -18 -5 -10
right_child=1 3 4 6 -6 13 -8 -9 10 24 -12 18 -14 16 15 -17 17 -19 20 -21 25 -23 -24 -25 -26 -27 -28 -29 -30 -31
leaf_value=-0.024985370314156694 -0.022897186161647955 0.0095007948929072498 4.8067445362126598e-05 0.010287496999614022 -0.012304737310616999 0.001633299457553572 0.55118194747976446 0.3131416876711175 0.079292685171788876 0.11374253360875218 0.015582547882070141 0.031409985769287552 -0.012545768546061799 0.00074228803400757661 -0.0088336226698153553 -0.035782168067659346 -0.0060429431884242218 -0.0094024590195767935 -0.009554914977298835 -0.029574351068591655 0.031946095601366589 0.081996905271629505 -0.058277772374039041 -0.032956884337012805 0.21597495586138465 0.0028124414062656203 -0.0033909303243718028 -0.032764700584528565 0.14162595140406326 0.22798925988874058
leaf_weight=27759 4451 26094 2387 12342 23418 8723 1604 2333 8305 27371 46766 33270 14385 17308 16365 5869 13865 51440 26087 6130 26290 733 648 5920 5215 29004 106621 4718 2710 2388
leaf_count=27759 3161 19402 1553 10526 12956 5767 738 2147 6689 20733 43268 22538 8273 11118 9753 4009 8257 34794 21089 4588 18224 303 648 4426 4433 22016 80323 3356 2454 2034
internal_value=-0.00193976 -6.89903e-05 -0.0196457 0.00150267 -0.0138859 -0.00383847 0.0039455 0.00371722 0.00346896 0.00519123 0.00205698 0.000422714 -0.0086271 -0.00314643 -0.00484516 -0.00691284 -0.00247617 -0.0033414 0.00132729 0.000108798 0.000622074 -0.000354445 0.00561458 -0.00170559 0.00672682 0.00148117 -0.000425536 -0.00716919 0.00186686 0.00637567
internal_weight=560519 506955 53564 357781 25805 149174 109682 108078 105745 47638 58107 248099 18836 130338 36877 22234 93461 70023 114651 23438 81381 133448 11341 14643 32586 55294 132715 18583 15052 10693
internal_count=417335 375067 42268 277565 14509 97502 93670 92932 90785 38146 52639 183895 11434 86068 23955 13762 62113 46407 83867 15706 61329 100028 9371 10193 25166 40240 99725 11613 12980 8723
is_linear=0
shrinkage=0.05


Tree=54
num_leaves=31
num_cat=0
split_feature=10 10 10 11 10 10 8 6 10 10 10 10 12 12 11 10 10 4 10 11 12 12 11 5 8 11 4 10 4 4
split_gain=7375.62 1135.75 669.357 351.864 214.734 183.15 134.431 99.6304 86.9426 122.097 80.3766 78.2216 92.0921 60.524 54.7609 54.5027 111.061 120.12 57.8055 52.1501 52.5741 51.6507 89.1534 42.6559 39.1025 38.9865 36.3294 34.8353 67.0193 34.4844
threshold=0.8057344511571628 4.0581111217109838 1.0000000180025095e-35 69.500000000000014 0.43519700344886553 2.337425468972977 1.2981868131868135 1.2500000000000002 2.7713669531249203 3.0586901493901317 41.784480259946307 9.7518956884876768 63.378174691581513 76.257948015707015 87.500000000000014 1.5575311628460653 1.890397441731517 4.5000000000000009 1.1823175294197679 50.500000000000007 43.84459045886306 111.6900290949787 121.50000000000001 1.0000000180025095e-35 1.6210909090909096 103.50000000000001 3.5000000000000004 3.6690843168977341 4.5000000000000009 4.5000000000000009
decision_type=2 2 2 2 2 2 2 2 2 2 2 2 2 2 2 2 2 2 2 2 2 2 2 2 2 2 2 2 2 2
left_child=2 5 -1 11 -4 15 7 10 23 -10 13 24 19 -5 -15 18 -17 -18 -2 20 -13 25 -23 29 26 -16 -3 28 -11 -7
right_child=1 3 4 6 -6 8 -8 -9 9 27 -12 12 -14 14 21 16 17 -19 -20 -21 -22 22 -24 -25 -26 -27 -28 -29 -30 -31
leaf_value=-0.023736101798448858 -0.021771783990727912 0.0025516568721353217 4.5664073094020544e-05 0.080604463520820249 -0.011689500445086144 0.00070517363230719892 0.47181929629504132 0.14849458343488459 -0.0064390181641969862 0.0016683422457998366 0.21158041547605927 0.031070666214300238 -0.019204094091971238 -0.0019159828629099708 0.052976925594851211 -0.013283684364075721 -0.0083381619720990004 -0.034334486752612768 -0.011995467518046766 0.061053309870348564 -0.0033597135642403409 -0.028680995925821764 0.069568125200060657 -0.067175142989708725 0.082769042317398789 0.12484282663553081 -0.0087488613964588954 -0.0075660842251426734 -0.027438917685622146 -0.027428466551148056
leaf_weight=27778 4460 98047 2349 12068 23346 18694 1495 6934 18525 18553 4108 48973 17920 15676 12374 14670 14942 5160 14216 22746 25104 8837 16118 599 570 8149 65371 19643 6410 6462
leaf_count=27778 3176 66215 1547 8688 12914 12056 677 4702 11563 12027 3868 38671 16376 14092 10294 10226 8712 3506 8162 16746 21686 8249 13458 507 236 6311 51833 13091 4930 4802
internal_value=-0.00195847 -9.5102e-05 -0.0196197 0.00138399 -0.0138033 -0.00388277 0.00418469 0.00392101 -0.00249196 -0.00349076 0.00340618 0.000522278 0.00152362 0.00302436 0.00238578 -0.00619574 -0.0050256 -0.00743956 -0.00837438 0.00213302 0.00149 0.00326422 0.00173613 -4.36808e-05 -0.000178367 0.0051223 -0.000223966 -0.00207371 -0.000834235 0.000270313
internal_weight=560297 506824 53473 364490 25695 142334 85759 84264 88886 63131 77330 278731 114743 73222 61154 53448 34772 20102 18676 96823 74077 45478 24955 25755 163988 20523 163418 44606 24963 25156
internal_count=417099 374860 42239 282102 14461 92758 70339 69662 58976 41611 64960 211763 93479 61092 52404 33782 22444 12218 11338 77103 60357 38312 21707 17365 118284 16605 118048 30048 16957 16858
is_linear=0
shrinkage=0.05


Tree=55
num_leaves=31
num_cat=0
split_feature=10 10 10 10 10 10 8 10 11 6 10 10 6 11 12 11 12 11 12 12 10 5 10 10 10 10 12 11 8 3
split_gain=7351.66 1092.75 660.504 315.294 211.979 148.117 129.229 94.1231 85.7104 81.9305 69.5532 124.779 68.3341 45.941 84.0191 51.3314 59.1071 52.172 46.8938 43.9598 54.4696 42.3383 40.3327 100.02 53.161 39.2151 28.41 28.3951 28.02 27.2284
threshold=0.8057344511571628 4.0581111217109838 1.0000000180025095e-35 20.417111606053211 0.43519700344886553 2.337425468972977 1.2981868131868135 45.060124023675868 33.500000000000007 2.0000000000000004 2.7713669531249203 3.0586901493901317 1.0000000180025095e-35 161.50000000000003 139.17532916821509 109.50000000000001 92.946694042868117 77.500000000000014 63.935323269495505 30.350897387484789 7.6085486913991369 1.0000000180025095e-35 1.5575311628460653 1.890397441731517 1.1823175294197679 3.6690843168977341 120.56933893294615 13.500000000000002 2.0771428571428578 79.500000000000014
decision_type=2 2 2 2 2 2 2 2 2 2 2 2 2 2 2 2 2 2 2 2 2 2 2 2 2 2 2 2 2 2
left_child=2 5 -1 8 -4 22 7 9 19 13 21 28 29 14 15 16 17 18 -5 20 -3 -7 24 -24 -2 27 -17 -13 -12 -10
right_child=1 3 4 6 -6 10 -8 -9 12 -11 11 25 -14 -15 -16 26 -18 -19 -20 -21 -22 -23 23 -25 -26 -27 -28 -29 -30 -31
leaf_value=-0.022549296708526415 -0.020663737654029159 -0.0018073566047240421 4.3380869439318963e-05 0.08238446445593893 -0.011105025422831838 -2.8307184502152084e-05 0.56590858718514836 0.30479147261772255 0.014438770141201918 0.24499604747544546 -0.0063356170386851488 -0.029573927977247297 0.02817460044754121 0.16689003507151928 -0.029451789484255999 0.16525669899352949 0.0038801889105576138 0.13265136145663431 -0.0011691555763428951 -0.016763708303904813 0.02240298257383664 -0.064276577958905956 -0.012619500145871944 -0.007975033437719636 -0.011318706742856378 -0.0072172888528611858 0.06287472216939749 0.0018701398035623651 0.082055326353074692 -0.0056139454867715878
leaf_weight=27864 4551 80401 2331 10163 23476 24998 1422 2308 51861 3239 18507 12470 65522 4453 7443 6525 15658 7353 7710 33974 31577 567 14578 19945 14348 19605 4641 12433 83 29964
leaf_count=27864 3225 57035 1539 8851 12984 16780 676 2108 40509 2209 11575 8832 47108 3629 7075 5107 14808 6067 7206 28548 24125 485 10176 12191 8226 13099 4065 8047 29 23008
internal_value=-0.00206591 -0.000200623 -0.0196619 0.00125023 -0.0138984 -0.00391966 0.00424205 0.00393673 0.000526851 0.00359567 -0.00266656 -0.00355796 0.00137753 0.0032027 0.00283605 0.00354659 0.00272601 0.00422382 0.00276534 -0.000331958 0.000146011 -0.000466458 -0.0059994 -0.00498291 -0.00785624 -0.00212097 0.00655114 -0.00080412 -0.00699839 0.000413993
internal_weight=559970 506299 53671 364214 25807 142085 70915 69493 293299 67185 88663 63098 147347 63946 59493 52050 40884 25226 17873 145952 111978 25565 53422 34523 18899 44508 11166 24903 18590 81825
internal_count=417186 374799 42387 282134 14523 92665 61801 61125 220333 59017 58847 41582 110625 56808 53179 46104 36932 22124 16057 109708 81160 17265 33818 22367 11451 29978 9172 16879 11604 63517
is_linear=0
shrinkage=0.05


Tree=56
num_leaves=31
num_cat=0
split_feature=10 10 10 10 10 10 8 11 4 4 10 10 4 6 10 5 10 4 3 6 4 10 4 12 11 5 12 10 10 4
split_gain=7359.82 1069.13 658.892 312.372 238.917 157.394 138.395 101.452 83.3642 71.5317 68.0617 130.19 55.734 48.2291 45.6937 44.0303 42.4941 40.0706 39.7917 39.4739 38.2051 38.0285 72.5111 35.5401 39.8802 31.3805 31.2212 30.975 105.881 118.19
threshold=0.8057344511571628 4.0581111217109838 1.0000000180025095e-35 14.357779724907957 0.43519700344886553 2.337425468972977 1.2981868131868135 150.50000000000003 2.5000000000000004 1.0000000180025095e-35 2.7713669531249203 3.0586901493901317 5.5000000000000009 0.25000000000000006 31.625954577558051 1.0000000180025095e-35 8.8657064708310411 4.5000000000000009 76.500000000000014 1.8500000000000003 4.5000000000000009 3.6690843168977341 4.5000000000000009 136.94467507361387 116.50000000000001 1.0000000180025095e-35 100.84226418584986 1.5575311628460653 1.890397441731517 4.5000000000000009
decision_type=2 2 2 2 2 2 2 2 2 2 2 2 2 2 2 2 2 2 2 2 2 2 2 2 2 2 2 2 2 2
left_child=2 5 -1 12 -4 27 7 8 9 14 17 20 15 -10 -5 16 -3 25 -9 -18 -12 22 -13 24 26 -7 -11 -2 -29 -30
right_child=1 3 4 6 -6 10 -8 18 13 23 11 21 -14 -15 -16 -17 19 -19 -20 -21 -22 -23 -24 -25 -26 -27 -28 28 29 -31
leaf_value=-0.021421831873100095 -0.010904167291212671 0.00022935721060557412 4.1211825967352181e-05 0.0030861105471621467 -0.01054977415169025 0.00067133030991695097 0.4965249498966231 0.27647794243701185 0.0092930771010920846 0.1083702265409487 -0.0051070348811705912 0.0018898069858126921 -0.016866433415679793 0.063112259414106295 0.14275264542028873 -0.025351097113547907 0.016455280285391272 -0.032612265005761421 0.10416938266889152 0.052705836115236215 -0.030270283206042282 -0.0065666897544280015 -0.025506853118207398 -0.035649772584932203 0.20152556801726709 -0.0720019057575879 0.009509810973552392 -0.012554561247974872 -0.0075225022016080613 -0.032219010743096146
leaf_weight=27804 18770 123425 2400 12711 23322 18770 1613 3862 46265 22436 13743 18613 29088 13970 2440 5561 84257 6697 5138 4896 4761 19718 6391 1423 4595 296 3037 14611 14973 5181
leaf_count=27804 11440 84841 1564 10761 12960 12098 737 2882 42923 17038 8213 12035 26522 11666 2206 5255 62865 5045 4290 2980 3371 13096 4921 1303 3305 258 2675 10221 8789 3525
internal_value=-0.00203083 -0.000170087 -0.0196643 0.00126488 -0.0138967 -0.00384216 0.00338752 0.00318506 0.00275574 0.00434265 -0.00255341 -0.00343609 0.000256141 0.00152694 0.0015197 0.000530281 0.000645175 -0.000387183 0.00828333 0.00147696 -0.00696336 -0.00197666 -0.000681891 0.00570084 0.00606625 0.000781496 0.00529286 -0.0059844 -0.00510068 -0.00745013
internal_weight=560767 507241 53526 364717 25722 142524 117490 115877 106877 46642 88989 63226 247227 60235 15151 218139 212578 25763 9000 89153 18504 44722 25004 31491 30068 19066 25473 53535 34765 20154
internal_count=417589 375261 42328 282249 14524 93012 99786 99049 91877 37288 59037 41636 182463 54589 12967 155941 150686 17401 7172 65845 11584 30052 16956 24321 23018 12356 19713 33975 22535 12314
is_linear=0
shrinkage=0.05


Tree=57
num_leaves=31
num_cat=0
split_feature=10 10 10 10 10 11 10 8 10 10 6 3 7 8 10 5 3 12 11 12 8 10 10 5 10 10 10 11 3 11
split_gain=7379.83 1020.52 644.581 273.784 229.986 122.851 119.929 86.519 76.0384 118.905 68.5934 61.677 58.2795 50.4256 49.0892 43.276 41.759 40.8388 48.2166 47.4393 39.9864 36.0373 35.5075 33.8007 32.4443 98.8543 35.0562 29.9521 27.545 27.2342
threshold=0.8057344511571628 3.9621054757080643 1.0000000180025095e-35 28.317184603160598 0.43519700344886553 39.500000000000007 2.337425468972977 1.2981868131868135 2.7713669531249203 3.0586901493901317 0.65000000000000002 78.500000000000014 30.450000000000003 1.5817813765182189 3.6690843168977341 1.0000000180025095e-35 55.500000000000007 40.818295860272123 26.500000000000004 24.626702420769373 1.5018371184724435 7.6085486913991369 45.060124023675868 1.0000000180025095e-35 1.890397441731517 1.5575311628460653 1.1823175294197679 14.500000000000002 88.500000000000014 123.50000000000001
decision_type=2 2 2 2 2 2 2 2 2 2 2 2 2 2 2 2 2 2 2 2 2 2 2 2 2 2 2 2 2 2
left_child=2 6 -1 5 -4 13 24 10 23 -10 15 12 29 17 27 22 -14 18 19 21 -18 -3 -5 -8 25 26 -2 -11 -29 -7
right_child=1 3 4 7 -6 11 8 -9 9 14 -12 -13 16 -15 -16 -17 20 -19 -20 -21 -22 -23 -24 -25 -26 -27 -28 28 -30 -31
leaf_value=-0.020350740279445091 -0.019104799543929431 -0.0017284566350181053 3.9151234668982629e-05 0.071036920213078322 -0.010022285444105739 0.042490329137446992 -6.0458340772884259e-05 1.1357441074813766 -0.0064848705497871258 -0.02791375288975282 0.25115738974437746 0.00095721904146284231 0.0043022910398063273 0.091493867522385877 -0.0062028313336868505 -0.088142255356289043 0.039368454767705341 -0.020574711884673615 0.011365046624880649 -0.020539444634367812 0.35379301153952625 0.023532305884801197 0.22743380849620004 -0.058971943691989909 -0.0072001566557532426 -0.011360797076179608 -0.010207563041152935 0.0023061529240337108 -0.04948567632451293 0.16456528756375308
leaf_weight=27869 4495 59302 2355 23649 23475 44922 25069 790 18565 13757 4012 40348 38768 723 15133 768 25973 20197 55994 28589 267 19888 1896 582 19934 14658 14404 10018 1133 2748
leaf_count=27869 3197 42034 1543 21751 13015 33296 16837 368 11623 9727 3228 30688 31288 307 9915 768 21253 17739 40314 23299 97 15386 1758 488 12182 10234 8262 6368 817 1804
internal_value=-0.00210104 -0.000232736 -0.0197262 0.00113872 -0.014036 0.000725233 -0.00390496 0.00562671 -0.00272945 -0.00372317 0.00520115 0.0017729 0.00237358 -0.000142805 -0.00218963 0.0042726 0.00139983 -0.000194597 6.70135e-05 -0.00055136 0.00294017 7.89241e-05 0.00462419 -0.000459046 -0.00575658 -0.00480749 -0.00719747 -0.000825036 0.0011008 0.00370149
internal_weight=560281 506582 53699 368834 25830 337719 137748 31115 84257 58606 30325 153026 112678 184693 40041 26313 65008 183970 163773 107779 26240 79190 25545 25651 53491 33557 18899 24908 11151 47670
internal_count=417455 375028 42427 285378 14558 257505 89650 27873 55775 38450 27505 118426 87738 139079 26827 24277 52638 138772 121033 80719 21350 57420 23509 17325 33875 21693 11459 16912 7185 35100
is_linear=0
shrinkage=0.05


Tree=58
num_leaves=31
num_cat=1
split_feature=10 10 10 10 10 10 10 6 8 4 10 10 8 4 4 6 0 10 4 10 10 4 5 6 4 5 6 11 4 10
split_gain=7329.8 1002.28 649.182 259.951 226.116 121.603 117.652 93.1041 69.916 68.1811 63.3147 106.908 60.2426 56.762 114.643 55.5331 44.1928 43.2767 116.067 86.2378 43.1245 71.4801 37.7013 34.8269 33.3511 33.2848 32.1794 32.177 31.0505 28.3151
threshold=0.8057344511571628 4.0581111217109838 1.0000000180025095e-35 30.515850012204059 0.43519700344886553 8.8657064708310411 2.337425468972977 2.0000000000000004 1.2981868131868135 4.5000000000000009 2.7713669531249203 3.0586901493901317 1.266648351648352 2.5000000000000004 1.0000000180025095e-35 0.65000000000000002 0 1.890397441731517 4.5000000000000009 1.5575311628460653 3.6690843168977341 4.5000000000000009 1.0000000180025095e-35 4.0000000000000009 4.5000000000000009 1.0000000180025095e-35 3.3000000000000003 110.50000000000001 4.5000000000000009 1.1823175294197679
decision_type=2 2 2 2 2 2 2 2 2 2 2 2 2 2 2 2 1 2 2 2 2 2 2 2 2 2 2 2 2 2
left_child=2 6 -1 5 -4 23 17 12 9 15 22 28 13 14 -7 -5 -16 19 -19 29 21 -13 24 -3 -8 -15 -9 -18 -12 -2
right_child=1 3 4 8 -6 7 10 26 -10 -11 11 20 -14 25 16 -17 27 18 -20 -21 -22 -23 -24 -25 -26 -27 -28 -29 -30 -31
leaf_value=-0.019333203265472835 -0.018149559566732955 -0.0016420338032672177 3.7193672935531552e-05 0.11562139725797138 -0.0095211711719004558 -0.005502586874220939 0.00064078671145975099 0.1060843897320085 1.0932801837402868 0.018833922060992506 -0.004447653652186823 0.0016800089903203919 0.12936717867303602 0.0074427822501020209 0.08682695922666181 0.30010310922819416 0.028249974521480016 -0.0068374754810294428 -0.030248052373153669 -0.010792757222370631 -0.0065970999029626226 -0.022835822817809406 -0.056678266360448065 0.024435638367150327 -0.03064147513201301 -0.024655830515765545 0.050913037072430181 0.10553004934949187 -0.029853444694902011 -0.0096971848890952794
leaf_weight=27759 4540 140014 2340 14954 23517 26667 18816 4160 718 6353 13855 18500 1367 97423 15553 2857 34337 14820 5185 14528 19589 6348 578 3178 6415 4462 5524 6936 4780 14263
leaf_count=27759 3230 100728 1534 13468 12983 21549 12176 2510 340 6279 8245 11988 605 83055 10507 2251 25821 8684 3539 10168 13095 4896 490 1860 4805 4434 3764 5082 3394 8223
internal_value=-0.00210963 -0.000249447 -0.01969 0.00113957 -0.0139894 0.000778147 -0.0038095 0.00158594 0.00607266 0.00561579 -0.00269546 -0.00354912 0.00133805 0.00126094 0.00222743 0.00720201 0.00349664 -0.00566597 -0.00750437 -0.00456257 -0.00221606 -0.000833065 -0.000609284 -0.000329977 -0.000320043 0.000468911 0.00636617 0.0026385 -0.00672793 -0.00679812
internal_weight=560336 506720 53616 364503 25857 339621 142217 196429 24882 24164 88881 63072 186745 185378 83493 17811 56826 53336 20005 33331 44437 24848 25809 143192 25231 101885 9684 41273 18635 18803
internal_count=417462 375186 42276 282253 14517 259915 92933 157327 22338 21998 59089 41618 151053 150448 62959 15719 41410 33844 12223 21621 29979 16884 17471 102588 16981 87489 6274 30903 11639 11453
cat_boundaries=0 1
cat_threshold=8
is_linear=0
shrinkage=0.05


Tree=59
num_leaves=31
num_cat=0
split_feature=10 10 10 11 10 10 8 10 12 12 11 10 10 11 12 11 10 10 12 8 3 10 10 6 12 11 12 12 11 11
split_gain=7252.99 863.199 669.629 252.465 237.8 115.939 100.91 75.7965 68.1627 62.2624 95.5098 60.723 111.776 54.8399 70.6145 78.3509 52.6984 81.193 49.1452 44.6566 46.6516 43.1194 42.9377 38.0859 38.0472 37.3233 56.4365 33.4384 33.5889 31.9317
threshold=0.8057344511571628 4.0237826713912925 1.0000000180025095e-35 70.500000000000014 0.43519700344886553 2.337425468972977 1.2981868131868135 41.784480259946307 75.41633546513107 64.333147109470318 44.500000000000007 2.7713669531249203 3.0586901493901317 100.50000000000001 111.6900290949787 150.50000000000003 1.890397441731517 1.5575311628460653 100.84226418584986 1.5018371184724435 33.500000000000007 3.6690843168977341 14.946832442660913 0.15000000000000005 51.830064558920299 24.500000000000004 40.44731669489277 149.854695508909 183.50000000000003 18.500000000000004
decision_type=2 2 2 2 2 2 2 2 2 2 2 2 2 2 2 2 2 2 2 2 2 2 2 2 2 2 2 2 2 2
left_child=2 5 -1 9 -4 16 7 8 -5 10 19 -7 -13 18 -15 -16 17 -2 -10 20 29 -14 24 -9 -12 -22 -27 -17 -29 -3
right_child=1 3 4 6 -6 11 -8 23 13 -11 22 12 21 14 15 27 -18 -19 -20 -21 25 -23 -24 -25 -26 26 -28 28 -30 -31
leaf_value=-0.018366543102199193 -0.0092893130439285713 0.0039669041936258422 3.5333989288754976e-05 0.075353875326142739 -0.0090451126133054283 -0.0028167406344007163 0.32281891550645214 0.13995966264766793 0.026502086973943451 -0.028862776555312844 0.028468072585476723 -0.0047518807624245879 -0.008555176516546692 0.10714822212494246 0.00039973509104315562 0.21657908218010868 -0.0064982750489140928 -0.010253119361252106 -0.030499249230243566 0.085312605547492745 -0.0086148415979758319 -0.00585120731194464 0.075388714150450842 0.35159414318495164 -0.0026508125042561839 0.0085696508265309841 -0.01325781796932326 0.022217766626846824 0.17754381858963023 0.053971736901195437
leaf_weight=27783 18943 20421 2395 11708 23566 25829 1528 3333 22423 17845 27312 18483 25167 11715 16561 2462 19874 14462 7882 980 70515 17301 12448 1182 18235 70677 31927 3554 1603 11119
leaf_count=27783 11463 15405 1559 8222 13026 17455 690 3151 18861 16359 18600 11523 17013 8889 14553 1660 12166 10116 7534 404 53111 11495 10014 1064 13905 50679 26953 3086 1201 8733
internal_value=-0.00214182 -0.00028512 -0.019605 0.000994034 -0.0138313 -0.00362258 0.0034005 0.00316447 0.00279946 0.000276308 0.00046978 -0.00249539 -0.00335638 0.00217749 0.00349979 0.00195616 -0.00545853 -0.00424562 0.000611285 -3.56207e-05 -8.66075e-05 -0.00194382 0.00226183 0.0094629 0.0015506 -0.000408823 0.000199797 0.00615238 0.00386368 0.00168199
internal_weight=559233 505489 53744 365430 25961 140059 83951 82423 77908 281479 263634 86780 60951 66200 35895 24180 53279 33405 30305 205639 204659 42468 57995 4515 45547 173119 102604 7619 5157 31540
internal_count=416673 374305 42368 283074 14585 91231 68911 68221 64006 214163 197804 57486 40031 55784 29389 20500 33745 21579 26395 155285 154881 28508 42519 4215 32505 130743 77632 5947 4287 24138
is_linear=0
shrinkage=0.05


Tree=60
num_leaves=31
num_cat=2
split_feature=12 12 11 2 11 3 3 3 7 3 3 3 4 6 8 8 7 5 8 5 0 12 4 12 11 12 11 7 3 6
split_gain=6703.9 975.758 745.923 212.759 177.258 143.49 144.096 107.124 87.4816 82.7415 74.397 65.6572 57.2221 53.0963 66.919 49.6245 49.6219 48.1433 43.8937 37.7785 33.7006 31.3793 30.8073 30.2598 28.9479 56.3537 28.5175 28.1114 27.2899 26.0398
threshold=3.2759665946094283 1.0000000180025095e-35 25.500000000000004 0 113.50000000000001 84.500000000000014 35.500000000000007 78.500000000000014 30.450000000000003 88.500000000000014 87.500000000000014 64.500000000000014 5.5000000000000009 1.0000000180025095e-35 1.2981868131868135 1.5018371184724435 27.750000000000004 1.0000000180025095e-35 2.0771428571428578 1.0000000180025095e-35 1 100.84226418584986 5.5000000000000009 2.0443243186888806 151.50000000000003 136.94467507361387 86.500000000000014 32.550000000000004 34.500000000000007 1.0000000180025095e-35
decision_type=2 2 2 1 2 2 2 2 2 2 2 2 2 2 2 2 2 2 2 2 1 2 2 2 2 2 2 2 2 2
left_child=1 -1 3 9 7 6 23 8 17 16 12 27 19 14 -6 29 -2 22 20 -5 -18 26 28 -3 25 -15 -9 -10 -4 -13
right_child=2 5 4 10 13 -7 -8 21 11 -11 -12 15 -14 24 -16 -17 18 -19 -20 -21 -22 -23 -24 -25 -26 -27 -28 -29 -30 -31
leaf_value=-0.017448215947089233 -0.0040541484723874309 -0.011840627237823066 0.095036711208867697 -0.00057531452036352349 0.045950775245439252 3.356728982431556e-05 -0.0085928569826401631 -0.0049620439843462982 -0.0095504644405501448 -0.011849174001652486 -0.0088248473917321487 0.021096049950625195 -0.025870717213245166 0.14103575433365095 0.57471896194205241 0.68934158279376534 -0.008936460121048739 -0.034166015172037413 0.029664525943348358 -0.035740335911746392 -0.0090445539884164601 -0.057031463923893001 -0.009247783986553992 -0.00859503303271234 0.20844197847633339 -0.01242425908309901 0.044242140127235222 0.0096435821313062501 0.032342140350182812 0.061420830533923887
leaf_weight=27848 15221 4023 9735 105123 16286 2025 19470 45112 39022 3512 6802 20446 20044 6596 834 365 17027 2181 589 4406 56554 3726 4271 4452 3714 2122 3861 41271 65668 8027
leaf_count=27848 9801 2447 7651 71445 14186 1327 10900 32598 31470 2138 4432 17168 17630 4752 364 149 10621 2151 217 3996 39514 3426 4077 2878 2656 1988 2681 32995 47712 6311
internal_value=-0.00213833 -0.0182616 -0.000283225 -0.00238619 0.00148141 -0.0120003 -0.0129317 0.00103792 0.0015886 -0.00423156 -0.00112906 0.000661819 -0.000861483 0.0051384 0.00333236 0.00270823 -0.0039358 0.0028242 -0.00446946 -0.000411991 -0.00457829 -0.000957798 0.00302483 -0.00748968 0.00762548 0.0060507 -0.000621261 -7.31695e-05 0.00325882 0.0024734
internal_weight=560333 57818 502515 229278 273237 29970 27945 243685 190986 92903 136375 109131 129573 29552 17120 28838 89391 81855 74170 109529 73581 52699 79674 8475 12432 8718 48973 80293 75403 28473
internal_count=417529 45400 372129 159794 212335 17552 16225 188389 149684 62291 97503 88093 93071 23946 14550 23628 60153 61591 50352 75441 50135 38705 59440 5325 9396 6740 35279 64465 55363 23479
cat_boundaries=0 1 2
cat_threshold=4 16
is_linear=0
shrinkage=0.05


Tree=61
num_leaves=31
num_cat=1
split_feature=10 10 10 10 10 10 8 11 10 10 4 6 3 4 10 10 6 10 7 8 4 5 3 4 4 10 10 4 0 4
split_gain=7294.89 802.352 664.511 244.453 229.763 124.749 84.2767 81.8056 78.8988 103.715 63.4221 56.3778 47.4997 44.8764 112.284 105.783 41.2207 38.5488 37.682 42.86 37.5648 40.9248 36.9017 32.8978 30.792 27.5089 26.9826 63.0529 26.8908 26.1593
threshold=0.8057344511571628 4.0581111217109838 1.0000000180025095e-35 0.43519700344886553 26.67397735682005 2.337425468972977 1.5158646616541358 50.500000000000007 2.7713669531249203 3.0586901493901317 4.5000000000000009 0.35000000000000003 82.500000000000014 4.5000000000000009 1.890397441731517 1.5862281902591664 1.6500000000000001 1.1823175294197679 27.750000000000004 1.3373556231003043 4.5000000000000009 1.0000000180025095e-35 38.500000000000007 2.5000000000000004 2.5000000000000004 37.109876063959632 3.6690843168977341 4.5000000000000009 0 4.5000000000000009
decision_type=2 2 2 2 2 2 2 2 2 2 2 2 2 2 2 2 2 2 2 2 2 2 2 2 2 2 2 2 1 2
left_child=2 5 -1 -4 7 13 10 18 20 23 11 24 16 14 15 17 28 -2 -3 22 21 -7 -20 -10 25 -6 27 -11 -9 -5
right_child=1 4 3 29 6 8 -8 12 9 26 -12 -13 -14 -15 -16 -17 -18 -19 19 -21 -22 -23 -24 -25 -26 -27 -28 -29 -30 -31
leaf_value=-0.016575805149734772 -0.016839683360214464 0.0088514922067135515 3.1888925333101169e-05 -0.0081632141335081562 0.084692773866243964 0.00077835013362497212 1.2223615564185324 0.040094728550085716 -0.004033726550562289 0.0020525330926498774 0.013641248845060884 0.21138072197569777 -0.0031274895504401104 -0.016181108040876725 -0.0057321189268817914 0.0045586409670291149 0.078419822973719425 -0.0084842324216279248 0.011906991852060678 0.064934895807358936 -0.022783473539434065 -0.062295574283582039 -0.0039435317897776661 -0.0057270702259867752 0.036923878709461455 0.20890919153902951 -0.0053105447471301307 -0.020725071477751867 0.012821692898832905 -0.011410984388691059
leaf_weight=27824 3295 41026 2423 17066 8509 18843 628 43366 8177 18611 9315 5623 20660 14098 14716 8827 5739 12541 33517 1255 6813 294 150672 10563 8381 3591 19688 6398 32252 6419
leaf_count=27824 2275 29336 1575 9212 7225 12115 254 32936 4893 12089 9201 4483 15700 9830 8622 5857 3673 7271 26001 533 5087 264 115146 6767 7755 3211 13112 4922 26872 3789
internal_value=-0.00211564 -0.000260446 -0.0196345 -0.0138722 0.00098427 -0.00343649 0.00477363 0.00056844 -0.00229368 -0.00324377 0.00445171 0.0057156 0.00174407 -0.00534669 -0.00621334 -0.00415095 0.00228776 -0.00659573 3.88572e-05 -0.0002645 2.89017e-05 0.00116398 -0.000327245 -0.00636606 0.00449807 0.00611157 -0.00193469 -0.000844696 0.0019777 -0.0154322
internal_weight=561130 507398 53732 25908 364534 142864 36047 328487 89387 63437 35419 26104 102017 53477 39379 24663 81357 15836 226470 185444 25950 19137 184189 18740 20481 12100 44697 25009 75618 23485
internal_count=417830 375430 42400 14576 282326 93104 32129 250197 59249 41783 31875 22674 79181 33855 24025 15403 63481 9546 171016 141680 17466 12379 141147 11660 18191 10436 30123 17011 59808 13001
cat_boundaries=0 1
cat_threshold=10
is_linear=0
shrinkage=0.05


Tree=62
num_leaves=31
num_cat=0
split_feature=10 10 10 10 10 10 8 6 10 10 8 6 4 10 4 10 10 10 4 11 12 11 12 11 12 4 10 12 10 5
split_gain=7289.7 786.218 654.521 222.199 199.695 114.854 81.1346 75.8128 69.9637 98.1087 66.9203 66.6179 56.323 54.8447 52.4611 97.1665 88.0548 55.9115 51.0213 48.9385 54.1227 52.1724 53.0746 45.2055 45.3597 44.087 42.5449 38.0215 33.1902 32.9661
threshold=0.8057344511571628 3.9621054757080643 1.0000000180025095e-35 0.43519700344886553 24.582108491562828 2.337425468972977 1.5158646616541358 2.0000000000000004 2.7713669531249203 3.1117326383017878 1.8457336523126002 2.0000000000000004 2.5000000000000004 3.6690843168977341 4.5000000000000009 1.890397441731517 1.5575311628460653 1.1823175294197679 4.5000000000000009 33.500000000000007 40.44731669489277 52.500000000000007 64.333147109470318 80.500000000000014 90.365295321670956 4.5000000000000009 41.784480259946307 30.350897387484789 6.0089836851277889 1.0000000180025095e-35
decision_type=2 2 2 2 2 2 2 2 2 2 2 2 2 2 2 2 2 2 2 2 2 2 2 2 2 2 2 2 2 2
left_child=2 5 -1 -4 7 14 11 10 25 -10 19 12 26 18 15 16 17 -2 -11 27 -21 -22 -23 -24 -25 29 -6 28 -3 -7
right_child=1 4 3 -5 6 8 -8 -9 9 13 -12 -13 -14 -15 -16 -17 -18 -19 -20 20 21 22 23 24 -26 -27 -28 -29 -30 -31
leaf_value=-0.015747014892248033 -0.015992294498835349 -0.0021798404908457414 3.0294479066445003e-05 -0.0077550534268327476 0.089254737540323426 0.00073943262694371465 1.0793982818997088 0.032516408929656217 -0.0052410906586142893 0.0024565116305036664 0.26417259295773576 0.28216908139744529 0.026304431205858236 -0.0049550197402588037 -0.015527318164569438 -0.0054318543087673588 -0.0081681146679142506 -0.0080536481511290555 -0.01801790570081303 0.025747756995912648 -0.0080035076803430805 0.037072525526028098 -0.019685278490371161 0.059851924536889679 -0.0002681771827534263 -0.027714316673721508 0.28700491461157468 -0.016448344612002241 0.0098359892781452185 -0.057520869613162967
leaf_weight=27883 3349 53095 2359 23301 17186 18651 699 15459 20752 16855 457 1926 23596 15190 14102 14802 10599 10447 5858 33732 48412 29861 19909 10621 19688 6683 1808 33797 58236 290
leaf_count=27883 2293 37187 1551 12913 14462 12037 283 9793 13086 10927 167 1344 22316 9912 9876 8664 7197 5799 4468 23206 39436 21343 17359 7793 16226 5063 1634 28547 43940 254
internal_value=-0.00215255 -0.000296309 -0.0196968 -0.0139341 0.000907914 -0.00352164 0.00402024 0.000472597 -0.00237277 -0.00332495 0.000300999 0.00375483 0.00334351 -0.00181186 -0.00533828 -0.00627918 -0.00434003 -0.00697304 -0.000256461 0.000272571 0.000869328 0.00040139 0.00118477 0.000192162 0.001408 -0.000193178 0.00537012 -0.000394479 5.14232e-05 0.00103875
internal_weight=559603 506060 53543 25660 368482 137578 45215 323267 84279 58655 307808 44516 42590 37903 53299 39197 24395 13796 22713 307351 162223 128491 80079 50218 30309 25624 18994 145128 111331 18941
internal_count=416959 374612 42347 14464 285036 89576 40039 244997 55747 38393 235204 39756 38412 25307 33829 23953 15289 8092 15395 235037 125363 102157 62721 41378 24019 17354 16096 109674 81127 12291
is_linear=0
shrinkage=0.05


Tree=63
num_leaves=31
num_cat=2
split_feature=10 10 10 10 10 10 6 8 8 11 6 10 4 10 10 10 4 12 3 4 4 4 4 0 0 10 5 4 10 10
split_gain=7337.4 702.926 646.673 208.515 182.612 139.106 72.4817 71.7828 63.3487 55.8918 53.5903 52.8942 98.876 69.3162 52.065 103.733 44.1538 39.3646 39.3135 38.403 38.3686 37.3566 56.1282 51.6809 39.9907 35.9451 33.5228 31.6326 30.4248 26.5187
threshold=0.8057344511571628 4.2481314061168982 1.0000000180025095e-35 0.43519700344886553 29.510247914275634 2.337425468972977 2.0000000000000004 1.2981868131868135 1.5018371184724435 28.500000000000004 0.15000000000000005 1.890397441731517 4.5000000000000009 1.5575311628460653 2.7713669531249203 3.0586901493901317 4.5000000000000009 24.487211959956657 82.500000000000014 2.5000000000000004 5.5000000000000009 1.0000000180025095e-35 2.5000000000000004 0 1 3.6917386507025713 1.0000000180025095e-35 2.5000000000000004 43.798720862826471 10.859117072442308
decision_type=2 2 2 2 2 2 2 2 2 2 2 2 2 2 2 2 2 2 2 2 2 2 2 1 1 2 2 2 2 2
left_child=2 5 -1 -4 6 11 8 10 9 17 27 13 -13 -2 16 19 26 -3 21 -16 25 -11 24 -24 -23 -17 -7 -6 -12 -8
right_child=1 4 3 -5 7 14 29 -9 -10 18 28 12 -14 -15 15 20 -18 -19 -20 -21 -22 22 23 -25 -26 -27 -28 -29 -30 -31
leaf_value=-0.01495966414763563 -0.0076627430863584591 0.0008218997511775239 2.8779755113123031e-05 -0.0073673007554911135 0.10507659974068062 0.00070246099559652115 0.0088530169743043178 0.88292949540634147 0.086693807939775977 -0.0063190557152490003 0.12687283449422262 -0.0051578203066956485 -0.026505108102800646 -0.0087051386150930332 -0.0035699856901034279 8.7649366919606569e-05 -0.026328600840035434 -0.014700992569790117 -0.0052221762285845855 -0.0039371129540550776 -0.023974588942242692 0.060559654898104255 0.0222871897943842 -0.0042577831880448169 0.024637372568024854 -0.0051087753116612067 -0.055581826501488241 0.021106611516052531 0.32907618367304181 0.081156224811507249
leaf_weight=27825 18693 66587 2321 23679 8160 18730 8722 783 1638 26594 7003 14714 5143 14569 8169 24112 6630 40305 30756 10668 6124 16507 41029 50103 40266 21226 291 11516 813 7032
leaf_count=27825 11359 48715 1539 13045 7242 12070 5380 371 644 20796 5913 8594 3527 10209 4907 15790 5010 32829 23252 6804 5026 11085 31827 43521 29596 13972 255 11054 733 4648
internal_value=-0.00214996 -0.000286111 -0.0197023 -0.0140327 0.000915699 -0.00317085 0.000584832 0.00477188 0.000418678 0.000367215 0.00434672 -0.00522365 -0.0072657 -0.00400457 -0.00203439 -0.00273795 -0.000106234 -0.000559911 0.00085004 -0.00591257 -0.00157592 0.00114055 0.00145076 0.000681978 0.00268481 -0.00107415 0.0011185 0.00295538 0.00784928 0.00389425
internal_weight=560708 506883 53825 26000 357814 149069 329539 28275 313785 312147 27492 53119 19857 33262 95950 70299 25651 106892 205255 18837 51462 174499 147905 91132 56773 45338 19021 19676 7816 15754
internal_count=417538 375129 42409 14584 277606 97523 252293 25313 242265 241621 24942 33689 12121 21568 63834 46499 17335 81544 160077 11711 34788 136825 116029 75348 40681 29762 12325 18296 6646 10028
cat_boundaries=0 1 2
cat_threshold=19 24
is_linear=0
shrinkage=0.05


Tree=64
num_leaves=31
num_cat=0
split_feature=10 10 10 10 11 10 6 4 10 10 4 10 10 12 11 5 12 11 10 10 12 11 12 10 4 5 11 12 12 10
split_gain=7233.5 708.91 657.395 224.656 203.749 90.0838 59.2698 58.5366 55.6608 123.013 62.8878 84.3041 101.187 49.8146 55.5326 48.9698 44.5756 74.0694 43.6143 42.43 56.6678 36.9911 65.3902 29.8535 27.2179 40.2323 27.2177 26.9199 26.4496 24.6111
threshold=0.8057344511571628 3.1735078661945892 1.0000000180025095e-35 0.43519700344886553 63.500000000000007 41.784480259946307 1.8500000000000003 5.5000000000000009 2.337425468972977 2.7713669531249203 4.5000000000000009 1.890397441731517 1.5862281902591664 75.41633546513107 178.50000000000003 1.0000000180025095e-35 149.854695508909 96.500000000000014 1.1823175294197679 9.7518956884876768 48.162000186746575 140.50000000000003 111.6900290949787 3.7786714142501094 4.5000000000000009 1.0000000180025095e-35 44.500000000000007 41.606614141298316 100.84226418584986 13.61661762351074
decision_type=2 2 2 2 2 2 2 2 2 2 2 2 2 2 2 2 2 2 2 2 2 2 2 2 2 2 2 2 2 2
left_child=2 8 -1 -4 7 6 13 15 10 24 11 12 18 29 16 19 17 28 -2 -3 26 22 -19 -9 25 -10 27 -21 -15 -6
right_child=1 4 3 -5 5 -7 -8 23 9 -11 -12 -13 -14 14 -16 -17 -18 21 -20 20 -22 -23 -24 -25 -26 -27 -28 -29 -30 -31
leaf_value=-0.01421168094025385 -0.014809542619575657 -0.00036184202942444923 2.7340767357464381e-05 -0.0069989357177165593 0.026945874915941803 0.19355486553586659 0.1014321390577555 -0.03221153207832566 0.00066733794581670398 -0.0056269992556608811 -0.014212549576286494 -0.0048650876695257141 -0.0092385411873662903 0.0067990195486993706 0.15520480180196136 -0.027276680543970366 -0.035791238130205197 0.080629822294183029 -0.0072796059320405339 0.028627840361699256 -0.0064249506638137891 0.13439726759909748 -0.0029055957281204138 -0.013005538458885059 -0.024825782489849926 -0.053525660763670359 0.059667304673172133 -0.01300944037318761 -0.034665550205113506 0.088993967591548276
leaf_weight=27814 3274 172515 2328 23400 9133 4823 4958 3229 18515 23394 14082 14876 8718 23226 2365 8121 7275 13746 12342 35727 27728 3873 11463 37515 6716 275 13109 8251 6566 10541
leaf_count=27814 2256 117857 1524 12914 6135 4383 3180 2671 11969 14914 9808 8678 5822 19964 1747 7693 6695 10660 7190 27373 22712 2831 10027 34645 5050 251 9209 6785 6284 8071
internal_value=-0.00219433 -0.000346298 -0.0196715 -0.0139109 0.000594437 0.00257913 0.00223413 -4.05787e-05 -0.00406685 -0.00284867 -0.00518464 -0.00621398 -0.00440125 0.00193507 0.00129827 0.000230268 0.00102912 0.00148538 -0.00681032 0.000350911 0.00126658 0.00328038 0.00258142 -0.00180517 -0.000446954 0.000529537 0.00216731 0.00157124 -0.00026685 0.00415269
internal_weight=559898 506356 53542 25728 404164 97969 93146 306195 102192 48900 53292 39210 24334 88188 68514 265451 66149 58874 15616 257330 84815 29082 25209 40744 25506 18790 57087 43978 29792 19674
internal_count=417112 374860 42252 14438 308922 79977 75594 228945 65938 32184 33754 23946 15268 72414 58208 191629 56461 49766 9446 183936 66079 23518 20687 37316 17270 12220 43367 34158 26248 14206
is_linear=0
shrinkage=0.05


Tree=65
num_leaves=31
num_cat=1
split_feature=10 10 10 10 11 10 4 10 10 10 6 8 10 10 8 6 10 4 6 0 4 3 10 4 10 10 4 6 10 11
split_gain=7282.15 659.291 648.284 220.529 160.365 105.616 87.1908 102.248 103.248 66.6307 57.2123 50.1212 49.9576 79.0758 49.3979 41.0508 39.8447 37.8623 36.6073 35.2819 32.5828 31.0834 30.388 58.4892 30.3843 29.4062 26.8763 26.2217 26.1835 25.6962
threshold=0.8057344511571628 4.0581111217109838 1.0000000180025095e-35 0.43519700344886553 90.500000000000014 2.337425468972977 4.5000000000000009 1.890397441731517 1.5862281902591664 36.030877403914388 0.15000000000000005 1.2981868131868135 2.7713669531249203 3.0586901493901317 1.5018371184724435 0.45000000000000007 1.1823175294197679 5.5000000000000009 2.4500000000000006 0 3.5000000000000004 36.500000000000007 3.6917386507025713 4.5000000000000009 14.357779724907957 1.4227507702095894 5.5000000000000009 4.0000000000000009 0.95850667735212247 15.500000000000002
decision_type=2 2 2 2 2 2 2 2 2 2 2 2 2 2 2 2 2 2 2 1 2 2 2 2 2 2 2 2 2 2
left_child=2 5 -1 -4 10 6 7 8 16 18 14 15 -7 20 17 -11 -2 21 19 -6 -14 -3 23 29 27 -18 28 -12 -8 -15
right_child=1 4 3 -5 9 12 26 -9 -10 11 24 -13 13 22 -16 -17 25 -19 -20 -21 -22 -23 -24 -25 -26 -27 -28 -29 -30 -31
leaf_value=-0.013501096893241159 -0.014074470181965271 0.013105058326161247 2.5973728989592273e-05 -0.0066489889318307356 0.069131871834010636 -0.0002030149119303104 -0.012514340989126883 -0.0046591161945179317 0.005636298642196347 0.08932689469844278 0.0046587448159586932 1.2102411583645414 -0.002581221606154838 -0.026013852147913765 0.082377209644258417 0.26942566980141186 -0.0032206104626334442 -0.015197229132449542 0.12394984915838769 0.018536350689712402 -0.007234053596341195 -0.00081725857924337404 -0.0051906924643235989 -0.017220908018286709 0.048960598990279894 -0.0069926130347265584 -0.024906483570481863 0.027570246495670771 0.00042823702927771159 0.0020601269628165663
leaf_weight=27771 3301 27373 2341 23599 10473 25629 275 14890 8772 7709 70353 500 11262 10845 1479 2000 3800 30537 2277 30431 7451 153730 17263 6952 21824 8620 6668 5752 7070 9494
leaf_count=27771 2277 21137 1541 13009 7865 17323 237 8696 5830 7165 50105 212 6562 7275 595 1648 2228 28779 1383 25603 5065 116762 11529 5342 17604 4990 4906 3462 4662 5840
internal_value=-0.00218484 -0.000329268 -0.019691 -0.0140073 0.000797667 -0.00321557 -0.00497322 -0.00617843 -0.00419201 0.00332928 0.000363127 0.00696199 -0.00215983 -0.00291424 -9.65423e-05 0.00616696 -0.00661695 -0.000160178 0.00247042 0.00212693 -0.0056418 0.000114438 -0.00176864 -0.000730094 0.00136349 -0.00791465 -0.00158603 0.00089186 0.00050034 0.000623187
internal_weight=560441 506730 53711 25940 364438 142292 53396 39383 24493 53390 311048 10209 88896 63267 213119 9709 15721 211640 43181 40904 18713 181103 44554 27291 97929 12420 14013 76105 7345 20339
internal_count=417403 375082 42321 14550 282320 92762 33826 24021 15325 43876 238444 9025 58936 41613 167273 8813 9495 166678 34851 33468 11627 137899 29986 18457 71171 7218 9805 53567 4899 13115
cat_boundaries=0 1
cat_threshold=10
is_linear=0
shrinkage=0.05


Tree=66
num_leaves=31
num_cat=0
split_feature=10 10 10 10 11 10 4 10 10 10 12 10 12 11 10 10 10 8 6 11 12 12 11 12 11 4 10 4 4 6
split_gain=7276.79 650.885 608.803 208.338 155.098 92.5215 92.0265 74.8232 96.0314 64.6776 68.321 57.4739 66.457 65.4777 51.0997 82.374 48.5572 46.9969 45.0289 38.1828 64.3056 57.9513 50.875 41.1291 40.8724 37.8553 34.3963 49.9173 33.8621 30.4444
threshold=0.8057344511571628 1.0000000180025095e-35 4.0581111217109838 0.43519700344886553 116.50000000000001 2.337425468972977 4.5000000000000009 1.890397441731517 1.5575311628460653 9.4655519873435718 124.27904564315354 45.060124023675868 123.33893848768433 156.50000000000003 2.7713669531249203 3.0586901493901317 1.1823175294197679 1.5207142857142861 2.0000000000000004 79.500000000000014 72.108069875178003 92.946694042868117 62.500000000000007 47.532543010290517 39.500000000000007 2.5000000000000004 3.6917386507025713 4.5000000000000009 4.5000000000000009 3.3000000000000003
decision_type=2 2 2 2 2 2 2 2 2 2 2 2 2 2 2 2 2 2 2 2 2 2 2 2 2 2 2 2 2 2
left_child=1 -1 5 -3 9 6 7 8 16 -4 17 12 -6 -14 28 25 -2 18 19 20 22 -21 23 24 -11 -16 27 -17 -7 -20
right_child=2 3 4 -5 11 14 -8 -9 -10 10 -12 -13 13 -15 15 26 -18 -19 29 21 -22 -23 -24 -25 -26 -27 -28 -29 -30 -31
leaf_value=-0.012826042048579102 -0.013365341979498613 2.4675042540112102e-05 -0.0011532617635449328 -0.0063165394852392033 0.11954039594387283 0.00064412179412238763 -0.012241189977026235 -0.004386039492336802 -0.0066108410554255315 0.0084072713784837383 -0.056823417012489053 0.30700318588122039 -0.004184756215436636 0.11007947966315204 -0.0029810753625074682 0.0014020516074405355 -0.0065542176409163272 0.18343881580464583 0.094063879174786591 0.07512594814973711 -0.021955490860644567 0.0082383156518758948 0.065842354131089298 -0.0068110254241562362 0.050218556363884392 -0.0044895406449560141 -0.0050927809787040257 -0.015424504842623655 -0.023760730927944642 0.032827349915479864
leaf_weight=27746 3269 2296 161193 23438 7604 19027 14066 14822 10712 45341 4599 1892 10966 6907 8157 20380 10536 796 3330 15908 20096 16976 11967 32469 19634 10431 17248 7048 6731 4352
leaf_count=27746 2253 1518 115959 12948 5398 12305 9786 8660 7244 37311 4491 1628 9660 5409 4869 13116 5854 290 2068 12188 18666 15230 8639 27601 14374 6707 11566 5374 5075 3096
internal_value=-0.00214707 -0.0196877 -0.000294842 -0.0139601 0.000789495 -0.00306631 -0.00471164 -0.00595274 -0.00425725 0.000495231 0.00115947 0.00440919 0.00378479 0.00211912 -0.00207926 -0.00284364 -0.00701376 0.00132133 0.0012646 0.00108765 0.000701313 0.00260917 0.00117881 0.000800973 0.00152713 -0.00564074 -0.00167987 -0.0005797 -0.000201879 0.00500521
internal_weight=559937 53480 506457 25734 364030 142427 53405 39339 24517 336661 175468 27369 25477 17873 89022 63264 13805 170869 170073 162391 129507 32884 109411 97444 64975 18588 44676 27428 25758 7682
internal_count=417029 42212 374817 14466 282008 92809 33797 24011 15351 259913 143954 22095 20467 15069 59012 41632 8107 139463 139173 134009 106591 27418 87925 79286 51685 11576 30056 18490 17380 5164
is_linear=0
shrinkage=0.05


Tree=67
num_leaves=31
num_cat=0
split_feature=10 10 10 10 10 10 4 10 10 10 8 6 8 10 4 6 4 4 4 10 10 4 4 10 10 6 7 10 6 4
split_gain=7218.4 665.084 585.94 226.059 146.721 102.149 97.5758 85.5324 95.9238 72.075 57.7244 54.7092 53.5991 50.8886 47.2926 43.5923 42.0944 74.2185 39.3792 35.5329 72.5864 62.985 34.471 35.3853 31.7508 29.3034 44.2796 26.8651 25.7481 24.8647
threshold=0.8057344511571628 1.0000000180025095e-35 4.2481314061168982 0.43519700344886553 34.905210870434537 2.337425468972977 4.5000000000000009 1.890397441731517 1.5575311628460653 12.399205979568578 1.2981868131868135 2.0000000000000004 1.6265161290322585 1.1823175294197679 5.5000000000000009 0.45000000000000007 2.5000000000000004 1.0000000180025095e-35 2.5000000000000004 2.7713669531249203 3.0586901493901317 2.5000000000000004 5.5000000000000009 0.95850667735212247 3.6690843168977341 3.3000000000000003 29.050000000000004 2.9561289692310813 4.0000000000000009 4.5000000000000009
decision_type=2 2 2 2 2 2 2 2 2 2 2 2 2 2 2 2 2 2 2 2 2 2 2 2 2 2 2 2 2 2
left_child=1 -1 5 -3 9 6 7 8 13 28 15 12 16 -2 19 18 17 -11 -6 -7 21 -21 23 -8 -22 26 -13 -23 -4 -5
right_child=2 3 4 29 10 14 22 -9 -10 11 -12 25 -14 -15 -16 -17 -18 -19 -20 20 24 27 -24 -25 -26 -27 -28 -29 -30 -31
leaf_value=-0.012184739946150146 -0.012697074880523684 2.3441290413106498e-05 -0.00037345076050923078 -0.0060007125109772467 0.14879276201682412 0.00037867103939139837 -0.011276564440819226 -0.0042068584101752071 -0.0062802990026542549 -0.0056970611460256393 1.0071388377372428 0.15417029724178741 0.77219032736597326 -0.0061322520088056059 -0.027917816476139869 0.22218978355946606 0.0042172191437047429 0.061511703727182759 0.024401111504423412 -0.0028018143343547133 0.00079008964365723244 -7.2565771826127445e-05 -0.02304369519973808 0.0010188846766651439 -0.003919564214040161 0.047586105370209353 -0.07384774640852676 -0.0074587634219304812 0.025378813769689493 -0.009086094253401001
leaf_weight=27744 3337 2382 210026 17131 5043 22501 242 14805 10717 17352 589 2391 297 10590 11578 2792 65869 36801 7334 8166 21922 6079 6680 7083 23364 3460 303 2226 5008 6392
leaf_count=27744 2293 1562 154978 9215 4497 14825 218 8653 7237 14462 265 1357 99 5862 9298 2318 58637 27771 7106 4874 14462 3721 4910 4669 15292 2452 285 1344 3014 3750
internal_value=-0.00218046 -0.0196206 -0.000333379 -0.0138593 0.000765888 -0.00296403 -0.00471527 -0.00598811 -0.00418357 0.000548232 0.00548293 0.00149538 0.00126019 -0.00692001 -0.00198725 0.00488661 0.0012077 0.00224041 0.00361356 -0.00157552 -0.0021953 -0.00503764 -0.00112995 0.00123891 -0.00116151 0.0060936 0.0100037 -0.0019717 -8.83581e-06 -0.0153456
internal_weight=560204 53649 506555 25905 357265 149290 53454 39449 24644 341507 15758 126473 120319 13927 95836 15169 120022 54153 12377 84258 61757 16471 14005 7325 45286 6154 2694 8305 215034 23523
internal_count=417170 42271 374899 14527 277241 97658 33842 24045 15392 263055 14186 105063 100969 8155 63816 13921 100870 42233 11603 54518 39693 9939 9797 4887 29754 4094 1642 5065 157992 12965
is_linear=0
shrinkage=0.05


Tree=68
num_leaves=31
num_cat=0
split_feature=10 10 10 10 10 10 4 10 10 8 6 10 10 10 10 4 11 12 11 8 5 4 10 12 4 10 4 11 11 4
split_gain=7293.48 652.676 562.892 229.548 129.277 95.8889 92.5305 90.2221 110.081 80.8242 59.3142 52.7832 45.8019 69.738 48.1469 56.1482 44.0878 46.2313 42.9042 42.2739 42.0106 38.835 31.9197 30.5283 29.4203 30.9977 29.0121 27.0304 26.9455 26.3048
threshold=0.8057344511571628 1.0000000180025095e-35 3.9621054757080643 0.43519700344886553 26.67397735682005 2.337425468972977 4.5000000000000009 1.890397441731517 1.5575311628460653 1.5158646616541358 0.15000000000000005 1.1823175294197679 2.7713669531249203 3.0586901493901317 3.6917386507025713 4.5000000000000009 170.50000000000003 136.94467507361387 115.50000000000001 1.8457336523126002 1.0000000180025095e-35 2.5000000000000004 13.46962841471843 96.306901176061999 5.5000000000000009 0.95850667735212247 4.5000000000000009 82.500000000000014 13.500000000000002 3.5000000000000004
decision_type=2 2 2 2 2 2 2 2 2 2 2 2 2 2 2 2 2 2 2 2 2 2 2 2 2 2 2 2 2 2
left_child=1 -1 5 -3 10 6 7 8 11 16 19 -2 26 21 15 28 17 18 23 29 22 -14 -12 27 25 -8 -7 -6 -15 -4
right_child=2 3 4 -5 9 12 24 -9 -10 -11 20 -13 13 14 -16 -17 -18 -19 -20 -21 -22 -23 -24 -25 -26 -27 -28 -29 -30 -31
leaf_value=-0.011575502948842638 -0.012062221136497499 2.226922589245173e-05 0.0035935308964912594 -0.0057006768854283799 0.048651706251479965 0.00059298215244669723 -0.010712736218778263 -0.003996515489666441 -0.0049326842675662787 1.0138648422612675 0.0077046349672384266 -0.0059262668078477135 -0.002661723617636991 -0.025153836246816663 -0.0041608039353523201 -0.014321406307171625 0.18942471221925414 -0.0083195433238861579 0.16229990221885623 0.20938844739965795 -0.027569291072244574 -0.0033452441180610751 0.048284368697471797 0.0087974211292831239 -0.021717091139790524 0.00088554835017544691 -0.020695572806933682 0.17043878701873699 0.0021801297289399725 -0.0059509820218994315
leaf_weight=27865 3334 2355 133299 23367 7712 18977 246 14902 10834 609 73374 10595 8186 8778 12767 6969 2962 7963 4877 474 3295 10477 28661 8482 6707 7127 6686 3119 11680 94484
leaf_count=27865 2290 1541 97593 12893 7078 12307 218 8712 7266 245 50696 5869 4852 5932 8371 5341 2356 7539 4063 174 3175 6767 21637 8092 4915 4723 5024 2581 7194 80190
internal_value=-0.00215494 -0.0196983 -0.000302812 -0.013955 0.000715995 -0.00302408 -0.00467532 -0.00591138 -0.0040615 0.00357463 0.000409863 -0.00700158 -0.00197409 -0.00274266 -0.00156989 -0.000389215 0.00326143 0.0027237 0.00381149 -4.30436e-05 0.00139134 -0.00526845 0.00157078 0.00275333 -0.00119318 0.000986708 -0.000211394 0.00451251 0.000931176 -7.40837e-05
internal_weight=561163 53587 507576 25722 369311 138265 53745 39665 24763 35724 333587 13929 84520 58857 40194 27427 35115 32153 24190 228257 105330 18663 102035 19313 14080 7373 25663 10831 20458 227783
internal_count=417499 42299 375200 14434 285419 89781 33993 24137 15425 31954 253465 8159 55788 38457 26838 18467 31709 29353 21814 177957 75508 11619 72333 17751 9856 4941 17331 9659 13126 177783
is_linear=0
shrinkage=0.05


Tree=69
num_leaves=31
num_cat=0
split_feature=10 10 10 10 10 8 6 4 4 4 10 10 10 10 4 6 7 3 6 11 10 5 5 7 3 10 10 10 3 10
split_gain=7167.88 687.761 534.276 243.463 156.104 105.642 74.3099 55.9966 52.7434 67.449 41.9787 55.4662 84.9343 90.9978 41.1517 37.6227 44.8622 35.304 43.9842 37.4188 34.4854 32.5243 30.2469 28.7536 27.3941 27.1567 25.9901 24.2387 23.9699 22.9287
threshold=0.8057344511571628 1.0000000180025095e-35 3.1735078661945892 0.43519700344886553 11.54565199704273 1.5207142857142861 2.0000000000000004 2.5000000000000004 2.5000000000000004 1.0000000180025095e-35 1.5575311628460653 1.890397441731517 2.3722515403909918 2.7713669531249203 5.5000000000000009 3.3000000000000003 29.050000000000004 37.500000000000007 0.95000000000000007 77.500000000000014 1.1823175294197679 1.0000000180025095e-35 1.0000000180025095e-35 28.850000000000005 53.500000000000007 24.500020234823065 38.298474834336503 30.515850012204059 71.500000000000014 2.9356540960527169
decision_type=2 2 2 2 2 2 2 2 2 2 2 2 2 2 2 2 2 2 2 2 2 2 2 2 2 2 2 2 2 2
left_child=1 -1 7 -3 14 6 8 10 9 26 20 -12 -13 -14 21 16 25 18 -11 -19 -2 -4 23 27 -7 -8 -6 -10 -17 -15
right_child=2 3 4 -5 5 24 15 -9 22 17 11 12 13 29 -16 28 -18 19 -20 -21 -22 -23 -24 -25 -26 -27 -28 -29 -30 -31
leaf_value=-0.010996727801400506 -0.011464514773041013 2.1155764597829976e-05 0.00012343814579232059 -0.0054156430411569593 -0.0046887855273832994 -0.042846084598676157 0.093103578093174919 -0.004240637557521354 0.0240467372127279 0.1215328962156102 0.0023681934460338134 -0.0040047469809501249 0.00023295227685455889 -0.0016501884662646128 -0.016199086080246294 0.072784990935595734 -0.069158048524818216 0.014080001972200629 -0.10919671005937165 0.073814340221613151 -0.0056353581608237007 -0.029405699575236401 -0.028520950101741563 0.0015807473194266565 0.7451978485243792 0.36505682660771138 0.1301222977766095 0.11880570905849393 -0.098386120322710463 -0.0078290108055912629
leaf_weight=27879 1942 2408 212335 23296 20283 184 2214 57645 16800 8672 6494 9468 10282 4834 29156 3649 327 15085 703 20830 6079 5579 3715 58101 927 864 1258 3389 454 5403
leaf_count=27879 1356 1558 146781 12894 16795 68 1300 38119 13896 6406 4328 5694 6690 2964 25832 2509 305 11517 599 16090 3447 5137 3709 52567 351 508 1172 3105 404 3283
internal_value=-0.00216986 -0.0195608 -0.000330687 -0.0136613 0.000485199 0.00171557 0.00160639 -0.00356178 0.00136157 0.0024042 -0.00489416 -0.00417409 -0.00508137 -0.0032738 -0.000298903 0.00645978 0.0103451 0.00349967 0.006232 0.00278644 -0.00816918 -6.28688e-05 0.000511859 0.000721037 0.0170792 0.0122157 0.00010097 0.00234657 0.00323544 -0.00661082
internal_weight=560255 53583 506672 25704 404525 157455 156344 102147 148836 66831 44502 36481 29987 20519 247070 7508 3405 45290 9375 35915 8021 217914 82005 78290 1111 3078 21541 20189 4103 10237
internal_count=417263 42331 374932 14452 309051 131301 130882 65881 125856 52579 27762 22959 18631 12937 177750 5026 2113 34612 7005 27607 4803 151918 73277 69568 419 1808 17967 17001 2913 6247
is_linear=0
shrinkage=0.05


Tree=70
num_leaves=31
num_cat=0
split_feature=10 10 10 10 11 11 10 4 10 10 10 12 10 3 8 8 6 4 6 4 12 11 3 4 10 5 4 10 10 4
split_gain=7233.15 681.58 499.829 215.72 125.306 73.3573 65.3047 97.6671 75.4525 66.2648 98.2557 63.6156 62.2064 54.2277 53.742 44.1536 43.2565 42.8434 40.1381 38.8343 33.917 53.987 31.8265 29.6023 28.7996 27.9639 27.8835 27.1625 24.5051 24.3175
threshold=0.8057344511571628 1.0000000180025095e-35 3.1735078661945892 0.43519700344886553 114.50000000000001 26.500000000000004 2.337425468972977 4.5000000000000009 2.7713669531249203 1.890397441731517 1.5575311628460653 120.56933893294615 1.1823175294197679 36.500000000000007 1.5207142857142861 2.0162962962962969 2.2500000000000004 5.5000000000000009 1.0000000180025095e-35 5.5000000000000009 123.33893848768433 149.50000000000003 55.500000000000007 4.5000000000000009 0.95850667735212247 1.0000000180025095e-35 2.5000000000000004 36.030877403914388 0.76340990904344486 2.5000000000000004
decision_type=2 2 2 2 2 2 2 2 2 2 2 2 2 2 2 2 2 2 2 2 2 2 2 2 2 2 2 2 2 2
left_child=1 -1 6 -3 5 17 7 9 23 10 12 13 -2 -7 16 18 20 -4 -15 24 -6 -22 -20 25 -9 26 -8 -23 -5 -10
right_child=2 3 4 28 14 11 8 19 29 -11 -12 -13 -14 15 -16 -17 -18 -19 22 -21 21 27 -24 -25 -26 -27 -28 -29 -30 -31
leaf_value=-0.010446891411330482 -0.010891289034388962 2.0097976367938753e-05 -0.0010789540641298557 -0.0051448608890991123 0.093710256631036881 0.05322906623361448 -0.00014653670421242994 -0.0099650675299632896 -0.002556121230905184 -0.003610111037905961 -0.0055076179612671755 -0.054798395366246137 -0.0053481855594141427 0.00011726623850272233 1.1082104703071451 0.65821828458966991 0.17002528161391572 -0.01812340383062554 0.0038364141664372301 -0.020843144280687034 -0.011082050230008279 0.049324003685947915 0.022266179347545528 -0.019743604731333922 0.0011302902098307976 -0.050935642733233082 0.0027497431320531842 0.21553244160780755 -0.017237511905476066 -0.0029572092991225099
leaf_weight=27978 3379 2344 119233 21195 7538 18354 11078 272 10125 14887 10637 5334 10635 115400 504 218 1809 23202 41232 6625 10195 6220 53038 6683 7100 301 7706 2445 2316 13100
leaf_count=27978 2305 1540 83781 11435 5638 14922 7312 234 6177 8711 7193 5202 5887 90950 188 74 1089 20644 30814 4875 9231 4956 39456 5021 4680 269 4780 2129 1542 8554
internal_value=-0.00216523 -0.0195916 -0.000315821 -0.0137391 0.000474153 0.000231044 -0.00343418 -0.00464136 -0.0021151 -0.00591203 -0.00432133 0.000776407 -0.0070715 0.000902551 0.00365801 0.000674646 0.00336884 -0.000663285 0.000651262 -0.00105201 0.00285628 0.00172322 0.00141668 -0.000252251 0.00144466 0.000750589 0.000992866 0.00462493 -0.0151812 -0.00418192
internal_weight=561083 53833 507250 25855 404722 376011 102528 53535 48993 39538 24651 233576 14014 228242 28711 209888 28207 142435 209670 13997 26398 18860 94270 25768 7372 19085 18784 8665 23511 23225
internal_count=417567 42495 375072 14517 309074 285843 65998 33885 32113 24096 15385 181418 8192 176216 23231 161294 23043 104425 161220 9789 21954 16316 70270 17382 4914 12361 12092 7085 12977 14731
is_linear=0
shrinkage=0.05


Tree=71
num_leaves=31
num_cat=1
split_feature=10 10 10 10 10 8 6 4 4 4 10 10 10 10 6 4 7 10 5 5 4 7 3 7 5 4 10 7 0 4
split_gain=7270.52 653.87 465.232 224.005 128.833 87.4275 71.1017 59.4611 50.5453 59.7054 48.3497 77.5104 48.8208 81.801 43.5434 37.1541 36.4941 35.7676 28.5867 28.279 31.0362 27.6796 27.5538 32.4698 27.5186 27.0566 25.6499 25.6454 26.6539 32.5007
threshold=0.8057344511571628 1.0000000180025095e-35 3.1735078661945892 0.43519700344886553 12.174138508615735 1.5207142857142861 2.0000000000000004 2.5000000000000004 2.5000000000000004 1.0000000180025095e-35 2.3722515403909918 2.7713669531249203 1.890397441731517 1.5575311628460653 3.3000000000000003 5.5000000000000009 29.050000000000004 1.1823175294197679 1.0000000180025095e-35 1.0000000180025095e-35 1.0000000180025095e-35 27.150000000000002 37.500000000000007 28.250000000000004 1.0000000180025095e-35 4.5000000000000009 38.298474834336503 28.850000000000005 0 4.5000000000000009
decision_type=2 2 2 2 2 2 2 2 2 2 2 2 2 2 2 2 2 2 2 2 2 2 2 2 2 2 2 2 1 2
left_child=1 -1 7 25 15 6 8 10 9 26 12 -12 13 17 16 19 -8 21 27 20 -4 -2 23 -11 -9 -3 -6 -10 29 -29
right_child=2 3 4 -5 5 -7 14 24 18 22 11 -13 -14 -15 -16 -17 -18 -19 -20 -21 -22 -23 -24 -25 -26 -27 -28 28 -30 -31
leaf_value=-0.0099245468407639578 0.036226294254752593 1.9093077549542371e-05 -0.005734845724611937 -0.0048876178446441544 -0.0057435777247119906 0.54106931944828784 0.15192108931343462 -0.0034178109571820995 0.035422191306630026 0.039083985682156631 0.00025024559974826669 -0.0024479163084612249 -0.0036240040800073151 -0.0055626786133815779 0.046957826866226099 -0.014387298562586182 -0.057356818236507581 -0.0050861809748118164 -0.031631825858688421 -0.025612731317316895 0.0015669463883916102 -0.010526293252349085 0.047341945600719804 0.15240999254845439 -0.044989562288805976 -0.049980906922450462 0.11880535022792955 -0.038280569221769811 0.015159410865629398 0.0071438978179104501
leaf_weight=27856 456 1770 38795 23626 18750 1008 2848 55442 18803 3976 10284 10166 9500 6391 3843 30493 298 6082 3458 5806 183531 1492 33391 4814 2431 585 1270 13415 25506 14692
leaf_count=27856 250 1090 27193 13062 15596 384 1664 36374 15913 3088 6696 6254 5682 4279 2741 27143 278 3450 3454 5380 127193 1098 25719 3508 1933 457 1184 12199 22194 14340
internal_value=-0.00220827 -0.0196784 -0.00035295 -0.0139727 0.000408392 0.00159545 0.00149348 -0.00336646 0.00124443 0.00230101 -0.00474353 -0.00295844 -0.0062696 -0.00443624 0.00641365 -0.000262059 0.0107756 -0.00779577 0.000378259 -4.29576e-05 4.7003e-05 -0.00189938 0.00336822 0.00585893 -0.00231066 0.000732484 5.24476e-05 0.000590339 3.31076e-05 -0.00102874
internal_weight=560778 53837 506941 25981 404697 146072 145064 102244 138075 62201 44371 20450 23921 14421 6989 258625 3146 8030 75874 228132 222326 1948 42181 8790 57873 2355 20020 72416 53613 28107
internal_count=417652 42465 375187 14609 309171 122262 121878 66016 117195 49095 27709 12950 14759 9077 4683 186909 1942 4798 68100 159766 154386 1348 32315 6596 38307 1547 16780 64646 48733 26539
cat_boundaries=0 1
cat_threshold=4
is_linear=0
shrinkage=0.05


Tree=72
num_leaves=31
num_cat=2
split_feature=10 10 10 10 10 10 4 8 10 10 10 11 6 8 4 10 12 11 4 11 10 10 10 4 4 0 7 0 10 7
split_gain=7233.29 652.984 466.918 212.329 106.301 103.595 89.3099 70.5398 62.8588 110.285 49.5598 43.6843 42.5374 42.0166 40.8329 40.9319 34.6885 46.1759 30.7398 29.9809 29.3515 28.3656 51.0462 27.365 24.2919 57.5336 31.0475 41.9265 24.1658 27.2147
threshold=0.8057344511571628 1.0000000180025095e-35 4.0581111217109838 0.43519700344886553 2.337425468972977 25.509726429033723 4.5000000000000009 1.5158646616541358 1.890397441731517 1.5575311628460653 1.1823175294197679 178.50000000000003 0.15000000000000005 1.8457336523126002 5.5000000000000009 3.6917386507025713 136.94467507361387 126.50000000000001 5.5000000000000009 149.50000000000003 0.95850667735212247 3.2324419081163169 2.8067442809617451 3.5000000000000004 3.5000000000000004 0 36.800000000000004 1 5.4329401144986091 28.350000000000005
decision_type=2 2 2 2 2 2 2 2 2 2 2 2 2 2 2 2 2 2 2 2 2 2 2 2 2 1 2 1 2 2
left_child=1 -1 4 -3 6 12 8 11 9 10 -2 16 13 24 15 21 17 -7 20 -18 -8 22 -6 -24 25 -4 -27 -28 -14 -30
right_child=2 3 5 -5 14 7 18 -9 -10 -11 -12 -13 28 -15 -16 -17 19 -19 -20 -21 -22 -23 23 -25 -26 26 27 -29 29 -31
leaf_value=-0.0094283194987257596 -0.0098204099200520645 1.8138423672064975e-05 0.012363662844690438 -0.0046432369524119447 0.00020061036654708266 0.041224331417320938 -0.0092959236056060265 0.78972793825832688 -0.0032469204093229956 -0.0049325916910412104 -0.0048318719260712186 0.19800310157186446 -0.0019027777907197675 0.203758377043155 -0.027171946832401185 -0.004233190829747077 -0.036619142545436127 0.1822583694900132 -0.019380576242992123 0.069328488747753533 0.0011676788479103139 0.0014542728075238821 -0.0027541782399907347 -0.0046286339436951264 -0.0059655652005524478 -0.0045497037602167728 0.087660170532433759 -0.10670759735545819 0.022716214452204397 0.0073854952672914352
leaf_weight=27770 3312 2318 42085 23349 24892 24623 257 655 14903 10744 10534 2264 14375 423 10655 15125 5799 3056 6665 3768 7077 17065 14134 6888 91359 85854 1246 363 41048 46974
leaf_count=27770 2288 1530 29389 12953 16264 22469 225 261 8703 7222 5840 1770 9559 155 8523 9885 5593 2432 4883 3318 4699 11025 8700 4536 77689 64284 682 333 28366 35502
internal_value=-0.00219093 -0.0196863 -0.000343826 -0.0139372 -0.00277274 0.000605674 -0.00453339 0.00300075 -0.00574975 -0.00419683 -0.00714647 0.00273095 0.000308516 -8.13265e-05 -0.00171166 -0.00131555 0.00232105 0.00321814 -0.00110186 -0.000274381 0.00113172 -0.000754617 -0.00140153 -0.00321568 -0.000111472 0.000328836 -0.000402124 0.00647918 0.00115116 0.00146157
internal_weight=559580 53437 506143 25667 142251 363892 53492 40165 39493 24590 13846 39510 323727 221330 88759 78104 37246 27679 13999 9567 7334 62979 45914 21022 220907 129548 87463 1609 102397 88022
internal_count=416848 42253 374595 14483 92793 281802 33860 35843 24053 15350 8128 35582 245959 172532 58933 50410 33812 24901 9807 8911 4924 40525 29500 13236 172377 94688 65299 1015 73427 63868
cat_boundaries=0 1 2
cat_threshold=24 3
is_linear=0
shrinkage=0.05


Tree=73
num_leaves=31
num_cat=0
split_feature=10 10 10 10 10 10 4 8 6 10 10 10 4 10 4 6 4 5 6 10 7 10 8 10 4 5 7 4 10 7
split_gain=7234 665.16 428.631 215.998 100.969 100.736 96.7975 67.4661 60.9231 55.8643 100.452 54.4449 42.503 40.5797 38.6263 35.9122 35.7837 29.9499 29.8358 27.2896 27.1821 25.1316 23.7275 22.9827 23.4545 21.6356 20.974 20.6987 20.2848 22.2326
threshold=0.8057344511571628 1.0000000180025095e-35 3.9621054757080643 0.43519700344886553 23.313240005300027 2.337425468972977 4.5000000000000009 1.5207142857142861 2.2500000000000004 1.890397441731517 1.5575311628460653 1.1823175294197679 2.5000000000000004 3.6917386507025713 5.5000000000000009 0.15000000000000005 5.5000000000000009 1.0000000180025095e-35 3.4500000000000006 0.95850667735212247 27.050000000000004 0.76340990904344486 2.0162962962962969 43.798720862826471 1.0000000180025095e-35 1.0000000180025095e-35 29.450000000000003 4.5000000000000009 5.4329401144986091 28.350000000000005
decision_type=2 2 2 2 2 2 2 2 2 2 2 2 2 2 2 2 2 2 2 2 2 2 2 2 2 2 2 2 2 2
left_child=1 -1 5 -3 15 6 9 8 12 10 11 -2 23 16 19 22 17 20 -10 -8 -7 -5 -4 24 -6 -21 -23 -15 -17 -30
right_child=2 3 4 21 7 13 14 -9 18 -11 -12 -13 -14 27 -16 28 -18 -19 -20 25 -22 26 -24 -25 -26 -27 -28 -29 29 -31
leaf_value=-0.0089569035237894706 -0.0093293894240494609 1.7231502488462835e-05 -0.0011749414081378086 -0.0044110751047913514 0.013272034597265493 0.0022566083451034612 -0.0088311274253257254 0.77070277214443328 0.29548270729452875 -0.0030322796973185628 -0.0048147169307926514 -0.0045902783297676608 0.01014434937319182 -0.0037328466310668331 -0.018233932632072094 -0.0018076389011837614 -0.026377224259491808 -0.042820985937785244 0.092877110568000631 0.0041436609102385559 -0.0011014830884130244 -0.015565769781001727 0.27438457057389648 0.24410922607818561 0.084489291268540795 -0.039670814210898853 -0.015899093570349465 -0.023397507943934161 0.020838192847822217 0.0061422022311829584
leaf_weight=27897 3267 2334 216068 21185 6993 6700 266 623 1182 14870 10743 10600 27997 9444 6646 15578 8682 1645 1169 6513 54521 1181 259 1325 14443 614 1122 3288 39222 43807
leaf_count=27897 2239 1536 167594 11483 6103 3962 228 255 704 8690 7251 5882 26367 5956 4870 10406 6916 1375 859 4221 35155 763 89 1185 11759 472 794 2420 27072 32909
internal_value=-0.00220079 -0.0196471 -0.00035032 -0.0138641 0.00053897 -0.00272952 -0.004426 0.00254225 0.00235035 -0.00569402 -0.00423202 -0.0070437 0.00198589 -0.00165223 -0.000860104 0.000197184 -0.00118941 -0.000773868 0.0102191 0.00162654 -0.000594976 -0.0153057 -0.000163294 0.00359057 0.00319556 0.00221341 -0.0103452 -0.00425306 0.000988013 0.00129864
internal_weight=560184 53719 506465 25822 368666 137799 53519 53732 53109 39480 24610 13867 50758 84280 14039 314934 71548 62866 2351 7393 61221 23488 216327 22761 21436 7127 2303 12732 98607 83029
internal_count=417412 42473 374939 14576 285302 89637 33853 47232 46977 24062 15372 8121 45414 55784 9791 238070 47408 40492 1563 4921 39117 13040 167683 19047 17862 4693 1557 8376 70387 59981
is_linear=0
shrinkage=0.05


Tree=74
num_leaves=31
num_cat=2
split_feature=10 10 10 10 10 4 8 6 10 10 10 10 4 4 4 0 8 10 4 0 4 5 10 5 6 10 4 10 11 12
split_gain=7193.7 670.326 404.314 222.465 148.333 98.6433 74.6709 70.1398 61.5969 101.794 50.4787 46.7217 36.9096 32.4286 79.3052 37.7171 31.8047 30.6469 30.3719 28.9742 42.8873 28.7032 23.4662 22.9044 21.7733 21.5402 21.4481 20.8841 20.6571 25.5384
threshold=0.8057344511571628 1.0000000180025095e-35 2.3722515403909918 0.43519700344886553 8.8657064708310411 4.5000000000000009 1.8914956011730208 2.0000000000000004 1.890397441731517 1.5575311628460653 36.030877403914388 1.1823175294197679 5.5000000000000009 1.0000000180025095e-35 2.5000000000000004 0 1.2981868131868135 24.500020234823065 5.5000000000000009 1 5.5000000000000009 1.0000000180025095e-35 0.76340990904344486 1.0000000180025095e-35 3.3000000000000003 0.95850667735212247 4.5000000000000009 23.313240005300027 145.50000000000003 153.61360024719701
decision_type=2 2 2 2 2 2 2 2 2 2 2 2 2 2 2 1 2 2 2 1 2 2 2 2 2 2 2 2 2 2
left_child=1 -1 5 26 12 8 7 10 9 11 13 -2 21 -6 15 -15 28 -9 25 20 23 -4 -5 -16 -19 -7 -3 -17 29 -12
right_child=2 3 4 22 6 18 -8 17 -10 -11 16 -13 -14 14 19 27 -18 24 -20 -21 -22 -23 -24 -25 -26 -27 -28 -29 -30 -31
leaf_value=-0.0085090583475999956 -0.0088629199528469926 1.6369927364040528e-05 -0.00097571178458011332 -0.004190521349551779 -0.012294662299866845 -0.0083895710540594411 0.68696669337281069 0.037367810091542622 -0.003045783406694902 -0.0044642989271138191 0.053843503323906111 -0.0043607644132792837 -0.01737672448966885 0.063387492694710446 0.028936275918451628 0.013105441898062509 0.46155181340226292 0.28850528564279404 -0.016935976030528255 -0.0065479609835972681 -0.015376411055160168 -0.029759866727247022 -0.015104138891831998 -0.027725524727654771 0.1223988020163457 0.00097909925929092769 -0.047483630072635959 0.065065571862640864 0.17243656851549893 -0.1137221528642261
leaf_weight=27836 3202 1808 197382 21057 28712 270 495 8680 16095 10703 8733 10513 27083 15560 32863 33489 397 950 7051 64302 9577 5242 2348 1825 1099 7409 601 11018 2786 558
leaf_count=27836 2208 1124 132102 11389 23188 226 165 5638 9663 7201 8279 5841 23069 10506 25407 24721 199 610 5159 57160 9305 4636 1580 1809 803 4907 461 8918 2448 550
internal_value=-0.00220873 -0.0196179 -0.00036285 -0.0138142 0.000131946 -0.0044001 0.00105658 0.00101304 -0.0056741 -0.00409124 0.00081141 -0.00694313 -0.000757813 0.00061643 0.000880902 0.00233864 0.0038961 0.00495619 -0.00089613 7.4378e-05 0.00105872 -0.000526098 -0.0153034 0.00187673 0.0104563 0.00127946 0.000653798 0.00159658 0.00343835 0.002306
internal_weight=559644 53650 505994 25814 450751 55243 221044 220549 40513 24418 209820 13715 229707 197346 168634 60067 12474 10729 14730 108567 44265 202624 23405 34688 2049 7679 2409 44507 12077 9291
internal_count=417108 42390 374718 14554 339513 35205 179706 179541 24913 15250 172490 8049 159807 161014 137826 44145 11476 7051 10292 93681 36521 136738 12969 27216 1413 5133 1585 33639 11277 8829
cat_boundaries=0 1 2
cat_threshold=8 3
is_linear=0
shrinkage=0.05


Tree=75
num_leaves=31
num_cat=0
split_feature=10 10 10 10 10 4 11 10 10 10 12 11 12 12 11 8 6 12 11 12 12 10 11 12 5 7 11 12 10 12
split_gain=7238.57 674.194 387.792 255.107 111.876 85.8153 82.2692 67.4121 126.005 55.131 49.3313 58.1853 44.4056 44.148 60.7661 40.6514 39.9393 37.0448 47.72 31.2913 27.7582 28.4008 26.8868 34.6607 26.0047 23.94 23.0997 23.0722 28.0244 22.2364
threshold=0.8057344511571628 1.0000000180025095e-35 4.2481314061168982 0.43519700344886553 2.337425468972977 3.5000000000000004 123.50000000000001 1.890397441731517 1.5575311628460653 1.1823175294197679 120.56933893294615 86.500000000000014 90.031665433306031 79.506182294132401 66.500000000000014 1.5207142857142861 1.0000000180025095e-35 59.447807771470913 39.500000000000007 43.014750281421797 42.227187031407645 16.960185598894586 26.500000000000004 24.626702420769373 1.0000000180025095e-35 30.450000000000003 18.500000000000004 66.642215903599478 13.348857801519847 28.810648890454171
decision_type=2 2 2 2 2 2 2 2 2 2 2 2 2 2 2 2 2 2 2 2 2 2 2 2 2 2 2 2 2 2
left_child=1 -1 4 -3 5 7 10 8 9 -2 11 13 -13 14 17 16 -8 18 19 22 -20 -22 23 26 25 -6 -4 28 -16 -24
right_child=2 3 6 -5 24 -7 15 -9 -10 -11 -12 12 -14 -15 27 -17 -18 -19 20 -21 21 -23 29 -25 -26 -27 -28 -29 -30 -31
leaf_value=-0.0080836054302199974 -0.0084197739552046465 1.5551430995836003e-05 -0.0016684713668955631 -0.0039809952820741845 -0.00086785124456683076 -0.0041898486308111554 0.024330514642311132 -0.0029059913408883142 0.0080872698650199977 -0.0041427261926153093 -0.045460781507592696 0.073330174101164228 0.018585377159004858 -0.024890391170924533 0.023943052040713786 1.0007520837286064 0.092526621330596553 -0.020736802451909543 0.030263779197074125 -0.02093004833402299 0.0036845330394242207 0.062754122156964839 0.021735433380327344 -0.014563847179074508 -0.039121072059441424 -0.0061152665605909819 0.011109000861681918 0.017506537518730794 0.13207129118987898 0.002873390148247168
leaf_weight=27852 2652 2393 47964 23434 47496 21743 12698 11912 8655 8338 8086 9300 19932 18735 5347 384 9283 18283 21900 12859 40438 6113 18879 29116 2197 46138 23172 9179 3474 42698
leaf_count=27852 1818 1539 35712 12986 30718 14719 10914 6902 5727 4614 7744 6650 16842 17313 3435 142 6945 15853 14652 11555 30316 5133 12503 23830 1833 31266 16048 7229 2380 32326
internal_value=-0.00214421 -0.019604 -0.00029553 -0.013785 -0.00243762 -0.00427392 0.000597194 -0.00593925 -0.00413973 -0.00769336 0.000401446 0.000496733 0.00262555 0.000288019 0.000445563 0.00353342 0.00325167 0.000252083 0.000415297 -2.31842e-05 0.00153431 0.000843698 0.000165452 -0.000339644 -0.0014163 -0.00129013 0.000255145 0.00325556 0.00508162 0.000987788
internal_weight=560650 53679 506971 25827 149131 53300 357840 31557 19645 10990 335475 327389 29232 298157 279422 22365 21981 261422 243139 174688 68451 46551 161829 100252 95831 93634 71136 18000 8821 61577
internal_count=417496 42377 375119 14525 97597 33780 277522 19061 12159 6432 259521 251777 23492 228285 210972 18001 17859 197928 182075 131974 50101 35449 120419 75590 63817 61984 51760 13044 5815 44829
is_linear=0
shrinkage=0.05


Tree=76
num_leaves=31
num_cat=1
split_feature=10 10 10 10 10 4 8 10 10 6 10 11 12 6 11 12 11 12 11 7 4 5 3 10 10 7 7 0 3 10
split_gain=7214.54 666.061 370.354 216.869 127.39 97.5213 81.5008 77.571 103.357 58.9969 46.1239 41.0225 45.0811 32.6365 31.7025 36.779 41.1538 43.7642 60.2925 31.474 30.0218 30.737 24.2267 24.1994 22.8251 22.53 21.9105 21.5588 21.4144 21.3722
threshold=0.8057344511571628 1.0000000180025095e-35 2.3722515403909918 0.43519700344886553 8.8657064708310411 3.5000000000000004 1.5018371184724435 1.890397441731517 1.5575311628460653 2.0000000000000004 1.1823175294197679 150.50000000000003 139.17532916821509 3.3000000000000003 113.50000000000001 100.84226418584986 81.500000000000014 69.196973395167205 66.500000000000014 28.550000000000004 5.5000000000000009 1.0000000180025095e-35 56.500000000000007 11.66699237834669 0.76340990904344486 29.450000000000003 30.350000000000005 0 76.500000000000014 2.8067442809617451
decision_type=2 2 2 2 2 2 2 2 2 2 2 2 2 2 2 2 2 2 2 2 2 2 2 2 2 2 2 1 2 2
left_child=1 -1 5 -3 20 7 9 8 10 11 -2 12 14 19 15 16 17 18 -6 23 21 29 -8 -11 -5 -26 27 -22 -13 -4
right_child=2 3 4 24 6 -7 22 -9 -10 13 -12 28 -14 -15 -16 -17 -18 -19 -20 -21 26 -23 -24 -25 25 -27 -28 -29 -30 -31
leaf_value=-0.0076794251587089975 -0.0079987852574444195 1.477385944604337e-05 0.00071274543648263138 -0.0037819455179704756 0.0064225864407472695 -0.0040863882921213573 -0.010238627804485746 -0.0028299212266483871 0.0069869969669959847 0.016807299363056229 -0.0039301851896161649 0.15550113135086899 -0.041736755048371647 0.026985858433938373 0.053842395080431517 -0.024181173201682428 0.044245281663844699 -0.018828011170498815 0.068923145484734452 -0.007106367789354362 0.020703688740991447 -0.029115941553402958 0.27810321503914914 0.12216460932708913 -0.013995504293511886 -0.014149882183136687 -0.019931655516850499 -0.016445181557476186 0.036528630088686946 -0.0015651606631757798
leaf_weight=27859 2589 2361 22646 21033 117084 22585 289 12998 8756 1100 8424 3263 7451 6023 12030 14248 19972 22156 7320 768 3015 5172 1252 2848 1144 1140 18323 5742 5558 174706
leaf_count=27859 1773 1555 14538 11377 93892 15329 105 7746 5828 630 4618 2553 7105 4155 9646 13404 15940 20200 5030 614 2397 4606 494 1666 744 788 15737 4878 4572 117628
internal_value=-0.0021907 -0.0196458 -0.00034504 -0.0138367 0.000128724 -0.00420491 0.000984586 -0.00594729 -0.00397466 0.000904258 -0.00719831 0.000718618 0.000571629 0.00451858 0.000719102 0.000553712 0.000762316 0.000472162 0.00083679 0.00763359 -0.000696416 -0.00048735 0.0124432 0.00943516 -0.0152989 -0.0105517 -0.00225997 -0.000202695 0.00405566 -0.000387632
internal_weight=559855 53537 506318 25678 450966 55352 221362 32767 19769 219821 11013 209082 200261 10739 192810 180780 166532 146560 124404 4716 229604 202524 1541 3948 23317 2284 27080 8757 8821 197352
internal_count=417407 42323 375084 14464 339790 35294 180006 19965 12219 179407 6391 172342 165217 7065 158112 148466 135062 119122 98922 2910 159784 136772 599 2296 12909 1532 23012 7275 7125 132166
cat_boundaries=0 1
cat_threshold=1
is_linear=0
shrinkage=0.05


Tree=77
num_leaves=31
num_cat=0
split_feature=10 10 10 10 10 4 10 8 10 6 11 10 12 5 10 11 11 12 11 4 10 10 10 10 4 4 10 11 10 12
split_gain=7245.1 674.55 298.152 233.01 121.399 77.7436 97.0568 77.0711 70.4734 47.2776 43.1646 42.4094 36.5107 32.5267 29.7985 28.3615 24.249 28.5332 25.4568 23.966 28.2251 32.3098 30.0131 44.1532 23.3678 22.4781 22.882 22.4502 22.379 22.1682
threshold=0.8057344511571628 1.0000000180025095e-35 2.3722515403909918 0.43519700344886553 13.348857801519847 3.5000000000000004 1.890397441731517 1.8914956011730208 1.5862281902591664 0.15000000000000005 151.50000000000003 5.5914438622388394 136.94467507361387 1.0000000180025095e-35 1.1823175294197679 113.50000000000001 180.50000000000003 153.61360024719701 144.50000000000003 5.5000000000000009 2.8067442809617451 3.1735078661945892 3.6917386507025713 3.9621054757080643 4.5000000000000009 2.5000000000000004 2.9561289692310813 14.500000000000002 0.71170035736632797 92.946694042868117
decision_type=2 2 2 2 2 2 2 2 2 2 2 2 2 2 2 2 2 2 2 2 2 2 2 2 2 2 2 2 2 2
left_child=1 -1 5 -3 11 6 8 9 14 16 12 13 15 19 -2 29 17 18 -6 20 -4 25 27 -24 28 -22 -27 -23 -5 -11
right_child=2 3 4 24 7 -7 -8 -9 -10 10 -12 -13 -14 -15 -16 -17 -18 -19 -20 -21 21 22 23 -25 -26 26 -28 -29 -30 -31
leaf_value=-0.0072954539007735464 -0.0075233258008729044 1.403516647374148e-05 0.00064808450193134528 -0.0035928482420719554 0.0097402225562944981 -0.0037760367846645382 -0.0026897590719632937 0.84943384569220726 0.0073765690307985299 0.042085608052995487 0.14104850875469507 0.0013991040756542894 -0.062935614616267094 -0.034195145872130177 -0.0037390806235037435 0.10391845970921043 0.13950968268986194 -0.046359967470450063 0.10846327032373093 -0.018427487910161532 -0.0020006114571130772 -0.011051178478555725 -0.0028883246726493454 -0.0013058465487544525 -0.0065239608973745259 0.00064483505393631013 -0.0062878903145627612 0.0024283815971514857 -0.01622980925858648 -0.0065412146911057794
leaf_weight=27780 2719 2399 22617 13029 78646 22653 13017 372 7100 25203 2840 183955 1557 3136 9879 4594 1849 5136 2861 16439 9014 9351 10977 48127 6325 4550 4038 10084 3989 5940
leaf_count=27780 1837 1565 14539 6983 68814 15337 7763 124 4646 19493 1948 137725 1447 2696 5697 3184 1433 4852 2273 13465 5492 6345 6913 31949 3705 2774 2572 6228 2193 5390
internal_value=-0.00210139 -0.0195966 -0.00025323 -0.0137654 0.000171621 -0.00371605 -0.0052751 0.00146785 -0.00306122 0.00140213 0.00282553 -0.000347205 0.00237304 -0.00100862 -0.0053064 0.00269958 0.000756566 0.000635654 0.000863423 -0.000891847 -0.000644167 -0.00101804 -0.000584105 -0.00114459 -0.0152905 -0.00295421 -0.00112366 0.0011204 -0.014326 0.00215859
internal_weight=560176 53522 506654 25742 451286 55368 32715 128998 19698 128626 40134 322288 37294 138333 12598 35737 88492 86643 81507 135197 118758 96141 78539 59104 23343 17602 8588 19435 17018 31143
internal_count=417162 42226 374936 14446 339656 35280 19943 108958 12180 108834 31462 230698 29514 92973 7534 28067 77372 75939 71087 90277 76812 62273 51435 38862 12881 10838 5346 12573 9176 24883
is_linear=0
shrinkage=0.05


Tree=78
num_leaves=31
num_cat=2
split_feature=10 10 10 10 10 10 4 10 8 10 6 10 5 11 4 4 0 6 7 4 12 10 4 10 0 10 4 4 10 10
split_gain=7344.5 645.604 257.333 225.355 83.1696 75.9175 81.0102 120.076 58.0895 48.6735 36.4001 31.5074 33.1135 31.299 32.3396 53.9658 47.3591 39.6738 37.559 28.0012 27.2218 24.1576 23.9206 22.8563 22.6206 22.4073 21.907 33.1143 22.5171 44.5354
threshold=0.8057344511571628 1.0000000180025095e-35 4.2481314061168982 0.43519700344886553 28.317184603160598 2.3722515403909918 3.5000000000000004 1.890397441731517 1.6265161290322585 1.5862281902591664 0.25000000000000006 3.6917386507025713 1.0000000180025095e-35 28.500000000000004 1.0000000180025095e-35 2.5000000000000004 0 0.65000000000000002 32.650000000000013 5.5000000000000009 30.892288971952684 1.4227507702095894 5.5000000000000009 46.321527184525273 1 0.71170035736632797 4.5000000000000009 2.5000000000000004 3.1735078661945892 2.7713669531249203
decision_type=2 2 2 2 2 2 2 2 2 2 2 2 2 2 2 2 1 2 2 2 2 2 2 2 1 2 2 2 2 2
left_child=1 -1 5 -3 13 6 7 9 10 21 22 12 26 20 -15 17 -17 18 24 -8 -4 -2 23 -6 -16 -5 27 28 29 -7
right_child=2 3 4 25 8 11 19 -9 -10 -11 -12 -13 -14 14 15 16 -18 -19 -20 -21 -22 -23 -24 -25 -26 -27 -28 -29 -30 -31
leaf_value=-0.0069306812057348694 -0.00019886607917474208 1.3333408150056903e-05 -0.00068292837902479426 -0.0034132058299683578 0.033487838360779953 0.0001798289074419479 -3.8325019428464559e-06 -0.0025552711183651324 0.91606973183770224 0.0069647280718792897 0.11447448663576019 -0.0042171601487174474 -0.03551117755479738 -0.0085957431902538243 0.030268501013891669 0.012679265288858588 -0.0086719570272673959 0.039440939609575516 0.048260675819767292 -0.015667961746605032 -0.020435938882728391 -0.0036291139916166063 -0.033856545827905829 0.24218484602189855 0.0012877643939527062 -0.01541831879565716 -0.011828212012386354 0.0014617878264090668 0.0015813521703758938 -0.001900580884257419
leaf_weight=27904 5690 2382 97748 17873 19505 10176 15807 13045 317 7111 7037 24279 1581 33012 13881 49406 61750 11632 9661 6980 14618 6934 3394 965 34779 5484 17003 20742 9905 10103
leaf_count=27904 3578 1568 72026 9841 17699 6658 10289 7739 107 4675 5869 16453 1343 25160 9563 37762 52730 7080 6731 5152 12964 3980 3370 845 25641 3090 12577 12702 6409 6207
internal_value=-0.00213812 -0.0197318 -0.00027684 -0.0140206 0.000451 -0.00202001 -0.00348453 -0.00507627 0.00291659 -0.00261591 0.00269813 -0.00115232 -0.000610703 0.000215246 0.000569888 0.000832234 0.00014754 0.00192022 0.00138844 -0.00119476 -0.000460549 -0.00447956 0.00176626 0.00241085 0.000823058 -0.0155146 -0.000444214 7.46181e-05 -0.000982309 -0.00193673
internal_weight=560704 53643 507061 25739 357705 149356 55567 32780 31218 19735 30901 93789 69510 326487 214121 181109 111156 69953 58321 22787 112366 12624 23864 20470 48660 23357 67929 50926 30184 20279
internal_count=417712 42403 375309 14499 277547 97762 35413 19972 27890 12233 27783 62349 45896 249657 164667 139507 90492 49015 41935 15441 84990 7558 21914 18544 35204 12931 44553 31976 19274 12865
cat_boundaries=0 1 2
cat_threshold=19 24
is_linear=0
shrinkage=0.05


Tree=79
num_leaves=31
num_cat=2
split_feature=12 12 11 3 3 3 3 11 12 3 3 7 12 8 3 8 3 11 6 2 4 12 3 3 1 4 7 0 6 12
split_gain=6467.31 1068.82 266.181 155.802 208.103 83.261 73.1944 76.185 51.4823 42.6946 40.7144 44.6011 38.0297 35.4657 35.0174 34.4901 27.2377 30.1552 26.5033 26.4791 53.6533 33.7495 29.3739 55.2951 38.8195 24.518 23.0797 21.7249 20.3184 20.275
threshold=3.2759665946094283 1.0000000180025095e-35 17.500000000000004 35.500000000000007 84.500000000000014 88.500000000000014 82.500000000000014 126.50000000000001 10.027812111587039 34.500000000000007 63.500000000000007 27.750000000000004 2.0443243186888806 1.6265161290322585 27.500000000000004 1.5018371184724435 75.500000000000014 49.500000000000007 1.0000000180025095e-35 0 3.5000000000000004 23.327676587696619 60.500000000000007 40.500000000000007 1.0000000180025095e-35 3.5000000000000004 25.850000000000005 1 0.45000000000000007 139.17532916821509
decision_type=2 2 2 2 2 2 2 2 2 2 2 2 2 2 2 2 2 2 2 1 2 2 2 2 2 2 2 1 2 2
left_child=1 -1 5 12 28 19 7 9 -7 -4 11 26 14 18 -3 16 17 -12 -9 20 22 25 23 -2 -25 -21 -11 -27 -5 -18
right_child=2 3 6 4 -6 8 -8 13 -10 10 15 -13 -14 -15 -16 -17 29 -19 -20 21 -22 -23 -24 24 -26 27 -28 -29 -30 -31
leaf_value=-0.006584147145448126 -0.0020434567870653009 -0.00029533957970568166 0.040440120279349935 -0.0032425455384699434 1.2666737742556e-05 -0.0057018981972976057 -0.0034177933309435639 0.035964208337776159 -0.0042915272134099293 -0.0080014452677578344 0.010852194239277503 -0.0022706796657798291 -0.0031233025581161923 0.97527034582468675 -0.0063279272808937082 0.11396859645849729 0.0017374957147824333 0.050890649015147109 0.10486698543405702 -9.153330373132818e-05 -0.0036930754131849321 -0.036036887382143945 -0.002038052093696896 -0.0049592679161098779 -0.0029834817742713684 0.0020968588761344441 0.02500990709444419 -0.020590879849978275 -0.0032425455384699434 -0.088322063445228596
leaf_weight=27941 9769 912 19255 15951 2043 1867 50589 8379 3626 2936 38802 136349 4445 220 3131 1155 36733 21930 7335 40717 32793 5280 19297 6800 8988 9054 15517 24292 3347 887
leaf_count=27941 6267 560 15445 8979 1321 1009 36301 7253 2440 2256 29632 105859 2883 74 1891 463 27923 18576 5561 26591 23175 4656 12391 4486 5054 7232 10023 18510 1787 883
internal_value=-0.00212942 -0.017973 -0.000308216 -0.0113908 -0.0136697 -0.00197298 0.000487155 0.000793788 -0.00802385 0.000598032 0.000426155 -8.10713e-05 -0.00566093 0.00415464 -0.00917017 0.00121524 0.00111436 0.00176925 0.00387553 -0.00176126 -0.00241767 -0.00111888 -0.00354149 -0.00465332 -0.00648277 -0.000843539 0.00222593 -0.0018488 -0.0152762 5.71505e-05
internal_weight=560340 57770 502570 29829 21341 162483 340087 289498 5493 273564 254309 154802 8488 15934 4043 99507 98352 60732 15714 156990 77647 79343 44854 25557 15788 74063 18453 33346 19298 37620
internal_count=417422 45362 372060 17421 12087 111811 260249 223948 3449 211060 195615 118138 5334 12888 2451 77477 77014 48208 12814 108362 51373 56989 28198 15807 9540 52333 12279 25742 10766 28806
cat_boundaries=0 1 2
cat_threshold=4 13
is_linear=0
shrinkage=0.05


Tree=80
num_leaves=31
num_cat=1
split_feature=10 10 10 10 10 10 8 10 10 5 6 10 8 6 5 7 10 3 0 11 6 10 3 11 12 12 7 7 3 12
split_gain=7301.69 655.081 234.093 214.851 68.6724 59.8265 58.3912 52.6857 31.2532 29.1452 28.215 28.1785 27.3747 25.43 24.9228 20.7866 20.0549 19.5574 19.4585 18.3852 17.7782 17.6464 21.8252 17.1952 33.2228 30.2883 24.1228 17.5781 16.1409 15.1798
threshold=0.8057344511571628 1.0000000180025095e-35 0.43519700344886553 4.2481314061168982 27.831978588984576 2.3722515403909918 1.6265161290322585 1.890397441731517 3.6917386507025713 1.0000000180025095e-35 0.15000000000000005 45.060124023675868 1.266648351648352 2.2500000000000004 1.0000000180025095e-35 34.150000000000013 0.71170035736632797 87.500000000000014 0 126.50000000000001 3.0500000000000003 3.8782405322286877 48.500000000000007 50.500000000000007 46.266475469855997 49.520878106314939 30.850000000000005 26.250000000000004 65.500000000000014 109.41128370308739
decision_type=2 2 2 2 2 2 2 2 2 2 2 2 2 2 2 2 2 2 1 2 2 2 2 2 2 2 2 2 2 2
left_child=1 -1 -3 5 10 7 9 -2 14 11 12 13 15 29 -7 23 -4 19 -17 -12 -15 22 -10 24 26 -25 -5 -27 -28 -6
right_child=3 2 16 4 6 8 -8 -9 21 -11 17 -13 -14 20 -16 18 -18 -19 -20 -21 -22 -23 -24 25 -26 27 28 -29 -30 -31
leaf_value=-0.0062549397881757193 -0.0032984842033221941 1.2033400855426812e-05 -0.0030804182615464474 0.0022406204299826094 0.052784054904973489 -0.00060241845501190681 0.83794622817563891 -0.0022062852415941857 -0.0089092403614763338 -0.079827707199360637 0.0073273056059372623 0.17781523754218043 0.045601043198891786 0.3167157404610958 -0.03270607468455862 0.030992746266117657 -0.014485275578950808 -0.029866909597970493 0.001946876033944678 0.062669345459901424 0.12392906302314639 -0.014657509499845168 -0.0021551858856974303 0.037926098864168922 -0.024608425181699679 -0.055812315993270058 -0.015166512242410259 0.00027641130304685292 0.00010018480732467695 0.011879336058864355
leaf_weight=27719 33522 2322 17887 60877 14787 68011 315 22006 3080 844 98970 2334 2262 329 1581 7733 5442 1140 20465 3393 709 13474 7479 6760 18259 341 31667 55116 18338 13267
leaf_count=27719 21696 1510 9801 45705 13281 44637 107 13676 2088 844 71578 2110 986 189 1339 5701 3088 778 16051 2187 523 9514 4703 4656 16131 333 24743 45292 14380 12123
internal_value=-0.0020797 -0.0196712 -0.0139127 -0.000228129 0.000436288 -0.00182246 0.00262467 -0.00312275 -0.00105127 0.00241556 0.000217093 0.00266181 -0.000100984 0.00223773 -0.000514427 -0.000157363 -0.0154196 0.000898766 0.00111001 0.000971298 0.00992293 -0.00260579 -0.00413628 -0.000344119 -0.000673101 0.000338734 -0.000347667 -4.64324e-05 -0.00116138 0.00195338
internal_weight=560429 53370 25651 507059 357906 149153 32585 55528 93625 32270 325321 31426 221818 29092 69592 219556 23329 103503 28198 102363 1038 24033 10559 191358 129141 62217 110882 55457 50005 28054
internal_count=417469 42118 14399 375351 277698 97653 29177 35372 62281 29070 248521 28226 173978 26116 45976 172992 12889 74543 21752 73765 712 16305 6791 151240 100959 50281 84828 45625 39123 25404
cat_boundaries=0 1
cat_threshold=24
is_linear=0
shrinkage=0.05


Tree=81
num_leaves=31
num_cat=2
split_feature=10 10 10 10 10 4 10 10 6 4 10 10 4 5 4 6 10 10 4 4 0 4 0 4 6 11 7 6 11 12
split_gain=7342.01 663.492 213.357 208.652 100.247 80.1822 137.962 52.4847 42.0842 33.7348 30.8074 59.1432 30.3304 26.8542 28.2786 26.6496 25.5068 23.28 22.9633 47.8213 32.2003 21.8124 21.6584 26.222 21.537 19.724 24.6029 19.4321 19.3876 29.3111
threshold=0.8057344511571628 1.0000000180025095e-35 0.43519700344886553 2.3722515403909918 9.4655519873435718 3.5000000000000004 1.890397441731517 36.030877403914388 2.1500000000000008 5.5000000000000009 1.5862281902591664 1.4227507702095894 4.5000000000000009 1.0000000180025095e-35 5.5000000000000009 3.3000000000000003 0.76340990904344486 2.0183626939843733 1.0000000180025095e-35 2.5000000000000004 0 4.5000000000000009 1 5.5000000000000009 3.6500000000000004 11.500000000000002 32.95000000000001 0.65000000000000002 138.50000000000003 120.56933893294615
decision_type=2 2 2 2 2 2 2 2 2 2 2 2 2 2 2 2 2 2 2 2 1 2 1 2 2 2 2 2 2 2
left_child=1 -1 21 5 13 6 10 8 18 17 11 -2 16 14 24 -10 -4 -7 -6 20 -20 -3 23 -21 -5 26 -16 -11 29 -9
right_child=3 2 12 4 7 9 -8 28 15 27 -12 -13 -14 -15 25 -17 -18 -19 19 22 -22 -23 -24 -25 -26 -27 -28 -29 -30 -31
leaf_value=-0.0059421927987669335 0.00012517552366367868 1.1431730812655473e-05 -0.0029263973484691232 -0.00099590061901967761 -0.011266578255371584 -0.0032512294436208844 -0.0021480361103707697 0.088170969722943582 0.071555480519074607 -0.015326495450907619 0.006785992543638009 -0.0031335599931560766 -0.0057109543710065604 -0.025743913815239595 -0.014611747391689623 0.024745085661802588 -0.010973590615396635 0.00094320966824794632 0.057840540403583302 0.023266061760583281 0.019786321538416196 -0.045113568269187339 -0.0043474169614125206 -0.010840385495378337 0.0056678963663302946 -0.0070656548735344334 -0.028697022022175792 0.015149351142256063 0.16192268494847151 -0.021705353652842166
leaf_weight=27979 5772 1747 15367 208492 26204 10243 13098 6307 3301 6219 7005 6990 6456 5558 7391 5109 1699 5486 14386 28823 40884 585 61958 8122 5668 18701 3226 696 3900 2989
leaf_count=27979 3618 1087 8101 140904 21196 6851 7742 5763 1971 4657 4615 4014 3794 4976 6129 3523 1109 3408 9742 22921 31156 451 55160 7902 3212 16209 2794 448 3312 2871
internal_value=-0.00210824 -0.0196641 -0.0138895 -0.000242435 0.000113576 -0.00313508 -0.00471246 0.000941292 0.000728202 -0.000845699 -0.00207543 -0.00353785 -0.0153197 -0.000557751 -0.000479304 0.00418549 -0.0142154 0.000433912 0.000567007 0.000799589 0.00197756 0.000536021 0.0001413 0.00109931 -0.000279931 -0.00193567 -0.00365687 -0.00375633 0.00398985 0.00274849
internal_weight=560361 53833 25854 506528 451019 55509 32865 201983 188787 22644 19767 12762 23522 249036 243478 8410 17066 15729 180377 154173 55270 2332 98903 36945 214160 29318 10617 6915 13196 9296
internal_count=417615 42521 14542 375094 339741 35353 19989 165517 153571 15364 12247 7632 13004 174224 169248 5494 9210 10259 148077 126881 40898 1538 85983 30823 144116 25132 8923 5105 11946 8634
cat_boundaries=0 1 2
cat_threshold=8 3
is_linear=0
shrinkage=0.05


Tree=82
num_leaves=31
num_cat=2
split_feature=10 10 10 10 10 4 10 6 10 4 3 6 4 4 10 10 4 4 3 5 4 7 10 0 4 7 7 4 4 0
split_gain=7261.54 681.042 256.363 197.061 82.7792 80.0194 151.036 48.5662 37.2335 32.782 37.1393 32.7727 29.4622 29.1058 28.0156 52.4622 26.7926 26.4113 26.2461 25.6854 25.9406 24.7614 22.8113 22.4468 48.2007 21.3512 21.2769 33.5702 20.8646 20.7442
threshold=0.8057344511571628 1.0000000180025095e-35 0.43519700344886553 2.3722515403909918 12.174138508615735 3.5000000000000004 1.890397441731517 2.1500000000000008 45.060124023675868 2.5000000000000004 75.500000000000014 3.3000000000000003 1.0000000180025095e-35 5.5000000000000009 1.5862281902591664 1.4227507702095894 5.5000000000000009 4.5000000000000009 71.500000000000014 1.0000000180025095e-35 1.0000000180025095e-35 31.550000000000004 0.76340990904344486 0 4.5000000000000009 28.550000000000004 27.650000000000002 5.5000000000000009 4.5000000000000009 1
decision_type=2 2 2 2 2 2 2 2 2 2 2 2 2 2 2 2 2 2 2 2 2 2 2 1 2 2 2 2 2 1
left_child=1 -1 28 5 16 6 14 8 9 10 12 25 -6 -7 15 -2 19 22 -13 20 21 -5 -4 24 -11 -9 27 -26 -3 -8
right_child=3 2 17 4 7 13 29 11 -10 23 -12 18 -14 -15 -16 -17 -18 -19 -20 -21 -22 -23 -24 -25 26 -27 -28 -29 -30 -31
leaf_value=-0.0056450831588285861 0.00011891674748049086 1.0860144272023532e-05 -0.0027800774810456622 -0.00049535958856825599 0.0074125839548329969 0.00041714145459974912 -0.0018532727124365269 0.12216192715962554 0.15988251425061045 0.051460386616226123 -0.011024778325950547 0.056871743389142096 0.055199143192950564 -0.013647277344375808 0.0064466929164560989 -0.0029768819934982817 -0.010775974014001611 -0.0054254066524562329 -0.123672174428404 -0.021678503613711587 0.00040125861052375811 -0.020198999752608526 -0.010424911084626799 -0.004336689203527833 0.20442723234506885 -0.0091582031245619547 -0.022737071717685534 -0.039768296778349567 -0.042857889855727971 -0.00226041941802948
leaf_weight=27746 5768 1832 15282 27416 16534 15825 4813 2246 2364 11448 11571 3465 33943 6964 7128 6890 36037 6413 448 6963 216688 18215 1658 54171 889 344 8235 621 596 8075
leaf_count=27746 3600 1114 8082 18378 13618 10313 2745 1290 2112 8832 9279 2355 25691 5112 4690 3970 31473 3779 394 6337 148140 13079 1092 49407 651 272 7995 621 448 4907
internal_value=-0.00204865 -0.0195635 -0.0137126 -0.000199729 0.000145705 -0.00301237 -0.00459846 0.00112371 0.000927198 0.000820161 0.00167129 0.00534753 0.00225697 -0.000738295 -0.00185485 -0.00326671 -0.000322859 -0.0153203 0.00245975 -0.000151514 -7.19544e-05 -0.00115546 -0.0142857 0.00011942 0.00149861 0.00971042 -0.00108517 0.00437086 0.00175041 -0.00881052
internal_weight=560588 53527 25781 507061 451598 55463 32674 146279 139776 137412 62048 6503 50477 22789 19786 12658 305319 23353 3913 269282 262319 45631 16940 75364 21193 2590 9745 1510 2428 12888
internal_count=417522 42261 14515 375261 339924 35337 19912 122517 118206 116094 48588 4311 39309 15425 12260 7570 217407 12953 2749 185934 179597 31457 9174 67506 18099 1562 9267 1272 1562 7652
cat_boundaries=0 1 2
cat_threshold=3 18
is_linear=0
shrinkage=0.05


Tree=83
num_leaves=31
num_cat=3
split_feature=10 10 10 10 4 10 10 8 6 11 6 10 10 0 11 12 11 12 11 12 12 11 10 0 3 4 4 4 0 5
split_gain=7310.05 651.252 230.887 200.404 84.9507 158.165 71.9641 70.2446 41.2357 36.6436 31.0918 30.2595 66.5446 28.5505 28.3363 34.5089 33.9965 32.0219 28.5638 29.0154 27.5451 25.7073 24.4 23.3623 22.2176 21.9632 20.632 20.5132 24.3915 22.3005
threshold=0.8057344511571628 1.0000000180025095e-35 0.43519700344886553 2.3722515403909918 3.5000000000000004 1.890397441731517 20.417111606053211 1.6265161290322585 2.2500000000000004 18.500000000000004 3.3000000000000003 1.5862281902591664 1.4227507702095894 0 178.50000000000003 136.94467507361387 117.50000000000001 92.946694042868117 82.500000000000014 72.108069875178003 20.306982767699733 66.500000000000014 0.76340990904344486 1 82.500000000000014 5.5000000000000009 1.0000000180025095e-35 4.5000000000000009 2 1.0000000180025095e-35
decision_type=2 2 2 2 2 2 2 2 2 2 2 2 2 1 2 2 2 2 2 2 2 2 2 1 2 2 2 2 1 2
left_child=1 -1 -3 4 5 11 9 8 14 20 -10 12 -2 -11 15 16 17 18 19 21 27 -8 -4 -7 26 -6 -15 29 -29 -5
right_child=3 2 22 6 25 23 7 -9 10 13 -12 -13 -14 24 -16 -17 -18 -19 -20 -21 -22 -23 -24 -25 -26 -27 -28 28 -30 -31
leaf_value=-0.005362829000887157 0.00015446416815164679 1.0317137058424299e-05 -0.0026410736069933829 -9.7961625357253129e-05 0.00030462201129188848 -0.0018066730312125063 0.024884066092265657 0.70798448787875368 0.19559178680312125 -0.011135039111769274 0.054829425476343729 0.00612435827063329 -0.0028350465080345111 -0.0039277973720732275 0.12276111848444665 -0.025328395045790143 0.083441345773875408 -0.0075797550782976232 0.099506655382731068 -0.018965200230656443 -0.02330804443524466 0.13567260797539432 -0.0099036655303954557 -0.0021552610641647264 -0.0036203899017780653 -0.012964913477157025 0.0069848917285750822 -0.018481469967789568 -0.0019486259958544584 -0.030517853004412787
leaf_weight=27784 5855 2401 21065 76449 15605 4984 10944 447 1285 42087 1810 7090 7013 27805 2597 11453 8083 19486 5867 6692 14906 2101 2288 8197 31790 6941 154507 15604 15362 1474
leaf_count=27784 3647 1575 11407 50003 10189 2818 9746 151 777 33671 1318 4658 4017 20227 2007 10635 6357 18060 4731 6300 12256 1623 1540 5003 22314 5113 113745 12220 12142 1286
internal_value=-0.00212046 -0.0196907 -0.0139629 -0.000263016 -0.00309284 -0.00470367 8.65781e-05 0.00155055 0.00142496 -0.00018606 0.00706785 -0.00189648 -0.00334162 0.000155256 0.00116515 0.000959366 0.00149559 0.000960302 0.00212272 0.00121219 -0.000892403 0.00258528 -0.0154809 -0.00895418 0.000389282 -0.000725184 0.00060199 -0.000616453 -0.0017051 -0.000183835
internal_weight=559972 53538 25754 506434 55685 33139 450749 70765 70318 379984 3095 19958 12868 256189 67223 64626 53173 45090 25604 19737 123795 13045 23353 13181 214102 22546 182312 108889 30966 77923
internal_count=417320 42306 14522 375014 35445 20143 339569 61705 61554 277864 2095 12322 7664 189957 59459 57452 46817 40460 22400 17669 87907 11369 12947 7821 156286 15302 133972 75651 24362 51289
cat_boundaries=0 1 2 3
cat_threshold=4 18 16
is_linear=0
shrinkage=0.05


Tree=84
num_leaves=31
num_cat=1
split_feature=10 10 10 10 4 10 10 8 6 10 10 10 4 10 4 4 0 4 10 10 4 4 6 6 6 10 3 3 6 10
split_gain=7330.14 656.693 220.537 201.389 103.31 143.189 72.4414 65.0916 40.7397 38.8866 54.5595 34.8525 28.3175 25.5888 25.4558 66.3434 30.3996 24.5919 22.5337 21.3719 21.0305 20.7132 20.5363 19.7456 18.7868 19.0921 18.2159 23.1866 20.2596 18.0747
threshold=0.8057344511571628 1.0000000180025095e-35 0.43519700344886553 2.3722515403909918 3.5000000000000004 1.890397441731517 8.8657064708310411 1.8914956011730208 2.1500000000000008 1.5862281902591664 1.4227507702095894 41.784480259946307 5.5000000000000009 21.330148634738951 1.0000000180025095e-35 2.5000000000000004 0 4.5000000000000009 24.582108491562828 0.71170035736632797 5.5000000000000009 4.5000000000000009 3.4500000000000006 0.55000000000000016 0.65000000000000002 1.5575311628460653 83.500000000000014 63.500000000000007 1.0500000000000003 2.0183626939843733
decision_type=2 2 2 2 2 2 2 2 2 2 2 2 2 2 2 2 1 2 2 2 2 2 2 2 2 2 2 2 2 2
left_child=1 -1 21 4 5 9 12 8 11 10 -2 14 -5 -10 -8 16 -16 19 -18 23 29 -3 -15 -4 25 -22 27 -17 -29 -6
right_child=3 2 17 6 20 -7 7 -9 13 -11 -12 -13 -14 22 15 26 18 -19 -20 -21 24 -23 -24 -25 -26 -27 -28 28 -30 -31
leaf_value=-0.005094687550842799 -0.00010616039891571117 9.801280205501417e-06 -0.0025090199266437187 -0.00076317082731186916 -0.0025637790533344033 -0.0018528638895342437 -0.011652627900159196 0.53423222580162688 0.020861545100716541 0.0058181403571016203 -0.0027624527001802071 0.10588585802284883 -0.013064747264093946 0.18050429977014668 0.054115269212739847 -0.0050163828036144057 0.011035652183117329 -0.0050220826394837608 0.062603020989746488 -0.013343634378177861 0.00052980139080941455 -0.040715511219794498 0.061803349291658274 -0.0025090199266437187 0.015803864987030927 -0.013266319208914946 -0.033661741575891482 0.014696913092583719 -0.049303462340173888 0.00085996101154095506
leaf_weight=27866 5740 1769 10606 202783 10289 13014 29635 483 6909 7094 6878 4598 27177 1428 15699 65262 36036 6336 11499 3998 2165 561 1495 2419 708 4104 5782 40347 1726 5539
leaf_count=27866 3624 1099 5808 136977 6853 7758 23995 161 4503 4656 3984 4222 23165 864 10537 56640 26608 3724 9433 2194 1517 431 1073 1225 446 3146 5020 34761 1500 3443
internal_value=-0.00209275 -0.019684 -0.0139174 -0.000232331 -0.00307351 -0.0048738 0.000117609 0.000764263 0.000724085 -0.00218649 -0.00385164 0.000577204 -0.000503566 0.00387002 0.000481101 0.000708955 0.00200604 -0.0153806 0.00137501 -0.0143908 -0.000490024 0.000751073 0.00779165 -0.0153724 -0.00277698 -0.00364891 -1.61337e-05 0.000131132 0.0010464 0.000518069
internal_weight=559945 53555 25689 506390 55531 32726 450859 220899 220416 19712 12618 210584 229960 9832 205986 176351 63234 23359 47535 17023 22805 2330 2923 13025 6977 6269 113117 107335 42073 15828
internal_count=417233 42347 14481 374886 35427 20022 339459 179317 179156 12264 7608 172716 160142 6440 168494 144499 46578 12951 36041 9227 15405 1530 1937 7033 5109 4663 97921 92901 36261 10296
cat_boundaries=0 1
cat_threshold=8
is_linear=0
shrinkage=0.05


Tree=85
num_leaves=31
num_cat=0
split_feature=10 10 10 10 11 10 8 12 12 11 11 10 12 11 12 12 10 7 12 11 12 12 10 11 12 12 11 10 10 10
split_gain=7265.91 690.761 230.633 196.977 61.549 59.0912 52.0954 49.6135 44.1197 43.6488 39.8659 28.6314 36.4504 41.1385 27.4814 27.3446 26.5084 25.5005 23.9289 27.171 39.9715 23.4661 24.0395 21.8501 20.9413 19.6074 20.7328 18.7926 18.727 24.4664
threshold=0.8057344511571628 1.0000000180025095e-35 0.43519700344886553 2.3722515403909918 66.500000000000014 1.890397441731517 1.8914956011730208 74.415721521297755 59.447807771470913 39.500000000000007 96.500000000000014 45.060124023675868 124.27904564315354 150.50000000000003 149.854695508909 40.44731669489277 0.76340990904344486 29.450000000000003 43.84459045886306 17.500000000000004 23.327676587696619 27.596100262617039 7.6085486913991369 53.500000000000007 109.41128370308739 85.071187741763552 116.50000000000001 13.348857801519847 1.4227507702095894 1.5011974239266535
decision_type=2 2 2 2 2 2 2 2 2 2 2 2 2 2 2 2 2 2 2 2 2 2 2 2 2 2 2 2 2 2
left_child=1 -1 -3 5 8 28 7 27 9 18 24 12 25 -14 -15 -11 -4 -18 19 20 -5 22 -21 -17 -9 -12 -27 -6 -2 -30
right_child=3 2 16 4 6 -7 -8 10 -10 15 11 -13 13 14 -16 23 17 -19 -20 21 -22 -23 -24 -25 -26 26 -28 -29 29 -31
leaf_value=-0.0048399531733006596 0.00011055572164466732 9.3112161952291227e-06 -0.0023835689303115305 -0.0016424475598725953 0.014608951785679293 -0.0016806012961666989 0.66567484435615687 -0.003170146282439923 -0.024312630983692785 0.023619598341358163 0.088297034279148354 0.16359728534188209 -0.02900030121427255 0.11776684156777924 0.014841743888931093 -0.0018355698220065887 -0.0082780927424464853 -0.0087413005349667901 -0.020838222634895764 0.00092451421101099978 -0.03370417243670714 -0.00295271481573991 0.033818155246341304 0.025792416496497328 -0.047742889806653643 0.015503705756644594 0.06954619914373765 0.077198173455703997 -0.0025481629334126454 -0.003167084938897613
leaf_weight=27933 9844 2386 21130 109345 7307 22111 324 26979 23058 17249 1881 2259 12218 2207 5883 36259 1192 1133 12298 56136 6639 66922 15270 17244 3657 12746 7804 8227 6312 17206
leaf_count=27933 6380 1554 11398 76629 4759 13711 108 23199 20498 11319 1233 2013 11160 1541 4933 28037 770 789 11100 37090 5861 51356 11274 12246 3599 10630 5624 6073 3450 11772
internal_value=-0.0020729 -0.0195494 -0.0136576 -0.00022069 0.000124471 -0.00303256 0.00128263 0.0012115 -0.000169524 -2.48991e-05 0.000682894 0.00163007 0.00134011 -0.000194505 0.00257108 0.00107912 -0.0151641 -0.0100968 -0.00031788 -0.000213714 -0.000778125 0.000259528 0.000889981 0.000520999 -0.000708317 0.00272948 0.00228224 0.00378525 -0.00170403 -0.00247045
internal_weight=561159 53774 25841 507385 451912 55473 91492 91168 360420 337362 75634 44998 42739 20308 8090 70752 23455 2325 266610 254312 115984 138328 71406 53503 30636 22431 20550 15534 33362 23518
internal_count=418039 42444 14511 375595 340282 35313 74872 74764 265410 244912 63932 37134 35121 17634 6474 51602 12957 1559 193310 182210 82490 99720 48364 40283 26798 17487 16254 10832 21602 15222
is_linear=0
shrinkage=0.05


Tree=86
num_leaves=31
num_cat=0
split_feature=10 10 10 10 10 11 8 11 12 11 12 11 12 12 3 10 10 10 10 12 11 12 10 7 12 12 10 3 10 6
split_gain=7338.86 646.344 243.59 182.735 67.0752 62.9545 52.4935 40.4984 40.167 36.7873 46.5043 32.8975 38.6088 30.93 25.9424 25.9366 25.0023 24.8858 24.4193 26.8403 29.4616 38.1011 23.9349 23.584 23.1476 22.3107 22.2664 21.9113 21.5012 35.1865
threshold=0.8057344511571628 1.0000000180025095e-35 0.43519700344886553 2.3722515403909918 1.890397441731517 50.500000000000007 1.8914956011730208 172.50000000000003 59.447807771470913 74.500000000000014 139.17532916821509 131.50000000000003 85.071187741763552 54.918661257332488 76.500000000000014 14.429601974265035 1.4227507702095894 24.582108491562828 6.0089836851277889 40.818295860272123 28.500000000000004 24.487211959956657 1.5575311628460653 30.550000000000004 79.506182294132401 25.590933391378481 22.390409850146685 48.500000000000007 1.1823175294197679 0.25000000000000006
decision_type=2 2 2 2 2 2 2 2 2 2 2 2 2 2 2 2 2 2 2 2 2 2 2 2 2 2 2 2 2 2
left_child=1 -1 -3 4 16 13 7 8 15 24 11 12 26 18 -9 -7 28 -14 27 20 21 -20 -18 -4 -10 -22 -11 -5 -2 -30
right_child=3 2 23 5 -6 6 -8 14 9 10 -12 -13 17 -15 -16 -17 22 -19 19 -21 25 -23 -24 -25 -26 -27 -28 -29 29 -31
leaf_value=-0.0045979555146356257 -0.0067077477238042804 8.8456553854698857e-06 -0.0051955031390985345 -0.0051797446404826088 -0.0015973661249723437 0.014602298517067056 0.51150642799355028 0.20857412073968506 -0.0031024109778187816 0.025654254654451061 -0.02959978784384969 0.079740083683501703 -0.012378967380234319 -0.026957774293598604 0.055962344295285155 0.070024767066690252 -0.002420754786742019 0.0239260881632017 0.012854973270177039 -0.0090840636266155354 0.038535005557894714 -0.011241986062585686 -0.0044985384082229856 -0.0022643904837959528 -0.039273553965050924 0.012956334290511197 0.11913107556749321 -0.00047269501545934569 0.0004120520773117753 -0.00039623368011880715
leaf_weight=27728 4579 2378 12054 47828 21967 22691 432 1199 19809 12816 11618 5784 19775 10581 2882 8158 8960 17978 35808 39769 4627 30744 14562 11400 8572 45405 3331 100770 4236 1169
leaf_count=27728 3245 1546 6602 32630 13649 15415 144 807 16189 9254 10706 4196 16423 9723 2284 6188 5062 16034 27028 32651 2965 25196 10160 6384 8170 32829 2713 67864 2536 643
internal_value=-0.00209825 -0.0196985 -0.0140078 -0.000235451 -0.00294332 9.793e-05 0.00100133 0.000945488 0.000792143 0.000304214 0.000910213 0.00147359 0.00108905 -0.000288719 0.00585028 0.0023688 -0.00153555 0.00021389 -0.000196507 0.000239682 0.000622298 -6.6865e-05 -0.00242539 -0.0155539 -0.00121824 0.00153902 0.00313526 -0.00065546 0.000560897 0.00269658
internal_weight=559610 53560 25832 506050 55473 450577 135045 134613 130532 99683 71302 59684 53900 315532 4081 30849 33506 37753 304951 156353 116584 66552 23522 23454 28381 50032 16147 148598 9984 5405
internal_count=416964 42260 14532 374704 35295 339409 108523 108379 105288 83685 59326 48620 44424 230886 3091 21603 21646 32457 221163 120669 88018 52224 15222 12986 24359 35794 11967 100494 6424 3179
is_linear=0
shrinkage=0.05


Tree=87
num_leaves=31
num_cat=1
split_feature=10 10 10 10 4 10 10 11 10 10 12 11 11 12 4 12 11 12 11 11 4 5 4 10 0 12 4 12 10 7
split_gain=7345.46 651.964 224.986 186.49 93.7519 152.786 56.406 37.8253 27.317 59.5857 26.735 38.0979 25.6195 32.1102 26.6245 25.3779 36.6464 30.1243 32.7188 25.1834 24.207 27.535 23.5641 22.7644 22.64 22.5485 21.8793 21.6475 20.1778 19.1169
threshold=0.8057344511571628 1.0000000180025095e-35 0.43519700344886553 2.3722515403909918 3.5000000000000004 1.890397441731517 19.283264000169801 183.50000000000003 1.5862281902591664 1.4227507702095894 153.61360024719701 144.50000000000003 22.500000000000004 23.327676587696619 1.0000000180025095e-35 120.56933893294615 116.50000000000001 85.071187741763552 72.500000000000014 90.500000000000014 5.5000000000000009 1.0000000180025095e-35 4.5000000000000009 2.0183626939843733 0 63.629654527088711 4.5000000000000009 26.486986080288016 0.76340990904344486 32.850000000000001
decision_type=2 2 2 2 2 2 2 2 2 2 2 2 2 2 2 2 2 2 2 2 2 2 2 2 1 2 2 2 2 2
left_child=1 -1 26 4 5 8 12 10 9 -2 11 15 13 -5 -14 16 17 18 25 -19 21 23 28 -6 -7 -8 -3 -16 -4 -29
right_child=3 2 22 6 20 24 7 -9 -10 -11 -12 -13 14 -15 27 -17 -18 19 -20 -21 -22 -23 -24 -25 -26 -27 -28 29 -30 -31
leaf_value=-0.0043680577389038451 0.00012591858974201343 8.4033726161947274e-06 -0.0021511709596061523 -0.00058469533067682098 -0.0010309302379574615 -0.0014049643815887249 0.040278724371463431 0.14573647377858451 0.0059105145066025606 -0.0022997170474049256 -0.033215892059683942 0.11113703229683421 -0.0076465635586862486 -0.019756571714887518 0.0090404673149488083 -0.017331949753040022 0.10751872312599958 -0.023399782684203087 0.08596836959146846 0.022125987677026161 -0.011489453471796463 -0.036680656246136048 -0.0045385805368041935 0.00098086133202086585 -0.0018176975203756385 -0.012963760410139092 -0.038680643502383809 0.00011559490782504512 -0.008092005824838178 0.014657400367321216
leaf_weight=27749 5751 1736 15092 133475 9382 4940 12286 2324 7131 7072 5959 4268 33693 22115 26818 10377 5028 10917 6981 12795 6951 1295 6323 5014 8162 6555 567 127944 1695 30252
leaf_count=27749 3581 1070 7988 92269 6154 2802 10604 1676 4693 4028 5523 3184 24693 18165 17558 9615 3648 10405 5533 11015 5111 1005 3711 3056 4986 6011 435 96242 1105 23796
internal_value=-0.00201852 -0.0197011 -0.0139151 -0.000166163 -0.00289597 -0.00459372 0.000170379 0.00139824 -0.00183923 -0.00321883 0.001204 0.0014807 -8.38238e-05 -0.000574266 0.000265081 0.00117995 0.00161101 0.00119817 0.00237975 -8.85628e-05 -0.000417366 0.000670767 -0.0154003 0.00129897 -0.00878873 0.00129637 0.000987842 0.000500503 -0.0144204 0.00027782
internal_weight=560647 53162 25413 507485 55698 33056 451787 77490 19954 12823 75166 69207 374297 155590 218707 64939 54562 49534 25822 23712 22642 15691 23110 14396 13102 18841 2303 185014 16787 158196
internal_count=417411 42058 14309 375353 35416 20090 339937 67214 12302 7609 65538 60015 272723 110434 162289 56831 47216 43568 22148 21420 15326 10215 12804 9210 7788 16615 1505 137596 9093 120038
cat_boundaries=0 1
cat_threshold=18
is_linear=0
shrinkage=0.05


Tree=88
num_leaves=31
num_cat=0
split_feature=10 10 10 10 4 10 10 8 10 10 6 3 11 7 4 11 12 4 4 12 11 12 12 7 10 11 6 10 5 10
split_gain=7390.54 646.589 227.798 188.198 90.1788 156.114 56.0781 57.0516 35.4937 51.5722 30.6246 30.5169 34.1511 27.6758 27.0542 26.4121 27.0602 26.3821 26.2118 19.7288 19.384 22.5712 21.2643 19.3233 19.42 18.1567 18.1488 24.6534 17.9577 20.8949
threshold=0.8057344511571628 1.0000000180025095e-35 0.43519700344886553 2.3722515403909918 3.5000000000000004 1.890397441731517 24.582108491562828 1.6265161290322585 1.5862281902591664 1.4227507702095894 2.0000000000000004 87.500000000000014 17.500000000000004 27.750000000000004 5.5000000000000009 180.50000000000003 153.61360024719701 5.5000000000000009 4.5000000000000009 16.908766395250854 104.50000000000001 109.41128370308739 88.796475276490753 29.950000000000003 0.76340990904344486 144.50000000000003 0.55000000000000016 0.95850667735212247 1.0000000180025095e-35 1.4227507702095894
decision_type=2 2 2 2 2 2 2 2 2 2 2 2 2 2 2 2 2 2 2 2 2 2 2 2 2 2 2 2 2 2
left_child=1 -1 -3 4 5 8 11 10 9 26 15 12 17 -14 28 16 20 19 23 -5 22 -22 -8 24 -4 -23 27 -2 -6 -30
right_child=3 2 18 6 14 -7 7 -9 -10 -11 -12 -13 13 -15 -16 -17 -18 -19 -20 -21 21 25 -24 -25 -26 -27 -28 -29 29 -31
leaf_value=-0.0041496548519586521 -0.0066741527934994997 7.9832039853844357e-06 -0.0018970567788607175 -4.3184842111365644e-05 0.00077587630985104239 -0.0014924069404729234 0.03807644734022269 0.63086115136996535 0.0057553272281500424 -0.0022267828803014924 0.14487591341806691 -0.013468325691001426 0.0099762478126418589 0.00065238937032661157 -0.01091498079820663 0.14570497402927904 -0.037840217260450261 -0.016064903479370642 -0.0043116515099639874 -0.013026136234645614 0.13729634290554049 0.010192677579561061 -0.011895535315907502 -0.0020436124116258504 -0.0076398600600216197 0.10103507822778042 -0.00042421118364515125 0.00027277719130152088 0.0050058084662905128 -0.040162062160177953
leaf_weight=27924 1000 2336 7281 78906 14342 13024 9987 336 7111 6975 1928 15679 45068 230083 6917 2000 5052 18985 6364 17373 3578 8305 11348 8600 1119 2676 944 3796 270 1039
leaf_count=27924 742 1530 3753 52728 9198 7728 8983 114 4647 3993 1334 11277 31136 175559 5095 1536 4744 16203 3730 12839 2762 7601 10778 4754 721 2160 542 2324 180 829
internal_value=-0.00208112 -0.0197328 -0.0140097 -0.000213135 -0.00296294 -0.0046347 0.000124528 0.00179496 -0.00184102 -0.00342312 0.00164126 -6.1439e-05 2.54217e-05 0.000328093 -0.000529511 0.0013645 0.00109046 -0.000697095 -0.0154982 -0.00036119 0.00157269 0.00297926 0.000612843 -0.0144735 -0.0127679 0.00185548 8.7108e-05 0.00133445 0.000621366 -0.00498472
internal_weight=560346 53624 25700 506722 55418 32850 451304 45210 19826 12715 44874 406094 390415 275151 22568 42946 40946 115264 23364 96279 35894 14559 21335 17000 8400 10981 5740 4796 15651 1309
internal_count=417444 42412 14488 375032 35278 19976 339754 40012 12248 7601 39898 299742 288465 206695 15302 38564 37028 81770 12958 65567 32284 12523 19761 9228 4474 9761 3608 3066 10207 1009
is_linear=0
shrinkage=0.05


Tree=89
num_leaves=31
num_cat=0
split_feature=10 10 10 10 10 8 6 10 10 10 5 11 12 12 10 6 10 11 10 7 10 7 7 6 6 3 10 10 12 3
split_gain=7433.38 637.947 235.766 179.652 63.939 61.8118 53.2531 38.5557 34.0269 25.5584 24.5491 23.6516 38.5771 32.2279 22.158 32.9659 21.1046 20.5379 19.7193 19.254 18.897 16.6242 16.5024 15.1471 15.013 16.6684 14.7654 30.7806 14.3984 14.024
threshold=0.8057344511571628 1.0000000180025095e-35 0.43519700344886553 2.3722515403909918 1.4227507702095894 1.266648351648352 0.15000000000000005 35.7025352060625 33.597254758644205 1.890397441731517 1.0000000180025095e-35 46.500000000000007 46.568539015822829 45.834306120066657 1.1823175294197679 0.15000000000000005 1.5575311628460653 11.500000000000002 0.71170035736632797 27.550000000000004 13.46962841471843 27.450000000000003 26.250000000000004 0.95000000000000007 4.0000000000000009 46.500000000000007 2.8867730825764597 3.1735078661945892 12.415403572494563 88.500000000000014
decision_type=2 2 2 2 2 2 2 2 2 2 2 2 2 2 2 2 2 2 2 2 2 2 2 2 2 2 2 2 2 2
left_child=1 -1 -3 4 14 6 11 10 -7 16 20 13 -13 17 19 -16 -6 28 23 -2 24 -18 -14 -4 29 -26 -19 -28 -5 -8
right_child=3 2 18 5 9 8 7 -9 -10 -11 -12 12 22 -15 15 -17 21 26 -20 -21 -22 -23 -24 -25 25 -27 27 -29 -30 -31
leaf_value=-0.00394217210936072 0.037021261075673682 7.5840437861129933e-06 -0.0019414317910445567 -0.0060066625064646665 -0.0020733920510196181 0.031045905306382134 0.0013026393535354398 0.1127126235596764 0.51881998759464165 -0.0013472232339974523 -0.021306892568704574 0.033616123368547718 -0.059711186428011945 -0.024593201720002546 0.00035550407649128648 -0.00036150736641773487 0.005800441191249517 0.0010788966185244018 -0.012168205548877632 -0.0064226020748829439 0.028913818140458195 -0.00658594521678475 0.0007184366110091656 -0.0018022039399176793 -0.0012347356511654972 0.018067998289438888 -0.0056304417945865388 -0.00050503361553229105 -0.02167540729286821 -0.027968442030788701
leaf_weight=27945 1228 2345 16155 28433 9166 3309 88933 3895 625 22035 4388 10083 484 16229 4005 1309 2189 10273 5360 3269 34955 12281 92489 1765 2565 4896 5969 131808 10764 1089
leaf_count=27945 792 1531 8935 20173 5122 1437 60883 3385 289 13681 4102 6871 472 14597 2389 725 1415 6581 3054 2431 26889 8725 78371 909 1649 2784 3809 98260 8426 711
internal_value=-0.00206265 -0.0197751 -0.0140771 -0.000189917 -0.00287481 0.000140241 8.53544e-05 0.000890592 0.00638027 -0.00366151 0.000750954 -0.00028431 0.000332829 -0.000596876 0.000787382 0.00297328 -0.00251946 -0.000411622 -0.0155992 -0.00179564 0.000872861 -0.00133034 1.42514e-05 -0.0163951 0.000515218 0.00267055 -0.000142182 -0.00027853 -0.00142932 0.000336584
internal_weight=560239 53570 25625 506669 55482 451187 447253 140721 3934 45671 136826 306532 103056 203476 9811 5314 23636 187247 23280 4497 132438 14470 92973 17920 97483 7461 148050 137777 39197 90022
internal_count=417343 42374 14429 374969 35280 339689 337963 100403 1726 28943 97018 237560 85714 151846 6337 3114 15262 137249 12898 3223 92916 10140 78843 9844 66027 4433 108650 102069 28599 61594
is_linear=0
shrinkage=0.05


Tree=90
num_leaves=31
num_cat=0
split_feature=10 10 10 10 4 10 8 5 10 10 10 7 10 11 11 3 7 12 11 12 4 10 10 3 3 7 7 11 4 3
split_gain=7224.39 703.056 207.753 170.354 104.862 154.193 50.9303 41.6231 47.2995 30.5103 59.0452 27.0016 24.7694 24.624 23.349 22.4555 27.4381 19.4965 25.7232 22.9919 19.0295 30.2551 21.8108 18.6837 27.6236 25.1754 24.9419 20.3611 21.3333 18.3225
threshold=0.8057344511571628 1.0000000180025095e-35 0.43519700344886553 2.3722515403909918 3.5000000000000004 1.890397441731517 1.8914956011730208 1.0000000180025095e-35 24.582108491562828 1.5862281902591664 1.4227507702095894 30.550000000000004 17.891504716827139 182.50000000000003 7.5000000000000009 82.500000000000014 27.950000000000003 136.94467507361387 109.50000000000001 88.796475276490753 5.5000000000000009 1.5575311628460653 2.0183626939843733 63.500000000000007 40.500000000000007 28.750000000000004 32.650000000000013 20.500000000000004 1.0000000180025095e-35 78.500000000000014
decision_type=2 2 2 2 2 2 2 2 2 2 2 2 2 2 2 2 2 2 2 2 2 2 2 2 2 2 2 2 2 2
left_child=1 -1 -3 4 5 9 7 8 14 10 -2 -4 -8 17 -5 16 -16 18 19 -10 22 -22 -6 24 -18 -25 -26 -27 -29 -30
right_child=3 2 11 6 20 -7 12 -9 13 -11 -12 -13 -14 -15 15 -17 23 -19 -20 -21 21 -23 -24 25 26 27 -28 28 29 -31
leaf_value=-0.003745063503892684 5.8310238423209265e-05 7.2048415968084537e-06 -0.0046362450056680387 -0.0082075542783484508 -0.0024330539451634771 -0.0013845806644866788 0.040292495377334682 -0.020794498745994306 0.050938937749956816 0.0051778090418484806 -0.0019697224484686473 -0.0018443602014923234 0.55699771508140294 0.14355196640571749 0.006456339079653906 -0.0051962980795189576 0.0050299874188329602 -0.0074078833904941636 0.082954900306569546 -0.0034797294199417021 0.0028383975073318969 -0.011251522002212201 0.00096038561162714586 -0.012516524706098986 -0.0065022147530143575 -0.00047967678127411876 0.00046591272799623162 -0.0050281981866864061 0.027658796863639791 -0.00099377993175542301
leaf_weight=27805 5736 2321 12203 25710 10333 12977 681 10392 10260 7148 6977 11379 399 2058 58127 47504 43954 10348 8861 12487 2382 4560 5538 12551 70517 25923 57244 9073 36549 9060
leaf_count=27805 3586 1525 6659 18462 6895 7717 259 9776 9080 4692 4007 6355 133 1516 40111 34312 33168 9518 7121 11619 1656 3462 3436 9207 51741 18499 43374 6979 28041 7020
internal_value=-0.0020403 -0.0194785 -0.0135515 -0.000194294 -0.00280453 -0.00461356 0.000127297 0.000101305 0.000175137 -0.00184407 -0.00331354 -0.0149563 0.0109722 0.00173013 2.39771e-06 0.000103508 0.000252788 0.0014682 0.00208492 0.00119466 -0.000200544 -0.00238404 0.000754521 3.69048e-05 -0.000272399 0.000607046 -0.000644367 0.000931394 0.00147855 0.00191903
internal_weight=561057 53708 25903 507349 55651 32838 451698 450618 440226 19861 12713 23582 1080 44014 396212 370502 322998 41956 31608 22747 22813 6942 15871 264871 171715 93156 127761 80605 54682 45609
internal_count=417731 42344 14539 375387 35451 20002 339936 339544 329768 12285 7593 13014 392 38854 290914 272452 238140 37338 27820 20699 15449 5118 10331 198029 128283 69746 95115 60539 42040 35061
is_linear=0
shrinkage=0.05


Tree=91
num_leaves=31
num_cat=1
split_feature=10 10 10 10 4 10 10 5 6 7 10 10 11 10 10 4 6 10 4 10 6 12 7 7 3 3 3 3 0 7
split_gain=7278.31 682.322 233.701 178.879 100.45 138.594 40.7568 35.7667 34.3984 26.698 24.5848 54.3364 21.7888 20.8952 20.5443 25.8394 20.1135 20.2637 19.8785 21.0923 20.4585 19.5617 18.6407 19.9944 18.2373 20.1901 37.7874 27.0664 17.3481 17.2346
threshold=0.8057344511571628 1.0000000180025095e-35 0.43519700344886553 2.3722515403909918 3.5000000000000004 1.890397441731517 41.784480259946307 1.0000000180025095e-35 0.15000000000000005 30.550000000000004 1.5862281902591664 1.4227507702095894 15.500000000000002 0.76340990904344486 13.46962841471843 5.5000000000000009 0.55000000000000016 0.95850667735212247 5.5000000000000009 1.5575311628460653 0.15000000000000005 17.846441889568268 31.350000000000005 31.850000000000005 36.500000000000007 48.500000000000007 45.500000000000007 78.500000000000014 0 30.350000000000005
decision_type=2 2 2 2 2 2 2 2 2 2 2 2 2 2 2 2 2 2 2 2 2 2 2 2 2 2 2 2 1 2
left_child=1 -1 -3 4 5 10 7 8 12 13 11 16 21 -4 -10 22 17 -2 -6 -20 -21 -5 -16 -24 -14 26 -26 -27 -7 -8
right_child=3 2 9 6 18 28 29 -9 14 -11 -12 -13 24 -15 15 -17 -18 -19 19 20 -22 -23 23 -25 25 27 -28 -29 -30 -31
leaf_value=-0.0035578103286980495 -0.0059850434856190465 6.844599516969696e-06 -0.0035093072107538906 -0.0042983977202749159 0.00051040518181109105 -0.0011788340106533958 0.1529337836053653 -0.018571137992746945 0.0011578636494234075 -0.001752142191417705 0.004918648355087641 -0.0019164573575295219 0.020898973616849715 -0.0064176445292932543 0.042216116237256074 -0.025120630736557282 -0.00038784076806317461 0.00024853489687134413 0.00022676085346461374 -0.01069435059546997 0.02688635350594324 -0.02448258649388322 -0.064552392483675544 0.02177177606945371 -0.0010262411650669989 0.004997631607205559 -0.025973106323440565 -0.0036753091328982045 -0.0013269830098664892 0.029018967865810555
leaf_weight=27891 1004 2331 10576 55412 15678 4938 2654 10297 97567 11250 6965 6968 19387 1617 28942 3379 983 3745 2332 3435 1162 7980 1600 3396 38562 107405 11529 60526 8118 2190
leaf_count=27891 732 1511 5602 39006 10190 2800 2342 9703 66153 6290 4609 4004 16047 1073 21468 3329 557 2289 1634 2675 790 6496 1382 2754 30212 83859 9083 45494 4940 2042
internal_value=-0.00207143 -0.0195803 -0.0137154 -0.000215053 -0.00289817 -0.00466902 0.000114235 6.46887e-05 0.000133525 -0.0152167 -0.00201754 -0.00332677 -0.000163979 -0.0135959 0.000796981 0.00179476 0.000279135 0.00162666 -0.000335073 -0.00256531 -0.00453013 -0.000987506 0.00220991 -0.000610488 5.59162e-05 -7.47631e-05 -0.000955761 0.000188024 -0.00866268 0.00467589
internal_weight=559819 53665 25774 506154 55328 32721 450826 445982 435685 23443 19665 12700 300801 12193 134884 37317 5732 4749 22607 6929 4597 63392 33938 4996 237409 218022 50091 167931 13056 4844
internal_count=416957 42367 14476 374590 35220 19931 339370 334986 325283 12965 12191 7582 230197 6675 95086 28933 3578 3021 15289 5099 3465 45502 25604 4136 184695 168648 39295 129353 7740 4384
cat_boundaries=0 1
cat_threshold=18
is_linear=0
shrinkage=0.05


Tree=92
num_leaves=31
num_cat=0
split_feature=12 12 3 3 11 3 11 8 12 11 7 3 12 3 12 11 12 3 8 12 7 11 12 3 4 3 3 11 3 4
split_gain=6317.37 1115.2 156.124 174.185 118.776 54.365 46.0529 38.3326 33.1417 34.7571 31.7578 31.6482 29.5296 25.2309 24.6631 45.967 20.1742 19.3254 19.2042 18.9285 17.8468 18.3048 20.9503 17.8357 17.4569 17.4206 20.4517 17.0064 16.4869 19.6479
threshold=3.2759665946094283 1.0000000180025095e-35 32.500000000000007 84.500000000000014 11.500000000000002 83.500000000000014 121.50000000000001 1.8914956011730208 109.41128370308739 79.500000000000014 30.550000000000004 88.500000000000014 2.0443243186888806 28.500000000000004 59.447807771470913 58.500000000000007 10.027812111587039 39.500000000000007 2.0771428571428578 74.415721521297755 30.450000000000003 213.00000000000003 145.1325398666697 33.500000000000007 4.5000000000000009 50.500000000000007 40.500000000000007 101.50000000000001 33.500000000000007 3.5000000000000004
decision_type=2 2 2 2 2 2 2 2 2 2 2 2 2 2 2 2 2 2 2 2 2 2 2 2 2 2 2 2 2 2
left_child=1 -1 12 10 11 6 8 20 9 14 17 18 13 -3 15 23 -13 -4 28 -11 21 22 -8 -6 -5 26 -25 -21 -2 -30
right_child=4 2 3 24 5 -7 7 -9 -10 19 -12 16 -14 -15 -16 -17 -18 -19 -20 27 -22 -23 -24 25 -26 -27 -28 -29 29 -31
leaf_value=-0.0033799198122631473 -0.0015683024334150809 -0.00081722325563180495 -0.005609169426359673 6.5023695411225997e-06 0.017399659777313392 -0.0024298296048965717 0.075773841442552489 0.67130010114337368 -0.033700167581288736 0.066590228122179518 -0.0016645350818468186 -0.0042610604930264249 -0.001227067221587186 -0.0042289673948469391 -0.013437113309980254 0.041877018198813155 -0.0049062747309530259 -0.0013048161321006946 0.034879115372892483 0.0092718511638583585 0.0085125154687948346 0.31311342363377009 0.015377187137136695 0.0021734221564581268 -0.036748092161708878 0.0010323424149231153 -0.0025504786207661834 0.060821258995093969 -0.0016327111069301143 -0.0060182715899578468
leaf_weight=27781 20276 1230 2303 1513 20568 51337 6174 216 11228 3452 11186 1765 3730 2024 34945 10926 1385 7207 352 17938 7489 370 5138 30151 496 154487 44058 7191 37076 35051
leaf_count=27781 14512 772 1327 935 16060 36313 4538 72 10706 2364 6322 945 2412 1194 30585 7382 967 4029 128 15224 6365 248 4562 22683 378 112395 31038 5477 23622 25603
internal_value=-0.00209747 -0.0177997 -0.0110622 -0.0130731 -0.000298312 7.58009e-05 0.000296121 0.00266545 0.000158982 0.000251609 -0.0144376 -0.00188077 -0.00452463 -0.00800553 9.03824e-05 0.000257888 -0.00680952 -0.0123134 -0.00171338 0.00191648 0.00242945 0.00365092 0.00329296 0.00011875 0.000983076 -8.08934e-06 -0.000637726 0.00143957 -0.00175779 -0.0021119
internal_weight=559043 57470 29689 22705 501573 405668 354331 19387 334944 323716 20696 95905 6984 3254 295135 260190 3150 9510 92755 28581 19171 11682 11312 249264 2009 228696 74209 25129 92403 72127
internal_count=416939 45150 17369 12991 371789 306012 269699 15785 253914 243208 11678 65777 4378 1966 220143 189558 1912 5356 63865 23065 15713 9348 9100 182176 1313 166116 53721 20701 63737 49225
is_linear=0
shrinkage=0.05


Tree=93
num_leaves=31
num_cat=3
split_feature=10 10 10 10 4 10 7 8 11 4 10 10 12 11 12 11 12 10 10 11 12 0 4 0 12 4 0 7 12 11
split_gain=6959.71 804.104 196.683 159.138 101.068 135.164 47.1057 45.5968 31.5625 30.229 115.017 28.5198 28.3686 37.9946 35.8204 32.5872 28.0096 27.0524 60.4937 26.213 24.7586 24.7312 24.4052 33.765 23.9724 23.3425 22.7146 26.1293 22.3863 27.8153
threshold=0.8057344511571628 1.0000000180025095e-35 0.43519700344886553 2.3722515403909918 3.5000000000000004 1.890397441731517 30.550000000000004 1.8914956011730208 39.500000000000007 4.5000000000000009 0.64054847581383256 17.891504716827139 47.159181363137947 63.500000000000007 69.196973395167205 84.500000000000014 90.031665433306031 1.5862281902591664 1.4227507702095894 117.50000000000001 40.818295860272123 0 3.5000000000000004 1 124.27904564315354 4.5000000000000009 2 36.45000000000001 139.17532916821509 172.50000000000003
decision_type=2 2 2 2 2 2 2 2 2 2 2 2 2 2 2 2 2 2 2 2 2 1 2 1 2 2 1 2 2 2
left_child=1 -1 25 4 5 17 9 8 20 -4 -11 -9 -10 -14 -15 -16 -17 18 -2 24 22 -7 26 -24 -18 -3 -5 -28 -21 -30
right_child=3 2 6 7 -6 21 -8 11 12 10 -12 -13 13 14 15 16 19 -19 -20 28 -22 -23 23 -25 -26 -27 27 -29 29 -31
leaf_value=-0.0032109238216499903 0.00011300863740186795 6.1772510640656371e-06 -0.0040175190251045883 0.001614252876642519 -0.00013429496957745684 -0.00094307243978393191 -0.0015813083277544826 0.0299161065820258 0.016009644276000993 3.182084449283029e-05 -0.010561236397108809 0.53219118420506395 -0.0091101579184244223 0.034655790701462498 -0.014090406262486255 0.049359061876502033 0.0021907449963446623 0.0047543514926797542 -0.0016937779028222356 0.051251703911242175 -0.01690242794041974 -0.0013122509801193117 0.00063888399996270273 -0.011421413628539646 -0.047651869387098422 -0.034910687553623435 -0.0012358262538889166 0.030051828547744509 -0.018857183255757626 0.063776334729382003
leaf_weight=27792 5712 1800 9770 62080 22700 4935 11359 701 39883 1088 1294 414 47149 13723 22618 10089 19825 7093 7022 12667 20832 8061 59501 41665 4392 583 81133 1701 9710 3800
leaf_count=27792 3586 1110 5198 40004 15326 2819 6359 265 27531 652 784 138 38905 9331 19966 7359 17155 4671 4016 9545 18256 4917 46495 32351 4274 449 55765 1025 8798 2918
internal_value=-0.00197374 -0.0190934 -0.0127539 -0.000162395 -0.00268853 -0.00446257 -0.0141413 0.000147992 0.000123012 -0.0119775 -0.00692695 0.0102466 0.000627121 0.00030023 0.000867037 0.000476228 0.00108171 -0.00186488 -0.00324329 0.00060027 -0.000224231 -0.00842567 -8.4119e-05 -0.00068007 -0.000585333 0.000933697 0.000331921 -0.000210033 0.0016971 0.000281273
internal_weight=561092 53686 25894 507406 55523 32823 23511 451883 450768 12152 2382 1115 183856 143973 96824 83101 60483 19827 12734 50394 266912 12996 246080 101166 24217 2383 144914 82834 26177 13510
internal_count=417760 42344 14552 375416 35335 20009 12993 340081 339678 6634 1436 403 145782 118251 79346 70015 50049 12273 7602 42690 193896 7736 175640 78846 21429 1559 96794 56790 21261 11716
cat_boundaries=0 1 2 3
cat_threshold=18 7 24
is_linear=0
shrinkage=0.05


Tree=94
num_leaves=31
num_cat=3
split_feature=10 10 10 10 4 10 7 8 4 10 10 10 10 10 10 6 4 10 5 0 5 3 0 10 4 4 7 4 7 0
split_gain=6877.28 818.618 201.936 167.504 97.7945 136.157 50.9952 43.7393 36.3066 100.641 34.6044 26.3992 60.8129 26.2612 25.9185 25.3348 22.6967 24.5023 21.6242 20.1569 18.0885 18.0086 16.6791 31.0971 34.0371 26.8963 25.9904 21.6763 23.4044 32.8713
threshold=0.8057344511571628 1.0000000180025095e-35 0.43519700344886553 2.3722515403909918 3.5000000000000004 1.890397441731517 30.350000000000005 1.8914956011730208 4.5000000000000009 0.64054847581383256 34.905210870434537 1.5862281902591664 1.4227507702095894 0.76340990904344486 18.81164169877427 0.15000000000000005 5.5000000000000009 1.5575311628460653 1.0000000180025095e-35 0 1.0000000180025095e-35 30.500000000000004 1 6.637514249058321 3.5000000000000004 1.0000000180025095e-35 33.650000000000013 2.5000000000000004 33.95000000000001 2
decision_type=2 2 2 2 2 2 2 2 2 2 2 2 2 2 2 2 2 2 2 1 2 2 1 2 2 2 2 2 2 1
left_child=1 -1 -3 4 5 11 8 10 13 -10 15 12 -2 -4 -9 22 -6 -18 -17 -7 -12 -8 23 24 27 -24 -25 -5 29 -29
right_child=3 2 6 7 16 19 21 14 9 -11 20 -13 -14 -15 -16 18 17 -19 -20 -21 -22 -23 25 26 -26 -27 -28 28 -30 -31
leaf_value=-0.0030503776305674905 0.00010735820553177123 5.8683885108601345e-06 -0.0010386993742404261 -0.00059911786405502103 0.00079018773217133249 -0.00094976233519941113 0.00020705276214163517 0.034517613151934558 3.0229802268189054e-05 -0.009963230819454728 0.05364486102459836 0.0045136837190384417 -0.0016090890076811304 -0.0058306455449683272 0.46132657587964271 0.0026600920549732622 0.00047772060683507481 -0.010096120320152792 -0.018408193257263308 -0.0012481233038006412 -0.12033350218297337 -0.0015022429113667581 -0.02890597467305871 0.0047672509686722542 -0.010838139997507136 -0.0034457326411316824 0.032098310151783459 0.0036248010133434448 0.018316802734796991 -0.0060272623285648015
leaf_weight=27839 5730 2426 8027 42595 15576 4877 109 691 1053 1058 15162 7046 6935 1219 369 132019 2339 4559 4415 8144 402 11918 19859 58774 40268 110099 11061 7459 2355 5770
leaf_count=27839 3576 1582 4183 27913 10140 2789 51 263 629 650 13720 4650 3975 787 123 92605 1639 3459 4149 4950 402 6676 16033 46086 30492 90029 8313 4501 1285 3888
internal_value=-0.00203003 -0.019053 -0.0126385 -0.000226948 -0.00282669 -0.00457045 -0.014063 9.10706e-05 -0.0116602 -0.00574372 6.71867e-05 -0.00194942 -0.00331425 -0.013011 0.0102358 -1.57589e-05 -0.000286998 -0.00267469 0.000548617 -0.00853813 0.00238371 -0.016332 -0.00027394 5.46669e-05 -0.000517791 -0.000699403 0.000861674 0.000255676 0.00185126 0.00103371
internal_weight=560153 53649 25810 506504 55206 32732 23384 451298 11357 2111 450238 19711 12665 9246 1060 434674 22474 6898 136434 13021 15564 12027 298240 168282 98447 129958 69835 58179 15584 13229
internal_count=417377 42397 14558 374980 35178 19940 12976 339802 6249 1279 339416 12201 7551 4970 386 325294 15238 5098 96754 7739 14122 6727 228540 122478 68079 106062 54399 37587 9674 8389
cat_boundaries=0 1 2 3
cat_threshold=18 25 16
is_linear=0
shrinkage=0.05


Tree=95
num_leaves=31
num_cat=1
split_feature=10 10 10 10 4 10 7 10 4 10 8 10 10 5 8 10 12 11 11 12 11 12 4 10 0 10 7 10 4 3
split_gain=7002.41 777.187 188.679 151.115 109.9 148.032 43.5641 41.1388 36.8267 101.925 29.2103 27.8766 59.1845 27.7255 24.5527 23.6411 25.3937 27.7452 26.4821 24.4201 31.5213 23.9961 22.8618 33.8091 21.8083 21.6178 20.2266 19.3047 19.1383 18.2388
threshold=0.8057344511571628 1.0000000180025095e-35 0.43519700344886553 2.3722515403909918 3.5000000000000004 1.890397441731517 30.350000000000005 43.798720862826471 4.5000000000000009 0.64054847581383256 1.8457336523126002 1.5862281902591664 1.4227507702095894 1.0000000180025095e-35 1.3292396313364059 14.061551343524883 85.071187741763552 70.500000000000014 101.50000000000001 60.96935594348912 52.500000000000007 66.642215903599478 5.5000000000000009 1.5575311628460653 0 0.76340990904344486 28.850000000000005 2.0183626939843733 5.5000000000000009 59.500000000000007
decision_type=2 2 2 2 2 2 2 2 2 2 2 2 2 2 2 2 2 2 2 2 2 2 2 2 1 2 2 2 2 2
left_child=1 -1 -3 4 5 11 8 10 25 -10 13 12 -2 15 -9 28 17 19 -18 20 -17 -19 27 -24 -7 -4 -25 -6 -5 -12
right_child=3 2 6 7 22 24 -8 14 9 -11 29 -13 -14 -15 -16 16 18 21 -20 -21 -22 -23 23 26 -26 -27 -28 -29 -30 -31
leaf_value=-0.002897858749039116 0.00010199029525518322 5.5749690853146299e-06 -0.001449755022129895 0.0001358578278292999 -0.00032462890117710422 -0.00084843070103477478 -0.0014271307657984234 0.085581759031922652 2.8718312154779603e-05 -0.0096749005518779081 -0.051045333397762294 0.0042909497320938522 -0.0015286345572970818 -0.016737471475964449 1.0009394342560531 0.010393055421996689 -0.018912004491080395 0.10900071413909014 0.013022576440141679 -0.015677776297444889 0.071592194692852704 0.037642401283711373 0.0027511950615215332 0.029874277010382012 -0.0012395986823731777 -0.0055797576048857052 -0.011784704002125036 0.0011549650133234168 -0.0078158211849816538 0.098295017953169334
leaf_weight=27826 5813 2312 7945 284606 10313 4950 12091 3244 1022 1068 178 7088 6951 10426 218 26021 21457 1898 32616 10938 6907 12787 2397 937 8046 1192 3659 5549 38891 926
leaf_count=27826 3633 1520 4141 196646 6837 2814 6699 3010 610 672 76 4656 3993 9810 98 21873 19839 1288 26958 10048 5205 10095 1653 639 4938 784 2849 3427 34391 338
internal_value=-0.00200233 -0.0192139 -0.0129321 -0.000186951 -0.00264393 -0.00449647 -0.014283 0.000116434 -0.0120402 -0.00605263 7.44442e-05 -0.00178068 -0.0031769 5.43616e-05 0.00554593 0.000115278 0.000739185 0.00146069 -4.20728e-05 0.00083094 0.00151087 0.00334185 1.85955e-05 -0.00236308 -0.00864497 -0.0134098 -0.0048738 0.00106859 -0.000101933 0.00819746
internal_weight=560272 53456 25630 506816 55703 32848 23318 451113 11227 2090 447651 19852 12764 446547 3462 436121 112624 58551 54073 43866 32928 14685 22855 6993 12996 9137 4596 15862 323497 1104
internal_count=417366 42252 14426 375114 35439 20034 12906 339675 6207 1282 336567 12282 7626 336153 3108 326343 95306 48509 46797 37126 27078 11383 15405 5141 7752 4925 3488 10264 231037 414
cat_boundaries=0 1
cat_threshold=18
is_linear=0
shrinkage=0.05


Tree=96
num_leaves=31
num_cat=0
split_feature=10 10 10 10 4 10 7 8 4 10 6 10 10 10 10 10 10 4 11 10 5 4 10 7 10 4 10 10 10 3
split_gain=6988.55 788.715 176.757 166.296 97.8786 152.266 54.7364 45.696 33.2905 105.976 30.732 30.9464 29.5649 66.2806 22.318 21.9116 18.436 18.1791 17.0655 17.05 16.9747 16.2677 28.4892 18.9432 17.3603 15.512 20.8387 19.2748 18.785 15.0312
threshold=0.8057344511571628 1.0000000180025095e-35 0.43519700344886553 2.3722515403909918 3.5000000000000004 1.890397441731517 30.550000000000004 1.8914956011730208 4.5000000000000009 0.64054847581383256 0.15000000000000005 27.831978588984576 1.5862281902591664 1.4227507702095894 18.81164169877427 0.76340990904344486 1.5575311628460653 4.5000000000000009 10.500000000000002 0.95850667735212247 1.0000000180025095e-35 5.5000000000000009 1.5575311628460653 28.450000000000003 2.0183626939843733 4.5000000000000009 0.95850667735212247 1.6636761477057405 1.4227507702095894 82.500000000000014
decision_type=2 2 2 2 2 2 2 2 2 2 2 2 2 2 2 2 2 2 2 2 2 2 2 2 2 2 2 2 2 2
left_child=1 -1 17 4 5 12 8 10 15 -10 18 20 13 19 -9 -4 -15 -3 -5 -2 -12 24 -23 -24 25 28 -27 -28 -6 -20
right_child=3 2 6 7 21 -7 -8 14 9 -11 11 -13 -14 16 -16 -17 -18 -19 29 -21 -22 22 23 -25 -26 26 27 -29 -30 -31
leaf_value=-0.0027529658115871599 -0.0056202736129010392 5.2962206310513965e-06 -0.00091427665442190837 -0.0082853591925492361 0.00076690979062161719 -0.0010459895180321421 -0.0013557742275084996 0.027876981596679375 2.7282396547040346e-05 -0.0089813242508880904 0.002373043500511718 0.063391019442694943 0.0040766724801575725 -0.0014522028294322365 0.47760054530317009 -0.0052601253874756228 -0.0022813620394100953 -0.033165725343822068 0.0005075911057258242 0.00025004531153901557 -0.015526009942135599 0.0021125665160405178 0.03084256525039597 -0.010240412703034619 0.0010972167626572382 -0.005977021000277416 0.0029033202377885762 -0.021950714406150731 -0.0031163809753088191 -0.006044000372062386
leaf_weight=27906 1222 1732 8517 33009 1480 12902 11345 690 1080 1219 127235 9134 7084 5303 366 1222 1627 585 235331 4541 4230 2351 896 3690 5424 266 3313 1479 3770 41037
leaf_count=27906 888 1088 4421 24071 942 7696 6331 258 648 733 88527 7742 4646 2849 122 796 1125 447 184099 2711 3952 1631 612 2850 3380 228 2163 1031 2514 30507
internal_value=-0.00201228 -0.0191798 -0.0128599 -0.000194913 -0.00278149 -0.00453273 -0.0141652 0.000122497 -0.0118167 -0.00640496 9.81163e-05 0.000711065 -0.00177605 -0.00322028 0.0105114 -0.0130943 -0.00651515 0.000312905 -0.000180443 0.000741801 0.000515536 -0.000256959 -0.00227404 -0.00456825 0.000632469 -0.000572371 0.00140372 0.00215985 -0.00247619 -5.21044e-05
internal_weight=559986 53606 25700 506380 55348 32679 23383 451032 12038 2299 449976 140599 19777 12693 1056 9739 6930 2317 309377 5763 131465 22669 6937 4586 15732 10308 5058 4792 5250 276368
internal_count=416914 42370 14464 374544 35266 19915 12929 339278 6598 1381 338898 100221 12219 7573 380 5217 3974 1535 238677 3599 92479 15351 5093 3462 10258 6878 3422 3194 3456 214606
is_linear=0
shrinkage=0.05


Tree=97
num_leaves=31
num_cat=3
split_feature=10 10 10 10 4 10 7 8 11 4 10 10 10 10 6 10 7 10 4 4 10 6 0 6 10 7 4 0 4 0
split_gain=6924.61 794.953 201.636 175.731 92.894 148.848 51.4417 39.7764 33.5972 32.4757 97.988 32.2974 48.6158 29.0994 26.2379 25.3124 24.6928 24.091 20.49 19.8727 27.0031 19.1933 18.9278 18.4024 26.1818 17.7759 17.3309 27.2608 17.1064 16.2851
threshold=0.8057344511571628 1.0000000180025095e-35 0.43519700344886553 2.3722515403909918 3.5000000000000004 1.890397441731517 31.050000000000004 1.266648351648352 24.500000000000004 4.5000000000000009 0.64054847581383256 1.5862281902591664 1.4227507702095894 36.030877403914388 1.0000000180025095e-35 0.76340990904344486 30.550000000000004 35.7025352060625 5.5000000000000009 5.5000000000000009 1.5575311628460653 0.65000000000000002 0 0.55000000000000016 0.95850667735212247 31.650000000000002 1.0000000180025095e-35 1 4.5000000000000009 2
decision_type=2 2 2 2 2 2 2 2 2 2 2 2 2 2 2 2 2 2 2 2 2 2 1 2 2 2 2 1 2 1
left_child=1 -1 28 4 5 11 9 8 18 15 16 12 23 -9 26 -4 -11 -16 -5 -6 -21 -22 -7 24 -2 -15 27 -10 -3 -28
right_child=3 2 6 7 19 22 -8 13 14 10 -12 -13 -14 25 17 -17 -18 -19 -20 20 21 -23 -24 -25 -26 -27 29 -29 -30 -31
leaf_value=-0.0026153175210078018 -0.005339259932255991 5.0314095994985488e-06 -0.0012879855161330722 -0.00073605996944396961 0.0006541128464059077 -0.0008090380801733855 -0.0012879855161330722 0.025185472447497421 -0.047987697470509044 2.5918276719688604e-05 -0.0085322580383436885 0.0038725686214812652 -0.001379592687960618 0.91578661747197543 0.0064878593919965866 -0.0050377634552676411 -2.3917127782824288e-05 0.083477308792917176 -0.012117077300470937 0.00192614626644545 -0.01068344816686706 0.031952632069579101 -0.001052689821708297 -0.00031543329679988301 0.0003289795097862092 0.20267556425177455 -0.0079519595568220865 -0.0028996497611504693 -0.031507439076630964 0.0037689990463342948
leaf_weight=27833 1008 1756 9410 143639 15738 4947 10019 3407 6766 1109 1422 7154 6984 286 118215 1347 320 5973 26487 2396 4102 485 8180 974 3696 283 40755 19843 591 85203
leaf_count=27833 750 1086 4858 98977 10266 2817 5623 1491 5656 661 858 4692 3996 98 88143 869 174 5249 23021 1662 3164 313 4986 554 2254 151 35913 15643 443 65265
internal_value=-0.00207503 -0.019129 -0.0128378 -0.000263415 -0.00291391 -0.00461024 -0.0142263 6.38229e-05 1.95242e-05 -0.0122244 -0.00747983 -0.00187475 -0.00339204 0.00504276 0.000359433 -0.0134819 0.00176697 0.00089904 -0.000533428 -0.000454425 -0.00267435 -0.00492152 -0.00873962 4.40296e-05 0.00133929 0.0155097 -7.9801e-05 -0.00123924 0.00113975 0.000165134
internal_weight=560328 53807 25974 506521 55664 32943 23627 450857 446881 13608 2851 19816 12662 3976 276755 10757 1429 124188 170126 22721 6983 4587 13127 5678 4704 569 152567 26609 2347 125958
internal_count=417466 42405 14572 375061 35454 20049 13043 339607 337867 7420 1693 12246 7554 1740 215869 5727 835 93392 121998 15405 5139 3477 7803 3558 3004 249 122477 21299 1529 101178
cat_boundaries=0 1 2 3
cat_threshold=18 2 4
is_linear=0
shrinkage=0.05


Tree=98
num_leaves=31
num_cat=0
split_feature=10 10 4 10 10 10 4 10 8 10 10 10 5 6 10 10 6 4 7 10 4 10 5 10 4 10 10 10 6 7
split_gain=6216.42 1012.8 163.833 256.378 207.886 157.372 95.2322 151.113 36.5951 31.1733 66.4144 29.4473 26.8532 28.4442 30.3949 26.5799 22.37 21.3198 23.646 18.3666 18.0711 24.023 19.2407 18.8611 20.3317 23.4925 26.7236 17.3293 17.2751 17.1209
threshold=1.0000000180025095e-35 0.8057344511571628 4.5000000000000009 0.64054847581383256 0.43519700344886553 2.3722515403909918 3.5000000000000004 1.890397441731517 1.266648351648352 1.5862281902591664 1.4227507702095894 36.030877403914388 1.0000000180025095e-35 0.15000000000000005 13.46962841471843 0.43519700344886553 0.45000000000000007 5.5000000000000009 31.350000000000005 0.95850667735212247 5.5000000000000009 1.5575311628460653 1.0000000180025095e-35 2.0183626939843733 4.5000000000000009 0.95850667735212247 1.6636761477057405 1.5575311628460653 0.55000000000000016 31.650000000000002
decision_type=2 2 2 2 2 2 2 2 2 2 2 2 2 2 2 2 2 2 2 2 2 2 2 2 2 2 2 2 2 2
left_child=-1 2 4 15 -2 6 7 9 12 10 19 -10 13 -7 -15 -4 -6 18 -16 -3 22 -22 23 24 -8 -26 -27 -12 -21 -13
right_child=1 5 3 -5 16 8 20 -9 11 -11 27 29 -14 14 17 -17 -18 -19 -20 28 21 -23 -24 -25 25 26 -28 -29 -30 -31
leaf_value=-0.0024845516449574119 4.7798391195230662e-06 -0.0050722969356431953 -0.029932067122799413 -0.0083154764098224195 -0.0012235862403264131 -0.0010895345766029686 -0.0022973581640906462 -0.00090639795644202885 0.023619808143905623 0.0041645637180810127 -0.0013106130535625927 0.87074417499531931 -0.016504973469806904 0.00055134257237359212 0.042587831470642448 3.352075546748101e-05 -0.00080416354589416547 -0.019250178213367344 -0.013180428035529702 0.0003125305342968954 0.0024116996693211547 -0.0081096683771862965 -0.033289164661513708 0.0010096502822040776 -0.005710875592583842 0.0027410199881735542 -0.020885884328163497 -0.002202508303501838 -0.00025816837391472446 0.19308516284854671
leaf_weight=27832 1754 1199 574 2386 13881 300771 4791 13138 3363 7019 5377 277 10461 97008 30047 4133 3223 3482 5016 3779 2407 4533 1303 4986 231 3109 1289 1620 778 290
leaf_count=27832 1086 875 438 1378 7539 232235 3085 7798 1481 4591 2895 95 9831 65948 22319 2421 1663 3438 4198 2289 1667 3421 1005 3050 195 1971 907 1122 420 154
internal_value=-0.0019644 -0.000759782 -0.0103936 -0.00391583 -0.0128301 -0.000265963 -0.00277678 -0.00449407 4.35419e-05 -0.00173225 -0.00320513 0.00484733 1.28697e-06 6.13077e-05 0.000662656 0.00285214 -0.0145112 0.00185043 0.002221 0.000773106 -0.000281469 -0.00240634 0.000657267 0.00118353 -0.000132696 0.0022305 0.00304684 -0.00647778 0.00222186 0.015388
internal_weight=560057 532225 25951 7093 18858 506274 55559 32910 450715 19772 12753 3930 446785 436324 135553 4707 17104 38545 35063 5756 22649 6940 15709 14406 9420 4629 4398 6997 4557 567
internal_count=417347 389515 14525 4237 10288 374990 35291 19990 339699 12192 7601 1730 337969 328138 95903 2859 9202 29955 26517 3584 15301 5088 10213 9208 6158 3073 2878 4017 2709 249
is_linear=0
shrinkage=0.05


Tree=99
num_leaves=31
num_cat=2
split_feature=10 10 4 10 10 10 4 10 10 10 10 10 4 6 0 11 12 10 10 3 10 7 4 6 10 5 0 10 7 4
split_gain=6233.72 960.103 204.093 218.086 199.706 173.68 97.5768 150.81 32.2239 31.6712 28.9353 73.0327 25.8249 24.8252 22.8264 21.186 21.4975 20.5923 19.9976 18.9981 16.4932 16.3515 16.1524 16.1225 15.8976 15.5976 17.5819 26.9556 18.6547 19.4867
threshold=1.0000000180025095e-35 0.8057344511571628 4.5000000000000009 0.43519700344886553 0.64054847581383256 2.3722515403909918 3.5000000000000004 1.890397441731517 0.43519700344886553 23.313240005300027 1.5862281902591664 1.4227507702095894 5.5000000000000009 2.2500000000000004 0 183.50000000000003 153.61360024719701 0.76340990904344486 2.0183626939843733 32.500000000000007 1.6636761477057405 29.450000000000003 2.5000000000000004 0.95000000000000007 0.95850667735212247 1.0000000180025095e-35 1 6.637514249058321 35.050000000000004 1.0000000180025095e-35
decision_type=2 2 2 2 2 2 2 2 2 2 2 2 2 2 1 2 2 2 2 2 2 2 2 2 2 2 1 2 2 2
left_child=-1 2 3 -2 8 6 7 10 -4 25 11 24 18 15 -9 16 22 23 20 -6 -8 -19 -11 -5 -3 26 -7 -28 29 -29
right_child=1 5 4 17 19 9 12 14 -10 13 -12 -13 -14 -15 -16 -17 -18 21 -20 -21 -22 -23 -24 -25 -26 -27 27 28 -30 -31
leaf_value=-0.0023603240627095416 4.5408471635477456e-06 -0.0048186820888610378 -0.028435463766659442 -0.0011624069283100891 -0.0023466350711376371 -0.010629975774777912 0.00086703343972238667 -0.00072131472700987702 3.1844717694107237e-05 0.040946973498899912 0.0034707120045031517 -0.0012450824008844565 -0.0071885258067712178 0.11709980020174236 -0.0010273648834453919 0.12772338108514933 -0.033576427457449758 -0.0047246959704879358 0.00095916776809388269 -0.0082858555306328241 -0.023886812752406228 -0.0063938715215793307 0.0042207990178747328 -0.00076395536859945605 0.00020546754375790901 -0.013352141646160076 -0.00086965675557570954 -0.010686387813186338 0.029419082111434049 0.0067264765417716539
leaf_weight=27869 1801 1187 568 13554 244 52846 7395 4954 4114 19732 7111 6968 6929 2314 8022 1888 5306 948 5478 2089 2851 735 24508 1678 4495 9038 169282 23025 9618 133854
leaf_count=27869 1113 859 440 7202 146 42614 4801 2828 2416 16400 4679 3996 5113 1546 4892 1404 4956 600 3390 1233 2043 505 22966 838 2699 8428 114848 17483 7140 102352
internal_value=-0.00194811 -0.000741739 -0.0101638 -0.01289 -0.00289024 -0.000263368 -0.00290576 -0.00465146 0.00306493 6.08647e-05 -0.00190147 -0.00333597 -0.000382951 0.00120004 -0.0088394 0.00097212 0.000774028 -0.0146512 0.000737726 -0.0148414 -0.000566075 -0.00940285 0.00113472 -0.0152311 0.000871172 -9.31065e-05 -4.53522e-05 8.80761e-05 0.0005398 0.000408755
internal_weight=560401 532532 25731 18716 7015 506801 55390 32737 4682 451411 19761 12650 22653 53748 12976 51434 49546 16915 15724 2333 10246 1683 44240 15232 5682 397663 388625 335779 166497 156879
internal_count=417799 389930 14493 10258 4235 375437 35300 19953 2856 340137 12233 7554 15347 47272 7720 45726 44322 9145 10234 1379 6844 1105 39366 8040 3558 292865 284437 241823 126975 119835
cat_boundaries=0 1 2
cat_threshold=18 4
is_linear=0
shrinkage=0.05


Tree=100
num_leaves=31
num_cat=1
split_feature=10 10 4 10 10 10 4 10 8 10 11 10 10 10 10 3 11 12 11 7 7 10 3 3 7 0 4 10 4 3
split_gain=6246.44 942.671 223.919 186.489 184.465 171.569 107.789 152.114 34.186 28.5534 27.2805 26.8379 61.7353 24.1544 22.9061 22.3914 25.7347 25.6999 29.9766 22.2978 21.9821 42.735 21.9681 21.8717 23.2662 20.3584 19.2253 24.4357 19.0979 17.0391
threshold=1.0000000180025095e-35 0.8057344511571628 4.5000000000000009 0.64054847581383256 0.43519700344886553 2.3722515403909918 3.5000000000000004 1.890397441731517 1.266648351648352 39.14886760356567 11.500000000000002 1.5862281902591664 1.4227507702095894 0.43519700344886553 0.76340990904344486 82.500000000000014 161.50000000000003 136.94467507361387 128.50000000000003 27.750000000000004 29.350000000000005 0.71170035736632797 34.500000000000007 63.500000000000007 28.750000000000004 0 5.5000000000000009 1.5575311628460653 2.5000000000000004 59.500000000000007
decision_type=2 2 2 2 2 2 2 2 2 2 2 2 2 2 2 2 2 2 2 2 2 2 2 2 2 1 2 2 2 2
left_child=-1 2 4 13 -2 6 7 11 10 29 -7 12 -3 -4 -6 16 17 18 19 -12 21 -5 28 -24 -25 -9 -8 -28 -21 -10
right_child=1 5 3 20 14 8 26 25 9 -11 15 -13 -14 -15 -16 -17 -18 -19 -20 22 -22 -23 23 24 -26 -27 27 -29 -30 -31
leaf_value=-0.0022423078595740645 4.3138048053725789e-06 4.2039635523416501e-05 -0.027013690578326473 0.00017263022181558953 -0.0011042865818945869 -0.0053700096088570076 0.00056194275097414263 -0.0007712327580438272 -0.006040049010000356 0.60830675002358869 0.0089840618403378425 0.0032971764042780019 -0.0011828282808402425 3.7213874365749079e-05 -0.0045047423072475702 -0.0052895759629052394 0.082865592528879442 -0.037324395685076971 0.076131829134546442 0.049786966826976364 -0.0093152984526895244 -0.0078715627541011812 -0.0016040267610633486 -0.011302405775764336 0.0073093752234918881 -0.00092211509551056727 0.00046036187117851068 -0.0074915267238216511 0.0031735380231956434 0.036716703221986925
leaf_weight=27865 1724 5749 602 328 15296 58872 15795 4891 1136 441 50245 7046 7017 4096 1672 48203 4586 8237 4854 7227 1575 421 159054 14370 83387 8174 2352 4614 8302 2325
leaf_count=27865 1088 3601 450 170 8060 42420 10243 2801 542 193 35763 4646 4023 2398 1090 35211 3610 7813 3566 5329 915 273 121196 10790 65113 4984 1640 3496 7164 969
internal_value=-0.00192281 -0.000715418 -0.0100548 -0.00244232 -0.0129146 -0.000241627 -0.00286135 -0.00469249 8.1387e-05 0.00474116 4.07411e-05 -0.00193065 -0.00329782 0.00328863 -0.0144979 0.000192746 0.000335624 0.000284798 0.000354188 0.000295504 -0.0140275 -0.00697597 0.000116949 6.52231e-06 0.000595098 -0.0088806 -0.000216379 -0.00240454 0.00194314 0.00321439
internal_weight=560456 532591 25714 7022 18692 506877 55638 32877 451239 3902 447337 19812 12766 4698 16968 388465 340262 335676 327439 322585 2324 749 272340 256811 97757 13065 22761 6966 15529 3461
internal_count=417422 389557 14444 4206 10238 375113 35434 20055 339679 1704 337975 12270 7624 2848 9150 295555 260344 256734 248921 245355 1358 443 209592 197099 75903 7785 15379 5136 12493 1511
cat_boundaries=0 1
cat_threshold=18
is_linear=0
shrinkage=0.05


Tree=101
num_leaves=31
num_cat=1
split_feature=10 10 4 10 10 10 4 10 10 7 10 10 10 8 11 3 7 10 7 10 6 0 3 12 4 10 6 10 10 6
split_gain=6252.59 893.278 204.265 206.945 152.114 148.488 92.2278 144.114 31.2111 27.1572 25.6987 23.9037 56.8132 21.7721 22.1482 21.5793 21.0629 24.5365 17.2655 17.2258 16.7698 25.3304 17.6253 16.2013 16.0681 29.61 18.159 15.3744 15.2182 14.8987
threshold=1.0000000180025095e-35 0.8057344511571628 4.5000000000000009 0.43519700344886553 0.64054847581383256 2.3722515403909918 3.5000000000000004 1.890397441731517 45.060124023675868 30.350000000000005 0.43519700344886553 1.5862281902591664 1.4227507702095894 2.0162962962962969 10.500000000000002 34.500000000000007 29.350000000000005 0.71170035736632797 30.250000000000004 0.76340990904344486 4.6500000000000012 0 46.500000000000007 11.441680324818043 5.5000000000000009 1.5575311628460653 0.65000000000000002 1.5575311628460653 0.95850667735212247 0.55000000000000016
decision_type=2 2 2 2 2 2 2 2 2 2 2 2 2 2 2 2 2 2 2 2 2 1 2 2 2 2 2 2 2 2
left_child=-1 2 3 -2 10 6 7 11 13 19 -4 12 28 14 23 -16 17 -6 -10 -5 -17 -22 -23 -7 -8 -26 -27 -14 -3 -30
right_child=1 5 4 9 16 8 24 -9 18 -11 -12 -13 27 -15 15 20 -18 -19 -20 -21 21 22 -24 -25 25 26 -28 -29 29 -31
leaf_value=-0.0021301924665953612 4.0981145651042274e-06 -0.0045798499661941607 -0.025663006049410148 -0.00067054327107475282 0.00016399871072481087 -0.0018071380448601904 0.00053058154189644657 -0.00081195406148011357 0.19382480338546382 -0.0010490722527998543 2.6454788063673408e-05 0.003132317584064093 -0.0011236868667982237 0.054435813582783071 0.015924714046064905 1.525386887418767e-05 -0.0084826930554777746 -0.0074779846163961165 0.019911958804941676 -0.0042218563516943789 0.060360997566362651 -0.019320855522376057 0.0042300447303950479 -0.016042504692145212 0.0026275228826347311 -0.0080601383075189718 0.031494486511489096 -0.0018667933537802384 0.00027858095686650688 -0.00029912857222820223
leaf_weight=27830 1750 1203 602 8050 325 34680 15784 12991 1365 7783 4149 7095 5407 695 29569 361881 1544 391 1140 1190 3142 768 2070 15996 2400 4117 491 1617 3806 763
leaf_count=27830 1076 871 458 4162 175 24324 10250 7751 1151 4259 2451 4669 2873 245 23237 274053 898 255 1060 780 1866 484 1254 12202 1650 3169 317 1115 2324 413
internal_value=-0.00189602 -0.000689142 -0.00976769 -0.0124873 -0.00248538 -0.000227425 -0.00266372 -0.00435801 7.31211e-05 -0.0141705 0.00259419 -0.00168292 -0.00297359 4.20565e-05 2.83415e-05 0.000153864 -0.0131637 -0.00607542 0.00563872 -0.0123377 4.94072e-05 0.00267559 -0.000754916 -0.000956074 -0.000219375 -0.00221176 -0.00455729 -0.00599374 0.000701663 0.00201904
internal_weight=560594 532764 25784 18773 7011 506980 55674 32882 451306 17023 4751 19891 12796 448801 448106 397430 2260 716 2505 9240 367861 5980 2838 50676 22792 7008 4608 7024 5772 4569
internal_count=417622 389792 14514 10277 4237 375278 35402 20016 339876 9201 2909 12265 7596 337665 337420 300894 1328 430 2211 4942 277657 3604 1738 36526 15386 5136 3486 3988 3608 2737
cat_boundaries=0 1
cat_threshold=6
is_linear=0
shrinkage=0.05


Tree=102
num_leaves=31
num_cat=2
split_feature=10 10 4 3 10 10 4 10 10 3 8 10 10 4 10 7 10 5 6 10 10 10 0 0 4 7 4 10 3 3
split_gain=6260.22 777.051 203.997 190.77 161.862 156.713 89.8994 134.858 63.2523 47.2212 35.6096 30.5466 27.0998 24.3358 22.9842 56.4945 22.9079 22.3446 24.1124 22.4623 21.4904 55.8858 20.0026 18.2824 19.647 17.7106 17.284 17.5083 27.6045 18.7289
threshold=1.0000000180025095e-35 0.8057344511571628 4.5000000000000009 84.500000000000014 2.3722515403909918 0.64054847581383256 3.5000000000000004 1.890397441731517 0.64054847581383256 30.500000000000004 1.266648351648352 36.030877403914388 0.43519700344886553 4.5000000000000009 0.71170035736632797 30.550000000000004 0.76340990904344486 1.0000000180025095e-35 0.15000000000000005 35.7025352060625 1.5862281902591664 1.4227507702095894 0 1 1.0000000180025095e-35 28.650000000000002 1.5000000000000002 7.9730934831758242 50.500000000000007 76.500000000000014
decision_type=2 2 2 2 2 2 2 2 2 2 2 2 2 2 2 2 2 2 2 2 2 2 1 1 2 2 2 2 2 2
left_child=-1 2 3 9 6 12 7 20 -5 -2 17 -12 -4 -13 15 -7 -11 18 -6 23 21 -3 -9 25 -25 -20 27 28 -26 -29
right_child=1 4 5 8 10 14 -8 22 -10 16 11 13 -14 -15 -16 -17 -18 -19 19 -21 -22 -23 -24 24 26 -27 -28 29 -30 -31
leaf_value=-0.0020236828432655929 -3.2156679148021007e-06 2.6892435227832136e-05 -0.024379855746939641 3.8932088368470733e-06 -0.00083928849721326415 0.00015579877518857033 -0.00063490783751214426 -0.00059037184796064681 -0.0038373259047212007 -0.00099661864015986317 0.017281212456957108 0.61978243331767335 3.4030441244281562e-05 -0.0018792242859324419 -0.0091946754940132498 -0.0016582572113165162 -0.0040731023737380582 -0.014286166893460718 0.015730568419209071 0.090539172296287163 0.0025649592526683085 -0.0010675025234583081 -0.00081483356453575522 -0.0090626415029712252 -0.0103799207247618 0.0017497573713077625 0.00022993567018774199 0.044263996334510128 0.0036234825524379846 -0.019065366357015546
leaf_weight=27817 867 5747 603 2269 300918 502 22560 4912 648 13272 3379 408 4139 177 1445 337 1690 10422 17813 3786 7044 6868 8141 13128 3300 15485 64461 8905 7518 1686
leaf_count=27817 493 3611 455 1323 232046 274 15306 2792 322 7032 1481 140 2407 117 883 175 1112 9830 11635 3274 4662 3948 4939 9282 2180 11435 46857 5669 4632 1190
internal_value=-0.00187663 -0.000668539 -0.00913782 -0.0118612 -0.000237734 -0.00187162 -0.00279165 -0.00446625 -0.000111416 -0.0140265 7.49912e-05 0.00479314 0.00331084 0.0153419 -0.0126313 -0.00604887 -0.0146839 3.31901e-05 8.77574e-05 0.000640055 -0.0018503 -0.00308561 -0.00840611 0.000531384 0.000190389 0.00154467 0.00046582 0.00169672 0.000281938 0.00314182
internal_weight=560247 532430 25772 18746 506658 7026 55272 32712 2917 15829 451386 3964 4742 585 2284 839 14962 447422 437000 136082 19659 12615 13053 132296 98998 33298 85870 21409 10818 10591
internal_count=417319 389502 14476 10282 375026 4194 35258 19952 1645 8637 339768 1738 2862 257 1332 449 8144 338030 328200 96154 12221 7559 7731 92880 69810 23070 60528 13671 6812 6859
cat_boundaries=0 1 2
cat_threshold=18 2
is_linear=0
shrinkage=0.05


Tree=103
num_leaves=31
num_cat=1
split_feature=10 10 4 10 10 10 4 10 3 8 3 10 10 10 10 7 10 5 7 10 4 10 0 6 4 10 7 12 11 10
split_gain=6224.89 790.89 193.376 174.943 169.41 146.823 96.1825 145.991 60.7207 33.1924 28.4849 27.3639 26.3137 88.6781 26.2395 25.2743 30.0667 21.9135 22.1063 23.1466 26.7868 21.4189 21.3753 19.6145 19.3072 18.9759 18.8967 17.8161 20.3287 17.7031
threshold=1.0000000180025095e-35 0.8057344511571628 4.5000000000000009 0.43519700344886553 2.3722515403909918 0.64054847581383256 3.5000000000000004 1.890397441731517 89.500000000000014 1.1230769230769233 38.500000000000007 0.43519700344886553 1.4227507702095894 1.5575311628460653 40.249197973088776 30.850000000000005 0.71170035736632797 1.0000000180025095e-35 30.450000000000003 18.999274244860505 5.5000000000000009 0.64054847581383256 0 0.45000000000000007 5.5000000000000009 0.95850667735212247 30.950000000000003 54.496508047678212 50.500000000000007 1.5575311628460653
decision_type=2 2 2 2 2 2 2 2 2 2 2 2 2 2 2 2 2 2 2 2 2 2 1 2 2 2 2 2 2 2
left_child=-1 2 3 -2 6 11 7 12 10 17 26 -4 25 -14 -11 16 -7 18 19 27 -21 -10 -9 -12 -8 -3 -5 28 -6 -26
right_child=1 4 5 8 9 15 24 22 21 14 23 -13 13 -15 -16 -17 -18 -19 -20 20 -22 -23 -24 -25 29 -27 -28 -29 -30 -31
leaf_value=-0.0019224987011023133 3.6985483950036094e-06 -0.0043522020896458406 -0.02316086295959266 -0.0033720902676782961 0.001107169995439783 2.6387084510615113e-05 0.0005303931633088288 -0.00057703773593058565 6.6285519980668894e-06 0.021433714303734478 -0.00094678770815187496 2.5367526625719174e-05 -0.0010141273972853915 0.0020510618154751417 0.48737379843307532 -0.008734941719312583 -0.0066443516108756432 -0.013758079792355483 -0.0014236898306675184 0.031703755946441085 -0.029796302397595165 -0.003382096117696365 -0.00080098865327292348 -0.00058718517551302756 0.00023053164535040139 0.00017781851518912096 -0.010728332749217662 -0.010319585068544468 0.021524532656439367 -0.006137532125470236
leaf_weight=27658 1759 1193 600 2717 143948 602 15749 4914 724 3610 10675 4087 5344 8702 367 957 811 10424 212064 36511 2967 148 8120 2422 2293 4557 289 30309 10595 4564
leaf_count=27658 1099 869 456 1459 99942 338 10259 2818 380 1590 5827 2403 2854 5792 163 541 511 9810 164964 30259 2947 78 4934 1270 1615 2711 171 22901 6839 3436
internal_value=-0.00187295 -0.000670649 -0.00921155 -0.0118688 -0.000235515 -0.00215743 -0.00284382 -0.00457204 -0.0134242 8.52383e-05 -0.01412 0.00297098 -0.00186654 -0.00303289 0.00463289 -0.0122996 -0.00805025 4.4761e-05 9.88785e-05 0.00044488 0.0015439 -0.000573394 -0.00868114 -0.0151275 -0.000333982 0.000982609 -0.00973054 0.000210168 0.000427551 -0.00254849
internal_weight=559680 532022 25791 18734 506231 7057 55436 32830 16975 450795 16103 4687 19796 14046 3977 2370 1413 446818 436394 224330 39478 872 13034 13097 22606 5750 3006 184852 154543 6857
internal_count=416894 389236 14533 10284 374703 4249 35288 19978 9185 339415 8727 2859 12226 8646 1753 1390 849 337662 327852 162888 33206 458 7752 7097 15310 3580 1630 129682 106781 5051
cat_boundaries=0 1
cat_threshold=18
is_linear=0
shrinkage=0.05


Tree=104
num_leaves=31
num_cat=2
split_feature=10 10 4 10 10 10 4 10 3 3 10 10 10 10 7 10 10 7 4 5 0 6 10 0 4 10 3 7 6 6
split_gain=6298.9 731.181 183.707 182.467 150.525 150.128 94.9956 141.812 75.9715 79.0013 32.6721 68.6632 25.2932 24.8657 24.7568 27.3621 24.2585 20.5165 19.5397 19.572 19.3679 18.813 18.578 18.5078 18.0111 21.4813 17.4239 16.9956 16.4242 16.228
threshold=1.0000000180025095e-35 0.8057344511571628 4.5000000000000009 0.43519700344886553 2.3722515403909918 0.64054847581383256 3.5000000000000004 1.890397441731517 30.500000000000004 89.500000000000014 1.5862281902591664 1.4227507702095894 43.798720862826471 0.43519700344886553 30.850000000000005 0.71170035736632797 0.76340990904344486 30.350000000000005 5.5000000000000009 1.0000000180025095e-35 0 1.0000000180025095e-35 0.64054847581383256 1 5.5000000000000009 1.5575311628460653 28.500000000000004 30.250000000000004 0.15000000000000005 0.95000000000000007
decision_type=2 2 2 2 2 2 2 2 2 2 2 2 2 2 2 2 2 2 2 2 1 2 2 1 2 2 2 2 2 2
left_child=-1 2 3 -2 6 13 7 10 26 16 11 -3 18 -4 15 -7 29 -18 19 21 -20 -6 -11 -9 -8 -26 -5 -14 -27 -10
right_child=1 4 5 8 12 14 24 23 9 22 -12 -13 27 -15 -16 -17 17 -19 20 -21 -22 -23 -24 -25 25 28 -28 -29 -30 -31
leaf_value=-0.001826373766047198 3.5136209752539838e-06 9.7122241326574876e-05 -0.02200281981161303 -0.010291777955313738 -0.00038051334097857217 2.5067730285083246e-05 0.00051254227004078341 -0.00059698505207250729 -0.00089944832274427853 6.2971243981635451e-06 0.0032504521415766732 -0.00096342102742112972 0.14483573019586871 3.1060542850780418e-05 -0.0083886257187303134 -0.0063121340303318625 -0.0033064731485670353 -0.0055454927134034881 -0.00036338033310964193 -0.012399990364680979 -0.01261076349581014 0.0024355475424085228 -0.0031424727626171659 -0.00080850207053315701 0.00051983879697107269 -0.006694529377266157 0.00021340473412833074 0.010403968543061026 0.022988529012422966 -0.00055782591673737565
leaf_weight=27893 1745 5751 601 224 209362 556 15756 4930 12390 745 7106 6965 1836 4088 986 807 1212 422 31415 10487 22309 174481 144 8011 2341 3427 429 1574 1152 1423
leaf_count=27893 1071 3583 451 122 155486 314 10224 2802 6586 381 4644 3993 1596 2392 568 505 774 300 29093 9853 19809 122463 76 4891 1635 2667 231 1486 790 715
internal_value=-0.00183822 -0.000625381 -0.00884099 -0.0114284 -0.000207683 -0.00195368 -0.00266644 -0.00438833 -0.0130099 -0.0136784 -0.0017304 -0.00324788 9.42489e-05 0.00321497 -0.0122712 -0.00790536 -0.0145125 -0.00875153 6.15997e-05 0.000183476 -0.000832961 0.0002417 0.000815523 -0.00845955 -0.000178603 -0.00230491 0.00371363 0.00438416 -0.00429679 -0.015194
internal_weight=560568 532675 25772 18734 506903 7038 55439 32763 16989 16336 19822 12716 451464 4689 2349 1363 15447 1634 448054 394330 53724 383843 889 12941 22676 6920 653 3410 4579 13813
internal_count=417394 389501 14486 10256 375015 4230 35229 19913 9185 8832 12220 7576 339786 2843 1387 819 8375 1074 336704 287802 48902 277949 457 7693 15316 5092 353 3082 3457 7301
cat_boundaries=0 1 2
cat_threshold=13 18
is_linear=0
shrinkage=0.05


Tree=105
num_leaves=31
num_cat=0
split_feature=10 10 4 10 10 10 4 10 3 3 7 10 10 8 10 10 4 10 10 6 7 10 11 12 6 12 6 11 12 12
split_gain=6298.87 689.336 171.78 186.785 156.748 134.069 103.121 141.667 81.8551 69.2496 31.908 33.3029 29.3272 28.7151 28.283 58.9257 24.1221 23.4169 23.0605 21.8835 20.427 19.8304 19.0903 28.2607 23.5019 22.0075 18.3567 18.3254 28.789 20.9262
threshold=1.0000000180025095e-35 0.8057344511571628 4.5000000000000009 0.43519700344886553 2.3722515403909918 0.64054847581383256 3.5000000000000004 1.890397441731517 30.500000000000004 89.500000000000014 30.550000000000004 0.71170035736632797 0.43519700344886553 1.8914956011730208 1.5862281902591664 1.4227507702095894 5.5000000000000009 0.76340990904344486 1.5575311628460653 1.8500000000000003 25.550000000000004 2.8569620660063166 30.500000000000004 35.235031815497145 1.6500000000000001 30.892288971952684 0.95000000000000007 50.500000000000007 51.830064558920299 54.918661257332488
decision_type=2 2 2 2 2 2 2 2 2 2 2 2 2 2 2 2 2 2 2 2 2 2 2 2 2 2 2 2 2 2
left_child=-1 2 3 -2 6 12 7 14 -5 17 11 -7 -4 19 15 -3 -8 26 -18 22 -21 -15 24 -24 25 -6 -10 29 -29 -25
right_child=1 4 5 8 13 10 16 -9 9 -11 -12 -13 -14 21 -16 -17 18 -19 -20 20 -22 -23 23 27 -26 -27 -28 28 -30 -31
leaf_value=-0.001735055077744838 3.3379399264898968e-06 1.1800775640657958e-05 -0.020902678821032378 0.00018176336270030459 -0.00037814565190035236 9.5107481097839175e-05 0.00072586728345024336 -0.00070298855848756065 -0.00085447590660706627 -7.9984883028165015e-06 -0.0078787633474104446 -0.0059965273288152716 2.2546123151895305e-05 -0.043422037895110371 0.0025823780443748668 -0.00091524997605008096 0.00019301312323433129 -0.0036427142139024427 -0.0063598029084028567 -0.0076425660766054728 0.010338177858405533 0.10776783731765321 0.011886352576324734 -0.0018482585674447051 -0.050895164361260958 -0.014023852043932507 -0.00052993462090050736 0.025905839275628707 0.0020309186868415542 -0.023959748102094738
leaf_weight=27909 1809 5742 601 638 179834 517 15811 13001 12309 904 1075 717 4029 205 7063 6913 2409 1696 4566 3323 18084 915 29934 58249 1400 21525 1469 15059 111767 10108
leaf_count=27909 1105 3604 459 352 127218 287 10225 7771 6565 464 621 463 2363 85 4645 3959 1683 1094 3468 2249 11306 315 20334 45195 1132 18585 727 10225 93181 9276
internal_value=-0.00184634 -0.000630934 -0.00860891 -0.0110876 -0.000224646 -0.00188428 -0.00273174 -0.00453024 -0.0127116 -0.013396 -0.0117259 -0.00623987 0.00302376 8.43134e-05 -0.00185871 -0.00327341 -0.000149214 -0.0141819 -0.00259857 6.43804e-05 0.00162447 0.00808036 -1.36722e-05 0.000303287 -0.000365582 -0.000320696 -0.0148643 8.38956e-05 0.000439579 -0.00057602
internal_weight=559581 531672 25764 18825 505908 6939 55505 32719 17016 16378 2309 1234 4630 450403 19718 12655 22786 15474 6975 449283 21407 1120 427876 225117 202759 201359 13778 195183 126826 68357
internal_count=416865 388956 14500 10307 374456 4193 35355 19979 9202 8850 1371 750 2822 339101 12208 7563 15376 8386 5151 338701 13555 400 325146 178211 146935 145803 7292 157877 103406 54471
is_linear=0
shrinkage=0.05


Tree=106
num_leaves=31
num_cat=1
split_feature=10 10 4 10 10 10 3 4 10 3 7 10 8 10 10 10 10 0 11 3 11 10 10 12 11 12 11 12 11 12
split_gain=6285.94 704.888 192.429 168.661 155.451 128.271 86.7965 84.1555 137.204 68.1086 31.7691 32.1304 27.6327 25.4846 69.5588 24.4606 24.2864 22.7786 20.0676 19.7014 22.9401 19.6184 19.5664 18.6827 18.4603 28.2817 23.1974 25.0718 26.9551 24.0877
threshold=1.0000000180025095e-35 0.8057344511571628 4.5000000000000009 0.43519700344886553 2.3722515403909918 0.64054847581383256 30.500000000000004 3.5000000000000004 1.890397441731517 89.500000000000014 30.550000000000004 0.71170035736632797 1.5951612903225809 1.5862281902591664 1.4227507702095894 0.76340990904344486 0.43519700344886553 0 11.500000000000002 82.500000000000014 153.50000000000003 1.5575311628460653 17.483653594870933 139.17532916821509 88.500000000000014 83.079552890282983 56.500000000000007 42.227187031407645 31.500000000000004 24.487211959956657
decision_type=2 2 2 2 2 2 2 2 2 2 2 2 2 2 2 2 2 1 2 2 2 2 2 2 2 2 2 2 2 2
left_child=-1 2 3 -2 7 16 -5 8 13 15 11 -7 18 14 -3 -8 -4 -10 -6 20 23 -16 -14 24 25 26 27 28 29 -20
right_child=1 4 5 6 12 10 9 -9 17 -11 -12 -13 22 -15 21 -17 -18 -19 19 -21 -22 -23 -24 -25 -26 -27 -28 -29 -30 -31
leaf_value=-0.001648302323857596 3.17104293016679e-06 0.00016066315234054552 -0.01985754487998076 0.00017267519456529157 -0.0042227870281787098 9.8740209474865181e-05 -0.00081175211127670899 -0.00022508877206259826 -0.00042934365120137489 -1.4588942128213046e-05 -0.0074848251800399227 -0.0056967009623745124 0.0148823929558783 0.0024532591421561282 -0.00086948747724757691 -0.0034605785032073236 1.9481816966859802e-05 -0.00067904599531956047 0.0011547265179367773 -0.0043326223103960842 0.061721464926864658 -0.0017286981005185222 0.32083787782685369 -0.034572996274188042 0.022301903717087512 -0.023296954468989384 0.019716975066124576 -0.008544436647534237 0.013866041624520787 -0.0068293431023623624
leaf_weight=27841 1717 5832 616 620 59206 515 13773 22553 4976 902 1046 712 1571 7078 5429 1646 4139 8170 92438 48268 6476 1575 511 6423 32583 15344 35827 52941 49354 50064
leaf_count=27841 1063 3608 462 340 42564 285 7281 15321 2828 472 600 458 639 4652 2915 1080 2429 4976 62670 35208 5116 1081 173 6089 26727 14484 27231 44243 34708 39554
internal_value=-0.00183979 -0.000628446 -0.00870902 -0.0113651 -0.000218754 -0.00165766 -0.0128785 -0.00271294 -0.00431942 -0.0135761 -0.0114276 -0.00596985 8.88015e-05 -0.00170232 -0.00303054 -0.0143573 0.00301262 -0.00828389 6.21486e-05 0.000192447 0.000326109 -0.00638921 0.00583573 0.000269125 0.000321335 0.000196981 0.000311271 0.000137359 0.000403167 5.43852e-05
internal_weight=560146 532305 25686 18658 506619 7028 16941 55613 33060 16321 2273 1227 451006 19914 12836 15419 4755 13146 448924 389718 341450 7004 2082 334974 328551 295968 280624 244797 191856 142502
internal_count=417098 389257 14470 10236 374787 4234 9173 35381 20060 8833 1343 743 339406 12256 7604 8361 2891 7804 338594 296030 260822 3996 812 255706 249617 222890 208406 181175 136932 102224
cat_boundaries=0 1
cat_threshold=18
is_linear=0
shrinkage=0.05


Tree=107
num_leaves=31
num_cat=0
split_feature=10 10 4 10 10 10 3 3 4 10 10 10 10 10 7 10 4 10 10 10 12 11 12 11 12 11 11 12 7 3
split_gain=6284.01 630.247 254.085 180.718 147.442 121.366 87.9614 85.773 84.0022 122.35 28.1007 27.9967 25.9593 62.555 21.3338 20.5624 18.4015 23.824 18.1173 16.5377 22.6181 32.4789 30.7804 24.3238 17.5577 19.4471 16.8788 24.2492 15.6773 14.8864
threshold=1.0000000180025095e-35 0.8057344511571628 4.5000000000000009 0.43519700344886553 2.3722515403909918 0.71170035736632797 30.500000000000004 89.500000000000014 3.5000000000000004 1.890397441731517 0.43519700344886553 43.798720862826471 1.5862281902591664 1.4227507702095894 30.450000000000003 0.76340990904344486 5.5000000000000009 1.5575311628460653 0.64054847581383256 11.135892116182575 85.071187741763552 68.500000000000014 56.399596897713678 90.500000000000014 69.196973395167205 86.500000000000014 41.500000000000007 46.266475469855997 30.350000000000005 37.500000000000007
decision_type=2 2 2 2 2 2 2 2 2 2 2 2 2 2 2 2 2 2 2 2 2 2 2 2 2 2 2 2 2 2
left_child=-1 2 3 -2 8 10 -5 14 9 12 -4 19 13 -3 15 -8 -10 -18 -9 -6 21 22 26 -22 -23 -26 -21 -28 -13 -11
right_child=1 4 5 6 11 -7 7 18 16 29 -12 28 -14 -15 -16 -17 17 -19 -20 20 23 24 -24 -25 25 -27 27 -29 -30 -31
leaf_value=-0.0015658872076647163 3.0124907836603931e-06 8.3642932861183194e-05 -0.018864667635981724 0.0001478479806474753 -0.00088940090586008642 -0.0071105839210379275 -0.003027346831999489 7.111639699808326e-06 0.00043200556274617763 -0.00044405063299071126 2.7406118702305582e-05 0.14607479740526089 0.0023305961850483173 -0.00082601310338519256 -0.00077116450571287356 -0.0031593833136617788 0.00049545063956393798 -0.0066448101845760776 -0.0030547383021591323 0.0032776992199408106 -0.025666726155184838 0.056002546834710377 -0.014187468011246686 0.0040581150995745224 0.004470186676035404 0.062233966414567736 0.05326857361952389 0.0089495619010043544 0.011551685061417773 -0.00064360882286629284
leaf_weight=27891 1772 5716 588 639 284838 1470 6906 752 15726 2371 4977 1914 7082 7008 7295 1206 2365 4507 146 34309 15295 5871 23259 43269 9658 5448 10200 14693 1468 10620
leaf_count=27891 1090 3558 448 345 201666 908 3562 388 10240 1347 2885 1676 4666 4024 4013 786 1649 3427 76 28861 14429 3939 20449 36193 7968 3906 7252 11445 1384 6378
internal_value=-0.00186617 -0.000651902 -0.0082822 -0.0113272 -0.000263292 -0.000181237 -0.0129161 -0.0136293 -0.00269745 -0.00431366 0.00319407 3.62044e-05 -0.00184035 -0.00319082 -0.0145048 -0.0127404 -0.000351801 -0.00251019 0.00139198 1.90225e-06 0.000405242 0.000849784 0.000402918 -0.000379926 0.00260643 0.00170462 0.00100841 0.00199956 0.0045683 -0.00808444
internal_weight=559259 531368 25751 18716 505617 7035 16944 16305 55395 32797 5565 450222 19806 12724 15407 8112 22598 6872 898 446840 162002 103438 82461 58564 20977 15106 59202 24893 3382 12991
internal_count=416849 388958 14501 10260 374457 4241 9170 8825 35289 19973 3333 339168 12248 7582 8361 4348 15316 5076 464 336108 134442 83820 68007 50622 15813 11874 47558 18697 3060 7725
is_linear=0
shrinkage=0.05


Tree=108
num_leaves=31
num_cat=0
split_feature=10 10 4 10 10 10 4 10 7 10 10 10 10 12 10 12 10 10 7 12 5 10 10 8 7 10 6 7 7 7
split_gain=6275.19 657.47 283.674 183.914 113.26 95.354 61.9353 78.0503 61.8736 34.2015 53.6811 28.5467 24.0443 23.8213 47.04 28.8839 43.6746 30.1177 18.0107 19.1463 16.6502 16.3252 16.0959 16.0699 19.2778 15.7686 15.5563 15.239 14.2605 19.0909
threshold=1.0000000180025095e-35 0.8057344511571628 4.5000000000000009 0.43519700344886553 2.3722515403909918 0.71170035736632797 3.5000000000000004 1.890397441731517 29.450000000000003 1.5862281902591664 1.4227507702095894 0.43519700344886553 45.060124023675868 5.7578494514952849 0.64054847581383256 1.4949741266361742 0.64054847581383256 0.76340990904344486 33.750000000000007 2.8839697584089716 1.0000000180025095e-35 0.76340990904344486 1.5575311628460653 1.8914956011730208 28.750000000000004 2.1093273027843895 0.15000000000000005 31.650000000000002 30.550000000000004 31.050000000000004
decision_type=2 2 2 2 2 2 2 2 2 2 2 2 2 2 2 2 2 2 2 2 2 2 2 2 2 2 2 2 2 2
left_child=-1 2 3 -2 6 11 7 9 13 10 -3 -4 20 15 -15 16 -5 -17 19 -9 23 -7 -12 26 -25 -20 -6 28 -13 -30
right_child=1 4 5 8 12 21 -8 18 -10 -11 22 27 -14 14 -16 17 -18 -19 25 -21 -22 -23 -24 24 -26 -27 -28 -29 29 -31
leaf_value=-0.0014875928472814805 2.8618662444745981e-06 7.9460786218121804e-05 -0.017921434254182637 0.00017762017052626035 -0.00078573849508609692 -0.0068052337147667787 -0.00046921194043547665 7.0255115732131842e-05 -0.00073260628042722822 0.0027329031742183265 -0.00078471244821594073 1.7137420183399588e-05 0.09626202655508892 6.7560577148184643e-06 -0.0029020013870511788 -0.00031148294269167653 -0.0028969506251211308 -0.0026280156896001054 2.7629733912881706e-05 -0.00072205923508574801 -0.01228195232701197 -0.00064570961608894088 -0.0016009625403233365 0.18792186545741202 0.018268887118435728 -8.872023688035747e-05 0.0021021090569885103 2.6035812767188916e-05 -3.7167606650345686e-05 2.6035812767188916e-05
leaf_weight=27741 1811 5795 601 508 301869 846 22641 633 9876 7123 5315 1558 2478 633 490 4103 706 732 612 10959 10448 626 1647 207 839 685 134915 2518 393 430
leaf_count=27741 1121 3621 457 290 231765 452 15363 353 5390 4653 2835 916 2206 319 246 2147 374 460 318 6609 9840 446 1141 69 311 381 95215 1436 215 266
internal_value=-0.00181621 -0.000607287 -0.00838818 -0.011574 -0.000210208 0.000229489 -0.00234344 -0.00373295 -0.0131834 -0.00176811 -0.00331779 0.00325455 5.20237e-05 -0.00964863 -0.00296082 -0.0108902 -0.00399506 -0.0126215 -0.00676352 -0.00738872 2.4873e-05 -0.0110734 -0.00627693 7.19457e-05 0.00626195 -0.00117579 5.71221e-05 0.00451623 0.00164847 -0.00367558
internal_weight=559738 531997 25831 18859 506166 6972 55410 32769 17048 19880 12757 5500 450756 7172 1123 6049 1214 4835 12889 11592 448278 1472 6962 437830 1046 1297 436784 4899 2381 823
internal_count=416956 389215 14535 10347 374680 4188 35274 19911 9226 12250 7597 3290 339406 3836 565 3271 664 2607 7661 6962 337200 898 3976 327360 380 699 326980 2833 1397 481
is_linear=0
shrinkage=0.05


Tree=109
num_leaves=31
num_cat=1
split_feature=10 10 3 10 3 10 10 8 10 10 10 10 11 3 12 11 6 0 7 11 12 3 3 7 7 11 1 10 11 6
split_gain=6295.45 644.217 107.345 106.011 74.6914 41.9096 39.6353 21.7926 19.1257 17.5854 19.0699 17.4293 15.5821 26.5176 24.4591 15.0512 14.0815 19.512 25.0561 20.9831 18.696 14.8855 36.5094 18.5208 20.5866 14.3786 13.6793 13.4295 13.119 13.4366
threshold=1.0000000180025095e-35 0.8057344511571628 84.500000000000014 2.4216135534370511 30.500000000000004 1.4227507702095894 0.64054847581383256 1.8914956011730208 18.81164169877427 1.5011974239266535 1.890397441731517 45.060124023675868 18.500000000000004 36.500000000000007 20.684236407324935 2.5000000000000004 1.0000000180025095e-35 0 33.95000000000001 34.500000000000007 41.143382873432692 75.500000000000014 64.500000000000014 29.050000000000004 28.550000000000004 59.500000000000007 1.0000000180025095e-35 10.54704322834294 150.50000000000003 4.0000000000000009
decision_type=2 2 2 2 2 2 2 2 2 2 2 2 2 2 2 2 2 1 2 2 2 2 2 2 2 2 2 2 2 2
left_child=-1 2 4 5 26 -3 -4 11 -9 -7 -11 12 14 -14 -5 -6 17 18 -15 -19 -21 22 28 24 -23 -24 -2 -20 29 -18
right_child=1 3 6 7 15 9 -8 8 -10 10 -12 -13 13 16 -16 -17 21 19 27 20 -22 23 25 -25 -26 -27 -28 -29 -30 -31
leaf_value=-0.0014132132049174064 0.00016873916199994788 0.00014729309501031464 2.7187729322530886e-06 -0.00062158939691250306 -0.00069597596640587074 -0.00074547682580514705 -0.002856395166035175 0.013269298997455615 0.32904574941283277 -0.0012886767886071387 -0.00051112225569054375 0.081581175615401236 0.024056655640054461 -0.00040867476468724466 -0.019854495838520593 -0.00069597596640587074 -0.00055530930882468081 -0.022398228006359135 0.011416438230971783 0.014542791910357648 -0.0083748743390868793 -0.0040935615111396357 0.016709365603030723 -0.046507591494220617 0.037498223817713686 0.072147750730806121 -0.0098219226018430444 0.062248999105911064 0.0775193152215925 0.021677689265106007
leaf_weight=27837 1071 9841 3028 107856 12667 6297 926 649 387 17301 24491 2440 27695 63926 14106 8082 77730 15113 9049 7059 66006 17796 17676 1809 1254 7851 103 3631 1449 5256
leaf_count=27837 653 6339 1848 75070 7063 3453 454 243 129 11855 15407 2202 22223 47394 11808 4470 58726 12197 6253 4867 56030 12452 13074 1583 758 6357 51 2685 921 3088
internal_value=-0.00182028 -0.000608634 -0.00830371 -0.000215624 -0.00967135 -0.00222855 -0.000720789 4.42352e-05 0.00728764 -0.00283693 -0.00246578 2.74736e-05 4.37944e-06 0.00018605 -0.000477198 -0.0103656 4.74451e-05 -0.000260037 0.000323692 -0.000767111 -0.00041641 0.000434754 0.000667049 -0.000789827 -0.000330709 0.00232401 0.00259796 0.0023541 0.000166104 8.37491e-05
internal_weight=560382 532545 25877 506668 21923 57930 3954 448738 1036 48089 41792 447702 445262 323300 121962 20749 295605 164784 76606 88178 73065 130821 109962 20859 19050 25527 1174 12680 84435 82986
internal_count=417490 389653 14539 375114 12237 37054 2302 338060 372 30715 27262 337688 335486 248608 86878 11533 226385 129426 56332 73094 60897 96959 82166 14793 13210 19431 704 8938 62735 61814
cat_boundaries=0 1
cat_threshold=25
is_linear=0
shrinkage=0.05


Tree=110
num_leaves=31
num_cat=0
split_feature=10 10 3 3 10 10 10 1 3 8 10 10 8 11 12 10 10 6 12 11 7 11 11 12 11 12 11 12 12 11
split_gain=6316.57 668.277 100.255 79.0904 75.1586 41.1064 35.0135 22.7523 22.446 21.3023 20.8471 20.5516 23.2807 19.2443 21.6086 21.9012 17.732 17.1225 17.0194 15.6704 16.1335 14.4421 14.355 27.2271 26.4089 25.6524 28.26 20.8985 18.7574 32.511
threshold=1.0000000180025095e-35 0.8057344511571628 84.500000000000014 30.500000000000004 2.3722515403909918 0.64054847581383256 1.4227507702095894 1.0000000180025095e-35 52.500000000000007 1.9196774193548392 17.891504716827139 1.5575311628460653 2.5400000000000005 24.500000000000004 28.810648890454171 5.5914438622388394 0.95850667735212247 0.55000000000000016 23.327676587696619 10.500000000000002 31.550000000000004 17.500000000000004 156.50000000000003 136.94467507361387 116.50000000000001 100.84226418584986 81.500000000000014 169.86895899438619 69.196973395167205 58.500000000000007
decision_type=2 2 2 2 2 2 2 2 2 2 2 2 2 2 2 2 2 2 2 2 2 2 2 2 2 2 2 2 2 2
left_child=-1 2 3 7 6 -4 16 -2 -5 13 -11 -8 -13 18 15 -15 -3 -18 19 20 -6 -20 23 24 25 26 28 -24 29 -16
right_child=1 4 5 8 9 -7 11 -9 -10 10 -12 12 -14 14 22 -17 17 -19 21 -21 -22 -23 27 -25 -26 -27 -28 -29 -30 -31
leaf_value=-0.0013425525446715361 0.000160302203899948 -0.0042813439330285146 2.5828342856415443e-06 -0.00066117716808558049 -0.0010972696440630259 -0.0027135754077334154 -0.00070820298451488304 -0.0093483024173522389 -0.00066117716808558049 0.012605834047582844 0.31948840017709446 -0.00053333552302757829 0.060316660004543859 -0.00051963899076056625 -0.00065286543951170728 0.023805851729762042 0.00029768929801375914 -0.00020350400987139881 -0.026267007124758893 0.00052601057754362299 -0.014151066509149369 -0.006030176618525074 0.079306526372585756 -0.034611316137031965 0.038471680241581062 -0.025377556187179452 0.026552573005416493 -0.01820794915345143 -0.015710172865035066 0.02044387376955821
leaf_weight=27730 1104 2090 3053 8871 35160 889 8942 115 11797 646 339 36647 111 11762 130896 21420 6692 1128 6759 89164 15065 25064 4936 9517 11790 16102 22972 2769 24463 21913
leaf_count=27730 664 1564 1877 4837 24944 439 5084 55 6643 244 113 23851 37 7374 100742 14548 4172 642 5943 60484 11177 19820 3624 8967 8896 14858 17758 2389 21999 15299
internal_value=-0.00173484 -0.000522571 -0.00836753 -0.00968954 -0.000122396 -0.0010274 -0.00185668 0.00268663 -0.0104195 9.15722e-05 0.00743655 -0.00244092 -0.00191795 7.5486e-05 0.000331909 0.00152944 0.000837538 0.00193095 -0.000341682 -0.000103487 -0.000809856 -0.001385 0.000169956 0.000101093 0.000210401 8.48178e-05 0.000239208 0.00229396 2.53847e-05 0.000231171
internal_weight=559906 532176 25829 21887 506347 3942 55610 1219 20668 450737 985 45700 36758 449752 278540 33182 9910 7820 171212 139389 50225 31823 245358 237653 228136 216346 200244 7705 177272 152809
internal_count=416774 389044 14515 12199 374529 2316 35350 719 11480 339179 357 28972 23888 338822 216454 21922 6378 4814 122368 96605 36121 25763 194532 188519 179552 170656 155798 6013 138040 116041
is_linear=0
shrinkage=0.05


Tree=111
num_leaves=31
num_cat=0
split_feature=10 10 4 3 3 10 10 10 4 10 10 10 10 10 10 7 3 11 6 10 8 1 10 7 6 7 11 7 3 4
split_gain=6329.14 575.987 315.521 171.787 110.231 109.537 68.7737 68.627 49.145 30.1138 28.6674 26.4536 26.2795 36.9754 48.6557 32.3182 23.7464 30.347 21.0904 20.399 27.3343 17.3981 17.2126 15.6049 15.4138 15.0562 15.0138 19.6339 18.1243 18.5945
threshold=1.0000000180025095e-35 0.8057344511571628 4.5000000000000009 84.500000000000014 30.500000000000004 0.71170035736632797 2.3722515403909918 0.64054847581383256 3.5000000000000004 0.43519700344886553 0.76340990904344486 0.76340990904344486 1.4227507702095894 1.5575311628460653 1.890397441731517 32.150000000000013 60.500000000000007 12.500000000000002 0.95000000000000007 41.784480259946307 1.3587841945288757 1.0000000180025095e-35 2.1451516708369236 29.450000000000003 0.15000000000000005 27.350000000000005 10.500000000000002 28.850000000000005 82.500000000000014 1.0000000180025095e-35
decision_type=2 2 2 2 2 2 2 2 2 2 2 2 2 2 2 2 2 2 2 2 2 2 2 2 2 2 2 2 2 2
left_child=-1 2 3 4 21 9 8 -5 12 -4 -7 18 -3 -14 -15 -16 17 24 -6 26 -21 -2 -18 25 -17 -13 27 -8 29 -28
right_child=1 6 5 7 11 10 19 -9 -10 -11 -12 23 13 14 15 16 22 -19 -20 20 -22 -23 -24 -25 -26 -27 28 -29 -30 -31
leaf_value=-0.0012754249174379592 0.00015228709370495032 1.0855968976064557e-05 -0.017025627621834401 2.4536925713580795e-06 -0.00062811830968130262 -0.0065178706591117021 0.001124502820377186 -0.0028502360361301604 -1.1034996697989464e-05 9.2591678853404258e-05 -0.0010440915292045717 -0.0031246666531685508 -0.00067279283528913774 0.0013721299059143988 -0.0006975411848692733 6.217602037745795e-05 -0.00013451275004443543 -0.00033381497333146993 -0.00022805113883253016 0.042344010144729972 0.65523479337318169 -0.0088842077261488857 -0.00055476948094308482 -0.0047700072458462528 -0.00064648248651132025 -0.00020519090004728069 -0.0043197184805742863 -0.01123639677414472 -0.0049097893517956685 0.0020392339288244801
leaf_weight=27819 790 5695 578 2310 11985 838 21262 620 22508 4937 629 253 5400 8668 9949 1341 540 408 1369 4669 287 91 525 732 251 666 52085 29569 48540 295347
leaf_count=27819 460 3549 434 1338 6391 446 14890 308 15228 2863 461 177 2894 5766 6013 723 288 226 701 4371 115 41 329 500 143 402 38795 21631 35492 224931
internal_value=-0.00175012 -0.000536275 -0.00782425 -0.0111926 -0.0132444 0.00125322 -0.000165469 -6.82594e-05 -0.00183006 0.00448323 -0.0108896 -0.0142536 -0.00306541 -0.00371464 -0.00279264 -0.00472568 -0.000236542 0.002975 -0.0149918 3.82394e-05 0.00322841 0.00394438 -0.00626761 -0.00828286 0.00609296 -0.0039445 2.85361e-06 -0.000806103 0.000106699 0.000233139
internal_weight=560661 532842 25798 18816 15886 6982 507044 2930 55285 5515 1467 15005 32777 27082 21682 13014 3065 2000 13354 451759 4956 881 1065 1651 1592 919 446803 50831 395972 347432
internal_count=417725 389906 14522 10318 8672 4204 375384 1646 35159 3297 907 8171 19931 16382 13488 7722 1709 1092 7092 340225 4486 501 617 1079 866 579 335739 36521 299218 263726
is_linear=0
shrinkage=0.05


Tree=112
num_leaves=31
num_cat=0
split_feature=10 10 4 10 10 3 3 10 10 4 10 10 10 10 10 6 11 12 1 10 8 7 7 3 3 7 6 7 10 12
split_gain=6313.24 609.127 337.23 161.276 103.114 85.1797 62.5055 50.5236 33.8244 33.5872 27.5036 23.5157 20.7383 44.7965 33.0119 40.7389 45.519 23.1761 20.2676 19.9744 28.7197 19.3445 18.8415 17.5292 17.5248 17.2249 16.715 16.3459 16.2556 14.3834
threshold=1.0000000180025095e-35 0.8057344511571628 4.5000000000000009 0.43519700344886553 0.71170035736632797 30.500000000000004 89.500000000000014 2.3722515403909918 0.43519700344886553 3.5000000000000004 0.76340990904344486 0.76340990904344486 1.4227507702095894 1.5575311628460653 1.890397441731517 0.15000000000000005 12.500000000000002 8.3287515693620904 1.0000000180025095e-35 34.905210870434537 1.415980148883375 29.450000000000003 29.150000000000002 61.500000000000007 84.500000000000014 30.550000000000004 0.95000000000000007 27.350000000000005 0.64054847581383256 3.2759665946094283
decision_type=2 2 2 2 2 2 2 2 2 2 2 2 2 2 2 2 2 2 2 2 2 2 2 2 2 2 2 2 2 2
left_child=-1 2 3 -2 8 18 10 9 -4 12 26 -6 -3 -14 -15 16 17 29 -5 -9 -21 27 -22 -19 -17 28 -7 -12 -8 -16
right_child=1 7 4 5 11 6 25 19 -10 -11 21 -13 13 14 15 24 -18 23 -20 20 22 -23 -24 -25 -26 -27 -28 -29 -30 -31
leaf_value=-0.0012116536715660613 2.3310079427907307e-06 3.2767866358052179e-05 -0.016174346240742678 0.00014467273901970225 -0.0060210418495675322 -0.00059671239419724082 6.0304898396146285e-06 -0.00021986869519068365 8.7962094910731817e-05 -0.00012032164915836141 -0.0029036517598403683 -0.00087333476251348911 -0.00063915319352467756 0.0014698364119792862 0.00035616362313728445 -0.00086516039617976501 -0.00048329798252870764 7.5362335134254726e-05 -0.0084366769101771877 0.025901453586585535 0.70036463096740298 -0.0045315068835539377 0.10874183742949733 -0.00021652247543546554 0.047773007053803322 -0.0003824449786429152 -0.00021664858189089921 0.046345076907716498 -0.0022120687309008734 -0.00016460780253919617
leaf_weight=27742 1747 5673 595 577 870 12444 663 435813 4998 22775 238 616 5327 8601 370 3587 2946 2327 94 15295 244 737 232 840 387 109 1481 701 129 2645
leaf_count=27742 1095 3539 451 323 460 6628 343 326079 2904 15397 164 436 2849 5707 214 2137 1742 1355 44 14061 84 501 112 556 213 55 745 425 67 1557
internal_value=-0.00174531 -0.00053507 -0.00799935 -0.0114826 0.00131021 -0.0129549 -0.013665 -0.000152348 0.0044207 -0.0015763 -0.0144045 -0.010397 -0.00260297 -0.0031798 -0.00217136 -0.00375134 -0.0019117 0.00052572 0.0045082 2.25872e-05 0.00177065 -0.00835322 0.0138655 0.00351279 -0.00797685 -0.000860155 -0.0151329 -0.00359425 0.00170455 -0.00261194
internal_weight=560803 533061 25999 18920 7079 17173 16502 507062 5593 55478 15601 1486 32703 27030 21703 13102 9128 6182 671 451584 15771 1676 476 3167 3974 901 13925 939 792 3015
internal_count=417985 390243 14641 10390 4251 9295 8928 375602 3355 35266 8463 896 19869 16330 13481 7774 5424 3682 367 340336 14257 1090 196 1911 2350 465 7373 589 410 1771
is_linear=0
shrinkage=0.05


Tree=113
num_leaves=31
num_cat=0
split_feature=10 10 4 10 10 3 3 10 10 10 4 7 8 10 6 10 10 3 10 7 11 12 4 3 7 11 12 11 3 3
split_gain=6360.91 593.406 319.288 169.19 102.174 95.508 76.8326 56.7165 31.9679 28.3552 25.3592 21.5816 17.838 20.4969 17.6274 23.0778 27.391 24.8547 24.3953 17.3898 17.0672 23.8796 23.8246 23.4647 21.5165 25.5196 28.9448 28.623 27.4475 36.8382
threshold=1.0000000180025095e-35 0.8057344511571628 4.5000000000000009 0.43519700344886553 0.71170035736632797 30.500000000000004 89.500000000000014 2.4216135534370511 0.76340990904344486 0.43519700344886553 3.5000000000000004 30.450000000000003 1.9196774193548392 18.81164169877427 0.15000000000000005 1.890397441731517 1.5575311628460653 71.500000000000014 1.1823175294197679 30.550000000000004 22.500000000000004 28.309787326756325 1.0000000180025095e-35 36.500000000000007 32.650000000000013 169.50000000000003 145.1325398666697 140.50000000000003 63.500000000000007 75.500000000000014
decision_type=2 2 2 2 2 2 2 2 2 2 2 2 2 2 2 2 2 2 2 2 2 2 2 2 2 2 2 2 2 2
left_child=-1 2 3 -2 9 -5 11 10 -6 -4 14 -7 20 -14 -3 16 18 -17 -16 -8 21 -9 -22 -24 25 26 27 28 -25 -30
right_child=1 7 4 5 8 6 19 12 -10 -11 -12 -13 13 -15 15 17 -18 -19 -20 -21 22 -23 23 24 -26 -27 -28 -29 29 -31
leaf_value=-0.0011510709879877581 2.2144575456517493e-06 -0.00024191648251858564 -0.015365628928705547 0.00011646796734710586 -0.0057701687468699088 -0.0025007397861236628 5.7289653476344517e-06 -0.00069295905030132652 -0.00082966802438781966 8.3563990165197446e-05 -0.00043445608301293518 -0.0005668767744873793 0.0097789453548813021 0.37666933303012018 0.035642348607962553 -0.00082190237637078676 0.0020264235167720248 -0.00042587425154239078 -0.0010638174404587809 -0.00036332272971076888 -0.0073267791656223659 -0.02459691498307346 0.030639682678680114 -0.0057341665286538539 0.012872032368966391 0.074877541403517434 -0.045352382924885151 0.083111551294599073 0.023290854021128383 -0.00098531424524270022
leaf_weight=27884 1785 23763 579 668 817 8118 829 146816 605 4930 23645 7425 655 342 630 3337 2740 984 2655 120 44807 7198 19221 74129 50627 3556 6867 3089 34823 56988
leaf_count=27884 1109 14691 433 360 433 4378 421 103642 447 2864 16105 4075 245 114 390 1977 1772 586 1397 58 34257 6432 15507 56149 40543 2662 6445 2151 27311 42726
internal_value=-0.00172047 -0.00050202 -0.00788762 -0.011247 0.00129491 -0.012771 -0.0135217 -0.000124982 -0.010654 0.0043792 -0.00159989 -0.014365 6.46823e-05 0.00674524 -0.00247222 -0.00419486 -0.00219502 -0.00698334 -0.00527397 0.000289779 4.98191e-05 -0.000376589 0.000273115 0.000463899 0.000323693 6.68702e-05 -1.79083e-05 0.000111371 2.25985e-05 0.000600418
internal_weight=560632 532748 25876 18945 6931 17160 16492 506872 1422 5509 57754 15543 449118 997 34109 10346 6025 4321 3285 949 448121 154014 294107 249300 230079 179452 175896 169029 165940 91811
internal_count=417564 389680 14578 10401 4177 9292 8932 375102 880 3297 36918 8453 338184 359 20813 6122 3559 2563 1787 479 337825 110074 227751 193494 177987 137444 134782 128337 126186 70037
is_linear=0
shrinkage=0.05


Tree=114
num_leaves=31
num_cat=2
split_feature=10 10 4 7 10 10 6 10 10 10 10 10 10 10 10 4 10 7 3 4 3 10 8 7 12 4 0 6 7 0
split_gain=6448.62 246.779 155.272 289.218 259.093 91.0434 85.7933 58.7606 43.1018 41.7542 41.7877 40.9054 32.5885 27.9917 26.5111 48.5917 24.7959 19.0211 18.1229 17.4974 15.8875 15.6539 28.4252 16.7919 15.659 14.2004 16.1336 23.6726 17.0942 16.1357
threshold=1.0000000180025095e-35 0.95850667735212247 4.5000000000000009 30.450000000000003 0.64054847581383256 0.71170035736632797 0.95000000000000007 0.43519700344886553 0.76340990904344486 2.4216135534370511 1.4227507702095894 0.76340990904344486 0.43519700344886553 0.49808169478095882 1.5011974239266535 4.5000000000000009 0.8057344511571628 33.750000000000007 39.500000000000007 5.5000000000000009 32.500000000000007 34.905210870434537 1.3587841945288757 29.150000000000002 108.46276005306078 1.0000000180025095e-35 0 1.0000000180025095e-35 27.650000000000002 1
decision_type=2 2 2 2 2 2 2 2 2 2 2 2 2 2 2 2 2 2 2 2 2 2 2 2 2 2 1 2 2 1
left_child=-1 2 3 4 6 12 13 -5 -6 10 -3 -7 -4 -2 15 -12 20 -16 -8 -13 -9 25 24 -24 -23 26 -11 29 -29 -28
right_child=1 9 5 7 8 11 18 16 -10 21 14 19 -14 -15 17 -17 -18 -19 -20 -21 -22 22 23 -25 -26 -27 27 28 -30 -31
leaf_value=-0.0010935174385883703 2.1037346683683292e-06 0.00019934648751158135 -0.014597347482270271 2.1037346683683292e-06 -0.007758237989011374 -0.0054398444847091262 8.3760598437881983e-05 3.4030781260968589e-05 -0.003641443930408628 0.00015363487984307867 -0.00070983217215732093 -0.0050735506706616092 7.9385790656938412e-05 5.7370802148715155e-05 -0.00046072362229898634 0.0017541381449141524 -0.0039396093053227889 8.3690042503481454e-05 -8.0779163490174449e-05 0.00032074493603053702 -0.00053853293576301426 0.062696697704519619 0.64368399661936815 0.10835281717259947 0.0015248376551706855 0.00066120348480234927 -0.012372637598606052 -0.032181767053324609 0.0084354110312741433 -0.046705893637144662
leaf_weight=27892 2076 7695 588 242 3217 817 191 90 2437 36170 4742 582 4960 3178 36627 1610 313 5274 1120 596 7411 5298 241 238 9886 368762 8158 2104 8203 9526
leaf_count=27892 1306 4769 444 130 1585 435 109 44 1683 24898 2460 458 2874 1660 23855 1018 215 3348 594 452 4047 4804 83 112 9146 276996 6672 1524 5989 7720
internal_value=-0.0015645 -0.000336619 -0.00492127 -0.00719975 -0.00235085 0.0012031 0.00440594 -0.0145544 -0.0101963 -8.38397e-05 -0.00137181 -0.00795739 0.00449712 0.00726113 -0.0019175 -0.00492758 -0.0153059 -0.00146118 -0.00703661 -0.00199491 -0.0158812 7.67969e-05 0.00162964 0.0136221 0.00125132 2.06157e-05 -0.000665903 -0.00156691 0.00033715 -0.00267756
internal_weight=560244 532352 27818 20275 12219 7543 6565 8056 5654 504534 55948 1995 5548 5254 48253 6352 7814 41901 1311 1178 7501 448586 15663 479 15184 432923 64161 27991 10307 17684
internal_count=417322 389430 16036 11373 6937 4663 3669 4436 3268 373394 35450 1345 3318 2966 30681 3478 4306 27203 703 910 4091 337944 14145 195 13950 323799 46803 21905 7513 14392
cat_boundaries=0 1 2
cat_threshold=25 4
is_linear=0
shrinkage=0.05


Tree=115
num_leaves=31
num_cat=1
split_feature=10 10 4 7 10 10 6 10 10 10 10 10 10 10 10 4 10 8 3 10 4 6 7 5 7 4 0 6 10 7
split_gain=6431.17 251.635 159.707 284.862 257.374 102.021 70.1089 67.7994 51.4902 47.9472 47.0679 44.3542 33.0961 31.4911 30.9827 46.8568 23.8543 20.093 20.0545 17.4367 15.5361 13.923 13.8274 15.1757 14.2114 13.6024 15.1623 14.0937 22.6387 16.3482
threshold=1.0000000180025095e-35 0.95850667735212247 4.5000000000000009 30.450000000000003 0.64054847581383256 0.71170035736632797 0.95000000000000007 0.43519700344886553 2.4216135534370511 1.4227507702095894 0.76340990904344486 0.76340990904344486 0.43519700344886553 0.8057344511571628 1.5011974239266535 4.5000000000000009 0.49808169478095882 1.266648351648352 39.500000000000007 40.249197973088776 5.5000000000000009 0.25000000000000006 32.150000000000013 1.0000000180025095e-35 32.250000000000007 5.5000000000000009 0 1.0000000180025095e-35 35.7025352060625 26.650000000000002
decision_type=2 2 2 2 2 2 2 2 2 2 2 2 2 2 2 2 2 2 2 2 2 2 2 2 2 2 1 2 2 2
left_child=-1 2 3 4 6 12 16 -5 9 -3 -7 -6 -4 -9 15 -11 -2 25 -8 -19 -12 -13 -16 24 -24 27 -27 29 -29 -10
right_child=1 8 5 7 11 10 18 13 17 14 20 21 -14 -15 22 -17 -18 19 -20 -21 -22 -23 23 -25 -26 26 -28 28 -30 -31
leaf_value=-0.0010388415666589517 1.9985479349504676e-06 0.00021642774716689185 -0.013867480108156758 1.9985479349504676e-06 -0.0030123740915257604 -0.0052297941330922693 7.9572568515989822e-05 -0.00051160628897486406 -0.045998724417961739 -0.00067126937411605698 -0.0050602330266963595 -0.003757537108802356 7.5416501124092605e-05 0.0044362354228828244 -0.00059012456195177703 0.0016664312376684421 5.4502262041278285e-05 0.017006176679934922 -7.6740205315661838e-05 0.33437397938210511 0.0003047076892290113 0.0035800004072802875 0.044428692488365298 -0.062204364316585298 -9.6767264674979542e-05 0.00031998011793239468 -0.010675062630942023 0.0016364105833058806 0.073881469242146378 -0.00032422072904183532
leaf_weight=27775 2021 7808 592 249 3273 829 208 7508 1878 4764 575 1663 5043 317 29917 1556 3245 3540 1099 372 595 822 324 97 11466 31548 21949 176179 5324 207963
leaf_count=27775 1275 4802 446 129 1611 443 116 4102 1498 2484 451 1181 2909 211 19549 992 1723 1556 585 168 449 522 176 91 7458 29334 19539 124555 4624 156657
internal_value=-0.00154412 -0.000321179 -0.00493152 -0.00723965 -0.00245925 0.00123788 0.00430169 -0.0145405 -6.50406e-05 -0.00149557 -0.00846673 -0.0101771 0.00468057 -0.0153578 -0.00208524 -0.0053481 0.00687429 0.000113258 -0.0060635 0.00368098 -0.00200855 -0.00514085 -0.00159195 -0.000149323 1.27226e-05 8.18832e-05 -0.000665925 0.000184109 0.000506741 -9.49528e-05
internal_weight=560499 532724 28039 20405 12331 7634 6573 8074 504685 55932 1999 5758 5635 7825 48124 6320 5266 448753 1307 3912 1170 2485 41804 11887 11790 444841 53497 391344 181503 209841
internal_count=417411 389636 16153 11455 7013 4698 3699 4442 373483 35552 1343 3314 3355 4313 30750 3476 2998 337931 701 1724 900 1703 27274 7725 7634 336207 48873 287334 129179 158155
cat_boundaries=0 1
cat_threshold=13
is_linear=0
shrinkage=0.05


Tree=116
num_leaves=31
num_cat=0
split_feature=10 10 4 7 10 10 6 10 3 10 10 10 10 10 10 4 10 3 8 3 4 6 3 3 7 5 10 10 6 10
split_gain=6416.63 268.569 152.104 270.931 216.15 98.3648 65.8876 63.8328 60.5709 42.4432 40.461 38.9397 38.653 32.1021 31.0292 57.6001 27.5808 21.2049 21.1821 20.4548 20.3343 17.3513 16.7705 16.4762 15.4449 13.4242 13.4307 13.4847 12.7235 13.2937
threshold=1.0000000180025095e-35 0.95850667735212247 4.5000000000000009 30.450000000000003 0.64054847581383256 0.71170035736632797 1.0500000000000003 0.43519700344886553 88.500000000000014 0.76340990904344486 2.4216135534370511 1.4227507702095894 0.76340990904344486 0.43519700344886553 1.5011974239266535 4.5000000000000009 0.8057344511571628 46.500000000000007 1.8914956011730208 59.500000000000007 5.5000000000000009 0.15000000000000005 32.500000000000007 33.500000000000007 33.750000000000007 1.0000000180025095e-35 3.2324419081163169 30.05503264583842 0.15000000000000005 14.429601974265035
decision_type=2 2 2 2 2 2 2 2 2 2 2 2 2 2 2 2 2 2 2 2 2 2 2 2 2 2 2 2 2 2
left_child=-1 2 3 4 6 13 8 -5 -2 -6 11 -3 -7 -4 15 -13 22 -8 25 -20 23 -11 -9 -14 -16 28 -27 -28 -12 -30
right_child=1 10 5 7 9 12 17 16 -10 21 18 14 20 -15 24 -17 -18 -19 19 -21 -22 -23 -24 -25 -26 26 27 -29 29 -31
leaf_value=-0.00098689948832600427 5.1777148939213816e-05 0.00017855777577765466 -0.01317410610274892 1.898620538204332e-06 -0.0028487716331649523 -0.0049481783786363481 7.5593940090190609e-05 5.7909556646662531e-05 -1.5113612924499976e-07 -0.0036106780989697222 -0.00079517932023041036 -0.00067919916345544624 0.0016018234992252968 7.1645676067888517e-05 -0.00043213166767142042 0.0015831096757850218 -0.0039590359178323879 -7.2903195049878189e-05 -0.05534331003617541 0.080151778955846353 0.00015190402970548337 0.0034695778840421968 -0.00048602597452611644 -0.046633816602814002 6.2120726771926679e-05 -0.025246331655674539 -0.0044328018776355728 -0.11015287704584314 0.00055391224863597557 0.020190031279031209
leaf_weight=27882 4550 7801 602 250 3244 813 298 95 995 1540 301424 4708 91 4930 36668 1615 325 813 150 906 581 914 7467 444 5218 1054 8614 692 100174 35279
leaf_count=27882 2522 4829 454 132 1594 437 164 45 581 1102 232046 2478 37 2856 23862 1013 221 437 66 318 441 574 4057 392 3332 900 8158 692 68092 27673
internal_value=-0.0016184 -0.000393561 -0.00516421 -0.00738983 -0.00272381 0.000948264 0.00339543 -0.014474 0.00562218 -0.00987188 -0.000129139 -0.00139618 -0.00877398 0.00433839 -0.00192651 -0.00519136 -0.0152625 -0.00771827 2.91662e-05 0.00710227 -0.00273297 -0.00491035 -0.0158754 -0.00976636 -0.00143365 1.24654e-05 -0.00176641 -0.00116054 5.46492e-05 0.00045717
internal_weight=560137 532255 27952 20491 12354 7461 6656 8137 5545 5698 504303 56010 1929 5532 48209 6323 7887 1111 448293 1056 1116 2454 7562 535 41886 447237 10360 9306 436877 135453
internal_count=417387 389505 16046 11429 6974 4617 3704 4455 3103 3270 373459 35514 1307 3310 30685 3491 4323 601 337945 384 870 1676 4102 429 27194 337561 9750 8850 327811 95765
is_linear=0
shrinkage=0.05


Tree=117
num_leaves=31
num_cat=0
split_feature=10 10 4 7 10 3 10 6 10 10 10 10 10 10 4 10 3 3 10 11 8 12 4 11 12 11 3 7 4 6
split_gain=6395.4 360.55 215.598 208.786 162.39 112.54 90.9992 83.826 47.1075 42.2855 41.3602 30.8411 27.4837 29.3863 55.0105 20.2456 18.6397 17.0628 16.5031 15.6456 22.5955 19.3301 17.249 17.887 28.6317 26.2862 17.5812 20.0815 21.3454 19.184
threshold=1.0000000180025095e-35 0.8057344511571628 4.5000000000000009 30.550000000000004 0.64054847581383256 84.500000000000014 0.71170035736632797 1.0500000000000003 2.4216135534370511 0.43519700344886553 0.76340990904344486 0.43519700344886553 1.4227507702095894 1.5011974239266535 4.5000000000000009 0.76340990904344486 46.500000000000007 88.500000000000014 0.95850667735212247 16.500000000000004 1.9196774193548392 21.591176297662027 1.0000000180025095e-35 170.50000000000003 145.1325398666697 140.50000000000003 33.500000000000007 32.650000000000013 3.5000000000000004 4.0000000000000009
decision_type=2 2 2 2 2 2 2 2 2 2 2 2 2 2 2 2 2 2 2 2 2 2 2 2 2 2 2 2 2 2
left_child=-1 2 3 4 5 7 11 -2 12 -5 -8 -4 18 14 -14 -6 -9 -7 -3 21 22 -10 -21 24 25 26 -24 29 -29 -28
right_child=1 8 6 9 15 17 10 16 19 -11 -12 -13 13 -15 -16 -17 -18 -19 -20 20 -22 -23 23 -25 -26 -27 27 28 -30 -31
leaf_value=-0.00093755451390970402 4.9188291492252567e-05 -0.0033837216550453466 -0.012515400797611473 1.8036895112927278e-06 -0.0070772688033262756 -6.9023690875136272e-07 -0.0047007694597045353 7.1814243085682741e-05 -0.001113606088490323 -0.00046172467579981281 0.00011679517320779543 6.8063392264494651e-05 -0.00064523920528267728 -0.0003858572194240129 0.0015039541919957711 -0.0025040446205606306 -6.9258035297381507e-05 -1.4357932278663555e-07 0.0001966784710196734 -0.0049250197816675728 0.1501851771453481 -0.023341434761874426 0.026692745056624646 0.069985249519373835 -0.038849630377679571 0.079932334716612721 -0.00059742871837729092 0.018668587850839559 0.0021798362621169298 0.024534546817782645
leaf_weight=27858 3750 2085 594 207 3337 909 862 298 98082 7358 624 4974 4646 41771 1601 1228 659 1049 7853 51704 612 6887 13716 3686 7824 3495 198654 23981 35029 5309
leaf_count=27858 2048 1553 448 119 1639 551 458 166 68774 4032 450 2900 2426 27177 1007 794 353 611 4841 38970 210 5975 10928 2770 7344 2473 151226 16703 29925 3113
internal_value=-0.00164597 -0.000424844 -0.00618496 -0.00898244 -0.00465717 0.00031883 0.00126878 0.00450924 -0.000131131 -0.0154032 -0.00972409 0.00420259 -0.00147267 -0.00196801 -0.00516648 -0.0119222 -0.00869906 -0.00975485 0.000920708 4.20398e-05 0.000205081 -0.000492288 0.000187974 0.000337168 0.000292874 0.000376181 0.000321751 0.000230727 0.00104304 -4.28999e-06
internal_weight=560642 532784 25849 18795 11230 6665 7054 4707 506935 7565 1486 5568 57956 48018 6247 4565 957 1958 9938 448979 344010 104969 343398 291694 288008 280184 276689 262973 59010 203963
internal_count=417842 389984 14569 10313 6162 3729 4256 2567 375415 4151 908 3348 37004 30610 3433 2433 519 1162 6394 338411 263662 74749 263452 224482 221712 214368 211895 200967 46628 154339
is_linear=0
shrinkage=0.05


Tree=118
num_leaves=31
num_cat=0
split_feature=10 10 4 7 10 3 10 6 10 10 10 10 10 10 10 10 4 3 6 8 10 7 11 3 3 3 6 6 4 7
split_gain=6376.22 324.324 207.349 194.182 136.092 105.291 90.0681 83.7735 57.2547 49.4555 39.8847 38.335 33.7899 30.3289 30.0292 28.7382 53.1768 20.4388 18.4922 18.0619 17.1065 13.9559 13.7163 13.4958 15.4604 20.2963 24.4485 15.913 15.4637 13.3008
threshold=1.0000000180025095e-35 0.95850667735212247 4.5000000000000009 30.550000000000004 0.64054847581383256 83.500000000000014 0.71170035736632797 1.0500000000000003 0.43519700344886553 0.76340990904344486 2.4216135534370511 0.76340990904344486 1.4227507702095894 0.8057344511571628 0.43519700344886553 1.5011974239266535 4.5000000000000009 46.500000000000007 0.15000000000000005 1.9196774193548392 8.8657064708310411 30.450000000000003 5.5000000000000009 33.500000000000007 48.500000000000007 45.500000000000007 0.15000000000000005 4.6500000000000012 1.5000000000000002 33.750000000000007
decision_type=2 2 2 2 2 2 2 2 2 2 2 2 2 2 2 2 2 2 2 2 2 2 2 2 2 2 2 2 2 2
left_child=-1 2 3 4 5 7 14 21 -5 -8 12 -6 -3 -10 -4 16 -14 -9 -13 22 -21 -2 -12 -24 25 -25 -27 -26 -29 -17
right_child=1 10 6 8 11 -7 9 17 13 -11 19 18 15 -15 -16 29 -18 -19 -20 20 -22 -23 23 24 27 26 -28 28 -30 -31
leaf_value=-0.00089067678821421891 4.672887691763994e-05 0.00015979596343778659 -0.011889630757730899 1.7135050357275362e-06 -0.0054341339987817915 -6.557250633143497e-07 -0.0045261091301232242 6.8223530931399432e-05 -0.00043863844200981995 -0.0004859785621530333 -0.0080546895418888379 -0.0033556790118438595 -0.00061297724501854225 -0.0031370572640418651 6.4660222651269364e-05 -0.00043636025549620427 0.0014287564823959875 -6.5795133532509095e-05 0.003396707575466429 0.0043440901796745054 0.24463010261822468 -8.4262577078275666e-06 0.0074858743740629403 -0.0012508263096282059 0.00053419374906171768 -0.02345838204979336 0.0013424895476383371 -0.0085424544779415974 0.033516470593847283 5.2568662558694082e-05
leaf_weight=27781 3537 7781 604 225 3394 2215 831 312 7221 1143 14328 1538 4718 312 4976 36639 1600 637 897 590 423 95 33925 85795 287790 13606 7456 1376 2878 5249
leaf_count=27781 1929 4819 450 119 1664 1317 443 172 3967 879 10432 1116 2466 208 2876 23913 1006 343 567 226 141 43 26035 65577 217024 10674 5180 904 1668 3371
internal_value=-0.00164788 -0.000428639 -0.00567258 -0.0082949 -0.00446931 0.000338434 0.00140323 0.00466601 -0.0145205 -0.00777609 -0.000138053 -0.0100746 -0.00139631 -0.0152628 0.00465054 -0.00188981 -0.00503324 -0.00856164 -0.00528747 1.91335e-05 0.00668806 0.00812225 4.02546e-06 5.44099e-05 -2.70117e-05 -0.000541612 -0.00193239 0.000161277 0.00319699 -0.00141568
internal_weight=559872 532091 27937 20383 12625 6796 7554 4581 7758 1974 504154 5829 55987 7533 5580 48206 6318 949 2435 448167 1013 3632 447154 432826 398901 106857 21062 292044 4254 41888
internal_count=417310 389529 16093 11445 7151 3804 4648 2487 4294 1322 373436 3347 35575 4175 3326 30756 3472 515 1683 337861 367 1972 337494 327062 301027 81431 15854 219596 2572 27284
is_linear=0
shrinkage=0.05


Tree=119
num_leaves=31
num_cat=0
split_feature=10 10 4 7 10 3 10 10 10 10 10 10 10 10 10 10 10 4 4 4 5 4 7 10 12 11 7 11 12 11
split_gain=6429.47 356.416 208.063 206.507 161.34 116.238 90.1419 50.5165 47.6411 41.3165 35.9964 35.208 22.8428 21.0941 18.2967 27.587 32.2205 85.4223 18.1701 17.5077 16.7 17.1399 14.9378 14.2641 14.7706 14.2015 13.5129 13.1827 13.6749 22.6517
threshold=1.0000000180025095e-35 0.95850667735212247 4.5000000000000009 30.550000000000004 0.64054847581383256 84.500000000000014 0.71170035736632797 0.43519700344886553 0.76340990904344486 3.1735078661945892 0.76340990904344486 0.43519700344886553 0.8057344511571628 2.9561289692310813 2.4216135534370511 1.4227507702095894 1.5575311628460653 4.5000000000000009 4.5000000000000009 4.5000000000000009 1.0000000180025095e-35 2.5000000000000004 33.750000000000007 43.798720862826471 164.60710580912865 224.00000000000003 28.750000000000004 161.50000000000003 124.27904564315354 103.50000000000001
decision_type=2 2 2 2 2 2 2 2 2 2 2 2 2 2 2 2 2 2 2 2 2 2 2 2 2 2 2 2 2 2
left_child=-1 2 3 4 5 26 11 -5 -8 13 -6 -4 -9 14 15 -3 17 -17 20 -15 21 -16 -18 24 27 -25 -2 28 29 -11
right_child=1 9 6 7 10 -7 8 12 -10 23 -12 -13 -14 19 18 16 22 -19 -20 -21 -22 -23 -24 25 -26 -27 -28 -29 -30 -31
leaf_value=-0.00084614294880350791 1.3198940896586021e-05 0.00014640147189748376 -0.011295149219844355 1.6278297839400491e-06 -0.0066931560025235703 -6.2293881014641173e-07 -0.0042394255302131484 -0.00041670651990932672 -0.00097088980962910525 0.00051931946157370847 -0.0030521563150692878 6.1427211518705335e-05 -0.0034404498693548116 -0.0054733032148947206 -2.5459123530069408e-05 -0.00054134698962799257 -0.00041454224272139409 0.0020532280630492284 -0.0083562187963186936 0.0030637436170242727 -0.023525600291371851 0.0023480811747951247 9.1616466709950239e-05 0.049338433177948463 -0.038155243451308968 0.49758489300257325 4.4392433071760444e-05 0.067982543236983869 -0.019563276496464433 0.029246864883810987
leaf_weight=27959 2695 7781 594 218 3314 2009 834 7191 1145 363795 2420 4956 294 7209 14892 6675 34567 2295 8946 2457 382 10138 4792 3284 4408 133 2004 2972 13926 16011
leaf_count=27959 1489 4807 452 120 1634 1183 442 3961 883 275497 1680 2864 204 4473 9510 3631 22637 1451 6580 1787 326 6172 3042 3006 3928 75 1060 2058 12450 12129
internal_value=-0.00162878 -0.000401297 -0.00592614 -0.00857657 -0.00459331 0.000670841 0.00116549 -0.0150104 -0.00799646 -9.83329e-05 -0.0107517 0.00443243 -0.0157014 -0.00100765 -0.000770438 -0.00132686 -0.00177171 -0.00447603 0.00013825 -0.00322781 0.000820479 0.000978825 -0.00115539 0.000126752 9.93488e-05 0.00334358 0.00497446 0.000131332 0.000106291 0.000162715
internal_weight=560296 532337 27674 20145 12442 6708 7529 7703 1979 504663 5734 5550 7485 100134 90468 56110 48329 8970 34358 9666 25412 25030 39359 404529 401112 3417 4699 396704 393732 379806
internal_count=417490 389531 15972 11331 7046 3732 4641 4285 1325 373559 3314 3316 4165 64416 58156 35568 30761 5082 22588 6260 16008 15682 25679 309143 306062 3081 2549 302134 300076 287626
is_linear=0
shrinkage=0.05


Tree=120
num_leaves=31
num_cat=1
split_feature=10 10 4 7 10 3 6 10 10 10 10 10 10 10 10 10 4 3 6 3 4 8 3 7 3 11 4 12 4 0
split_gain=6414.76 379.567 174.779 211.704 149.337 123.981 76.1761 67.8454 61.0361 50.1721 39.8966 35.9303 27.2215 26.4976 25.7581 30.2557 68.4083 23.8145 20.5849 17.9733 15.783 15.7308 17.734 15.5638 15.261 14.8088 22.7697 21.3606 20.8347 31.9659
threshold=1.0000000180025095e-35 0.95850667735212247 4.5000000000000009 30.450000000000003 0.64054847581383256 84.500000000000014 1.0500000000000003 0.71170035736632797 0.43519700344886553 0.76340990904344486 0.76340990904344486 2.4216135534370511 0.43519700344886553 0.8057344511571628 1.4227507702095894 1.5011974239266535 4.5000000000000009 46.500000000000007 0.55000000000000016 88.500000000000014 5.5000000000000009 1.266648351648352 59.500000000000007 28.650000000000002 32.500000000000007 22.500000000000004 1.0000000180025095e-35 30.350897387484789 2.5000000000000004 0
decision_type=2 2 2 2 2 2 2 2 2 2 2 2 2 2 2 2 2 2 2 2 2 2 2 2 2 2 2 2 2 1
left_child=-1 2 3 4 5 6 -2 12 -5 -9 -6 14 -4 24 18 16 -16 -8 -3 -7 -11 25 -23 -24 -10 27 -27 -13 -28 -30
right_child=1 11 7 8 10 19 17 9 13 20 -12 21 -14 -15 15 -17 -18 -19 -20 -21 -22 22 23 -25 -26 26 28 -29 29 -31
leaf_value=-0.00080383580136333249 4.3732486026931694e-05 0.0002152213698252359 -0.010730391758852138 1.546438294741659e-06 -0.0061843004868256529 -5.9179186964186678e-07 6.415240734000128e-05 -0.0040274542537024893 0.00012086756070028294 -0.0029473963961397678 -0.0028941438059474135 -0.0007768110548975305 5.8355850942770626e-05 -0.0032670929516291584 -0.00055526103328622516 -0.00032123202198001505 0.0017522459838238192 -6.316532390071572e-05 -0.0002755890973531239 -7.2467162970379925e-08 0.00058780554269983565 -0.0065040006961997413 0.13011617309172746 0.030769885498273405 -0.00039587119391386598 -0.0074286737583346696 0.0085841378951738712 -0.026359169164359875 0.0057762729958312333 -0.0065574799124711097
leaf_weight=27859 3668 6646 587 239 3232 860 301 838 93 534 2444 148072 4911 317 4671 41924 1643 663 1086 1062 608 1180 341 2352 7455 43969 92430 5183 72435 83012
leaf_count=27859 2010 4170 445 127 1598 528 161 452 47 430 1684 104972 2849 217 2453 27284 1011 353 618 616 452 550 117 1036 4071 33929 65594 4755 55115 72168
internal_value=-0.00161113 -0.000388076 -0.00607472 -0.00847841 -0.00432543 0.000816295 0.00524611 0.000461353 -0.0147458 -0.00747475 -0.0102625 -7.48598e-05 0.00331939 -0.0155022 -0.00126943 -0.00169887 -0.00492556 -0.00726141 0.00140973 -0.00985952 -0.000656743 7.40577e-05 0.00324684 0.00548645 -0.016097 4.64501e-05 0.000255443 -0.000351538 0.000441449 8.79721e-05
internal_weight=560615 532756 27812 20334 12230 6554 4632 7478 8104 1980 5676 504944 5498 7865 55970 48238 6314 964 7732 1922 1142 448974 3873 2693 7548 445101 291846 153255 247877 155447
internal_count=417671 389812 16040 11412 6950 3668 2524 4628 4462 1334 3282 373772 3294 4335 35536 30748 3464 514 4788 1144 882 338236 1703 1153 4118 336533 226806 109727 192877 127283
cat_boundaries=0 1
cat_threshold=19
is_linear=0
shrinkage=0.05


Tree=121
num_leaves=31
num_cat=0
split_feature=10 10 4 7 10 3 6 10 10 3 10 10 10 10 4 7 3 8 10 10 3 5 4 4 7 5 7 7 4 4
split_gain=6400.63 375.462 148.801 203.547 152.738 118.531 79.6525 61.9268 47.3675 42.0123 37.263 31.3092 30.1231 29.6311 39.2629 26.151 17.8842 16.6745 17.5717 16.6734 16.2678 12.4213 11.8507 11.6791 11.11 11.0362 13.2476 14.6984 16.7546 32.5045
threshold=1.0000000180025095e-35 0.95850667735212247 4.5000000000000009 30.550000000000004 0.64054847581383256 84.500000000000014 1.0500000000000003 0.71170035736632797 0.76340990904344486 84.500000000000014 0.76340990904344486 2.4216135534370511 1.4227507702095894 1.5011974239266535 4.5000000000000009 31.750000000000004 47.500000000000007 1.266648351648352 40.249197973088776 0.8057344511571628 48.500000000000007 1.0000000180025095e-35 5.5000000000000009 5.5000000000000009 28.750000000000004 1.0000000180025095e-35 30.550000000000004 32.650000000000013 1.0000000180025095e-35 3.5000000000000004
decision_type=2 2 2 2 2 2 2 2 2 2 2 2 2 2 2 2 2 2 2 2 2 2 2 2 2 2 2 2 2 2
left_child=-1 2 3 4 5 6 -2 15 -9 19 -6 12 -3 14 -14 -4 -17 25 -19 -5 -8 -15 -16 -10 -20 26 -13 -28 -29 -30
right_child=1 11 7 9 10 -7 20 8 23 -11 -12 17 13 21 22 16 -18 18 24 -21 -22 -23 -24 -25 -26 -27 27 28 29 -31
leaf_value=-0.00076364401129516582 4.1545861725583721e-05 0.00016077360721066249 -4.605190051032438e-06 -0.00037607763421817488 -0.0022294332102644867 -5.6220227615533249e-07 6.0944786972999548e-05 -0.0037759025512366208 -0.0020861312240724851 -0.0001827012916803761 -0.0027548413090184524 0.0015058432080106302 -0.00048160960593011118 -0.00030161739509761978 0.0011670449559325392 5.5438058395629322e-05 5.5438058395629322e-05 0.014272564434000077 0.61182260936811339 -0.0032228255270006947 -6.0007057705679939e-05 -0.032431903579873023 -0.034855643058803211 0.00031949048607601285 0.19550433242532039 -0.0099319688743852892 -0.0040186185327285278 -0.014370930602260135 0.0071149795565231605 -0.0026487752981751104
leaf_weight=27828 3728 7824 3022 7028 3336 1995 368 832 578 517 2395 230239 4688 40658 842 675 1791 3525 135 178 607 974 727 589 250 10387 110747 15096 29988 48352
leaf_count=27828 2050 4826 1888 3882 1626 1169 190 440 452 299 1663 167773 2446 26386 494 329 1101 1551 45 120 325 772 511 443 128 9783 86153 11436 20710 40422
internal_value=-0.001624 -0.000401403 -0.00607565 -0.00831183 -0.00435071 0.000776351 0.00510844 -5.67651e-05 -0.0075913 -0.0146867 -0.0103429 -9.04978e-05 -0.00120843 -0.00167836 -0.00488653 0.00268768 0.00650852 4.83042e-05 0.00329923 -0.0156744 -0.00761538 -0.0011962 0.00195985 -0.00109254 0.0134416 1.97276e-05 5.82383e-05 -0.000234961 0.000226893 0.000520807
internal_weight=559899 532071 27639 20152 12429 6698 4703 7487 1999 7723 5731 504432 55713 47889 6257 5488 2466 448719 3910 7206 975 41632 1569 1167 385 444809 434422 204183 93436 78340
internal_count=417241 389413 15977 11324 7023 3734 2565 4653 1335 4301 3289 373436 35435 30609 3451 3318 1430 338001 1724 4002 515 27158 1005 895 173 336277 326494 158721 72568 61132
is_linear=0
shrinkage=0.05


Tree=122
num_leaves=31
num_cat=1
split_feature=10 10 4 7 10 3 6 10 10 10 10 10 10 10 10 3 4 5 10 4 10 6 4 10 7 6 3 0 4 8
split_gain=6459.26 365.181 160.452 204.811 157.053 121.21 75.8553 68.7032 53.1626 38.1196 35.2849 32.3079 24.9826 23.1933 22.2581 19.7952 18.9558 20.9426 22.9882 64.4054 69.1091 17.4363 17.1751 16.0672 14.8168 14.0877 13.9862 14.1881 13.8841 13.723
threshold=1.0000000180025095e-35 0.95850667735212247 4.5000000000000009 30.550000000000004 0.64054847581383256 84.500000000000014 1.0500000000000003 0.71170035736632797 0.76340990904344486 0.76340990904344486 0.43519700344886553 0.43519700344886553 3.1735078661945892 0.8057344511571628 2.9561289692310813 88.500000000000014 5.5000000000000009 1.0000000180025095e-35 1.5862281902591664 4.5000000000000009 1.4227507702095894 0.55000000000000016 4.5000000000000009 1.5575311628460653 30.350000000000005 0.15000000000000005 40.500000000000007 0 5.5000000000000009 1.266648351648352
decision_type=2 2 2 2 2 2 2 2 2 2 2 2 2 2 2 2 2 2 2 2 2 2 2 2 2 2 2 1 2 2
left_child=-1 2 3 4 5 6 -2 11 -9 -6 -5 -4 14 -12 16 -7 17 18 19 20 21 -3 -16 -22 26 -11 -18 -28 -10 -14
right_child=1 12 7 10 9 15 -8 8 28 25 13 -13 29 -15 22 -17 24 -19 -20 -21 23 -23 -24 -25 -26 -27 27 -29 -30 -31
leaf_value=-0.00072546181073040756 3.9468568639305926e-05 0.00019642162097344151 -0.010193641911406981 1.060418096402449e-05 -0.0019966964217749349 -5.3409216235200672e-07 -5.7006704820394827e-05 -0.003637286413455532 -0.0019818246628688584 -0.0027528379897499124 -0.00035727375250727 5.2666155475850077e-05 0.00086735750526902857 -0.003061684250650665 -0.0052224831750337028 -4.0733691020200528e-08 -0.022491098177456384 -0.021949579873485871 7.4606827881429369e-05 0.0021428871307843213 -0.0004396910563893464 -0.00026984832284600025 0.0035669845207674691 -0.0014173547050259751 -0.011109413007623914 -0.00178880871530257 0.019244723021005564 -0.0089445539160781136 0.00050064765780824527 0.027985888693854946
leaf_weight=27913 3747 4616 601 189 3335 911 917 825 582 1546 7295 4953 401689 300 7235 1067 907 2077 60504 2565 6582 902 2509 1977 7286 888 1558 1462 606 3453
leaf_count=27913 2029 2828 463 109 1631 551 511 439 458 1112 3989 2867 307705 206 4491 617 691 1651 38146 1583 3540 506 1817 1387 5640 570 1046 1094 454 1551
internal_value=-0.00155362 -0.000325934 -0.00590916 -0.00823595 -0.00424825 0.000993677 0.00539237 0.000300648 -0.00761302 -0.0102834 -0.014594 0.00316889 -1.91957e-05 -0.0151251 -0.000726193 -0.00937816 -0.000481556 -0.00020922 -7.58302e-05 -0.00172155 -0.0030493 0.00131388 -0.00299672 -0.00586225 -0.00240569 -0.00552588 7.0028e-05 0.0017053 -0.000841751 0.000155624
internal_weight=560997 533084 27762 20195 12411 6642 4664 7567 2013 5769 7784 5554 505322 7595 100180 1978 90436 79223 77146 16642 14077 5518 9744 8559 11213 2434 3927 3020 1188 405142
internal_count=417595 389682 16006 11325 7021 3708 2540 4681 1351 3313 4304 3330 373676 4195 64420 1168 58112 49641 47990 9844 8261 3334 6308 4927 8471 1682 2831 2140 912 309256
cat_boundaries=0 1
cat_threshold=3
is_linear=0
shrinkage=0.05


Tree=123
num_leaves=31
num_cat=0
split_feature=10 10 4 7 10 3 6 10 10 10 10 10 10 10 10 10 10 4 3 3 8 3 6 10 4 10 6 7 7 3
split_gain=6393.29 381.298 175.698 197.482 126.723 90.1416 96.8537 74.9673 47.5348 46.3231 36.1171 31.1532 26.6869 25.3608 21.9574 21.8474 54.092 64.8255 18.6808 19.6441 22.4269 17.4759 17.3626 16.0552 14.7795 22.1675 13.8317 13.4356 37.0659 13.075
threshold=1.0000000180025095e-35 0.95850667735212247 4.5000000000000009 30.550000000000004 0.64054847581383256 84.500000000000014 0.45000000000000007 0.71170035736632797 0.76340990904344486 0.43519700344886553 0.76340990904344486 0.8057344511571628 0.51550959266527385 0.43519700344886553 0.49808169478095882 1.5862281902591664 1.4227507702095894 4.5000000000000009 82.500000000000014 63.500000000000007 1.2981868131868135 88.500000000000014 0.15000000000000005 1.5011974239266535 5.5000000000000009 2.8569620660063166 3.4500000000000006 31.050000000000004 30.550000000000004 40.500000000000007
decision_type=2 2 2 2 2 2 2 2 2 2 2 2 2 2 2 2 2 2 2 2 2 2 2 2 2 2 2 2 2 2
left_child=-1 2 3 4 5 6 -2 13 -9 -5 -6 -11 14 -4 -8 16 -3 23 19 24 -21 -7 -12 -18 29 -26 -25 28 -15 -17
right_child=1 15 7 9 10 21 12 8 -10 11 22 -13 -14 27 -16 18 17 -19 -20 20 -22 -23 -24 26 25 -27 -28 -29 -30 -31
leaf_value=-0.00068918872019388714 3.7495140207338685e-05 0.00014291384580145117 -0.0096839598158366316 1.0073971915824931e-05 -0.0065440986252159111 -5.0738755423829225e-07 -5.4156369579372315e-05 -0.0035761783795905892 -0.0013047351625152693 -0.00033941006488190655 -0.0026151960902624175 -0.0027305252113226544 1.8040371131788913e-05 4.4581537169796626e-05 -5.4156369579372315e-05 0.0015261993677740061 -0.00048143294850593325 0.0016974577563697469 -0.0030089560806656258 0.0015524768877321462 0.03877833730025889 -3.869700646585983e-08 0.003571947604706938 -0.00041770650356987016 -0.009832903811179362 -0.0048359875797164614 -0.052603863952817645 5.0032847702058408e-05 -7.0082383222702662e-06 -0.00059870972790041876
leaf_weight=27890 3019 7740 610 205 3374 936 425 843 1141 7256 1561 329 899 1602 465 88985 4712 3010 56991 146161 2393 1065 900 3822 4469 29041 101 3020 394 157453
leaf_count=27890 1645 4800 458 113 1670 560 263 455 895 3998 1125 221 463 936 243 65495 2474 2042 41095 111991 1001 617 572 2468 3501 26667 89 1748 218 112263
internal_value=-0.00166375 -0.000442466 -0.00611717 -0.00853235 -0.00467415 -4.03877e-05 0.00367097 0.000367937 -0.00798891 -0.0147946 -0.0100814 -0.0154285 -0.00554779 0.00331497 -0.0116854 -0.000127258 -0.00177328 -0.00392658 -6.15354e-05 5.1575e-05 0.000516311 -0.00895802 -0.00547542 -0.00612913 -0.000195036 -0.00118024 -0.00376625 0.00448565 0.00130261 -6.10701e-05
internal_weight=560812 532922 28044 20434 12644 6809 4808 7610 1984 7790 5835 7585 1789 5626 890 504878 19385 11645 485493 428502 148554 2001 2461 8635 279948 33510 3923 5016 1996 246438
internal_count=417976 390086 16200 11490 7158 3791 2614 4710 1350 4332 3367 4219 969 3360 506 373886 11873 7073 362013 320918 112992 1177 1697 5031 207926 30168 2557 2902 1154 177758
is_linear=0
shrinkage=0.05


Tree=124
num_leaves=31
num_cat=0
split_feature=10 10 4 3 10 3 10 6 11 10 3 3 6 10 11 4 3 3 9 3 3 4 4 10 10 3 3 3 10 10
split_gain=6362.51 315.452 137.047 64.8263 64.217 60.6809 60.0225 54.1155 31.4062 23.0762 22.7328 20.054 14.9255 14.3072 15.4306 13.7927 13.1239 11.8093 14.0105 11.4879 15.7556 21.9399 17.604 14.7232 11.3833 11.0717 19.6397 11.3956 14.7108 12.2911
threshold=1.0000000180025095e-35 0.95850667735212247 4.5000000000000009 31.500000000000004 0.71170035736632797 79.500000000000014 0.76340990904344486 1.0000000180025095e-35 8.5000000000000018 0.43519700344886553 52.500000000000007 84.500000000000014 4.0000000000000009 45.060124023675868 181.50000000000003 3.5000000000000004 56.500000000000007 34.500000000000007 3.5000000000000004 33.500000000000007 57.500000000000007 3.5000000000000004 5.5000000000000009 1.5575311628460653 0.8057344511571628 48.500000000000007 41.500000000000007 82.500000000000014 1.5862281902591664 1.4227507702095894
decision_type=2 2 2 2 2 2 2 2 2 2 2 2 2 2 2 2 2 2 2 2 2 2 2 2 2 2 2 2 2 2
left_child=-1 2 3 -2 9 7 -6 24 19 -4 12 -7 -9 17 -15 -13 -12 18 -10 -3 21 23 -23 -21 -5 26 -19 28 -27 -29
right_child=1 8 4 5 6 11 -8 10 13 -11 16 15 -14 14 -16 -17 -18 25 -20 20 -22 22 -24 -25 -26 27 -28 29 -30 -31
leaf_value=-0.00065472928418419283 1.1927785201948372e-05 -0.00014708480924088276 -0.0091997618250447988 -0.00084402721797700593 -0.0032766131738032225 3.4060708588212753e-05 -0.00032055209669536828 -0.00013831673364113063 -3.1206580401277331e-05 4.753120531695299e-05 -0.00032243956163781063 -4.8201817652859808e-07 -9.518153182252651e-05 0.041488977821040156 0.43552391054760914 -3.6762156141456618e-08 -0.00036139082299136983 0.0017023216888248705 0.027822533040659181 -0.00039682117839137112 -0.0003137428680518473 0.00058458329262947031 -0.012631880211029456 -0.0015487998119639635 -0.0027720737775520088 -0.0005746320950432704 -0.0040811974359955096 0.00019714280547578067 0.0009905444141245169 -0.0010152326991941685
leaf_weight=27646 1282 20627 574 6779 846 1489 1141 2898 18239 4883 621 3162 224 2195 308 812 2966 49451 14889 2667 22785 6297 4341 7047 232 1600 53350 3536 240023 58052
leaf_count=27646 728 14283 432 3727 446 821 877 1500 14101 2847 357 1910 114 2011 208 502 1650 38035 11811 1479 15457 4231 3459 4701 162 1002 39410 2200 180427 41488
internal_value=-0.00161196 -0.000399575 -0.00557437 -0.00768752 0.000235089 -0.008415 -0.007461 -0.0101895 -0.000113819 0.00303738 -0.00697943 -0.00395845 -0.00385971 3.59453e-05 0.00380543 -0.00581278 -0.00969473 1.44601e-05 0.000922181 -0.00115112 -0.0016152 -0.00262628 -0.00105753 -0.00434425 -0.0132613 -5.96041e-05 -0.00050802 9.24274e-05 0.000247183 -0.000514711
internal_weight=560962 533316 27909 20465 7444 19183 1987 13720 505407 5457 6709 5463 3122 441643 2503 3974 3587 439140 33128 63764 43137 20352 10638 9714 7011 406012 102801 303211 241623 61588
internal_count=418022 390376 16073 11471 4602 10743 1323 7510 374303 3279 3621 3233 1614 330693 2219 2412 2007 328474 25912 43610 29327 13870 7690 6180 3889 302562 77445 225117 181429 43688
is_linear=0
shrinkage=0.05


Tree=125
num_leaves=31
num_cat=1
split_feature=10 10 4 7 10 3 6 10 10 10 10 10 11 3 10 10 3 8 4 7 0 3 9 3 3 5 7 3 7 7
split_gain=6474.29 295.23 133.511 263.94 78.4525 115.734 87.9552 63.9058 50.4433 48.1709 31.6586 29.9073 24.6179 16.9079 29.2278 20.8628 20.2496 16.0535 15.9183 20.1594 14.9225 13.6715 16.6817 13.6183 13.3457 12.8385 11.92 16.1443 15.3017 19.4704
threshold=1.0000000180025095e-35 0.95850667735212247 4.5000000000000009 30.550000000000004 0.64054847581383256 84.500000000000014 1.0500000000000003 0.71170035736632797 0.76340990904344486 0.43519700344886553 0.43519700344886553 0.8057344511571628 13.500000000000002 87.500000000000014 0.71170035736632797 0.76340990904344486 67.500000000000014 1.9196774193548392 5.5000000000000009 28.450000000000003 0 36.500000000000007 3.5000000000000004 48.500000000000007 88.500000000000014 1.0000000180025095e-35 31.650000000000002 47.500000000000007 30.550000000000004 31.050000000000004
decision_type=2 2 2 2 2 2 2 2 2 2 2 2 2 2 2 2 2 2 2 2 1 2 2 2 2 2 2 2 2 2
left_child=-1 2 3 4 5 6 -2 10 -9 -5 -4 -11 18 15 -15 16 -6 21 25 20 -20 22 -14 -8 -7 -3 28 -28 -12 -30
right_child=1 12 7 9 13 24 23 8 -10 11 26 -13 17 14 -16 -17 -18 -19 19 -21 -22 -23 -24 -25 -26 -27 27 -29 29 -31
leaf_value=-0.00062199281997498313 4.2536219879030226e-05 -0.00013389251561801707 -0.008739773733792559 9.5795323615144322e-06 -0.00054998367185233883 -4.5791726770438857e-07 -5.2139981261045688e-05 -0.0032335388019208988 -0.00036920875694285149 -0.00031552372495575743 3.997590004545804e-05 -0.0026334700886744057 0.00075717412769789056 0.0003169051928365696 -0.0051515507842081927 -0.0022391807635524603 -0.0073639845914860837 0.064447572101350131 0.030202549448488016 -0.0093255714772177978 -0.0058686605497966227 0.00016351969707666393 0.031940620552114045 -4.4532714418354939e-05 -1.266124731724716e-08 -0.013254720744705618 4.5154645051104228e-05 4.5154645051104228e-05 -9.0343866720021822e-06 4.8156807473437314e-05
leaf_weight=27911 3756 97449 586 220 1559 922 351 822 1212 7242 1592 324 18844 332 912 1785 1184 670 1366 16383 2637 346389 16742 566 1039 4201 688 1847 379 436
leaf_count=27911 2050 63483 452 122 763 556 185 444 928 3954 930 218 14822 174 618 1185 584 236 954 13431 2195 261275 13440 308 607 3515 336 1123 213 270
internal_value=-0.0015262 -0.00029567 -0.00531635 -0.00743859 -0.00290988 0.000798915 0.00507704 0.000350436 -0.00722714 -0.0146545 0.00313857 -0.0153251 -1.95668e-05 -0.00717256 -0.00200965 -0.00859099 -0.0113288 0.000177645 -0.000637927 -0.00191308 0.0012678 0.000164081 0.00109734 -0.00880589 -0.00939572 -0.000382194 0.00444152 0.00683432 0.00192148 -0.00365031
internal_weight=560346 532435 27754 20192 12406 6634 4673 7562 2034 7786 5528 7566 504681 5772 1244 4528 2743 382645 122036 20386 4003 381975 35586 917 1961 101650 4942 2535 2407 815
internal_count=417282 389371 16020 11324 7030 3706 2543 4696 1372 4294 3324 4172 373351 3324 792 2532 1347 289773 83578 16580 3149 289537 28262 493 1163 66998 2872 1459 1413 483
cat_boundaries=0 1
cat_threshold=1
is_linear=0
shrinkage=0.05


Tree=126
num_leaves=31
num_cat=0
split_feature=10 10 4 7 10 3 6 10 10 10 10 10 3 11 3 4 6 3 10 3 10 11 12 11 3 7 4 10 7 3
split_gain=6453.7 291.934 137.253 251.872 82.6235 121.187 79.1377 64.8904 53.7082 49.2003 28.487 23.2059 22.4758 22.3293 15.6216 15.3758 15.2908 14.9253 31.2 20.9612 16.9518 14.7273 15.1716 17.9901 12.7541 20.5606 11.3099 11.2678 11.129 17.451
threshold=1.0000000180025095e-35 0.95850667735212247 4.5000000000000009 30.550000000000004 0.64054847581383256 84.500000000000014 1.0500000000000003 0.71170035736632797 0.76340990904344486 0.43519700344886553 0.8057344511571628 0.43519700344886553 46.500000000000007 10.500000000000002 88.500000000000014 5.5000000000000009 0.65000000000000002 87.500000000000014 0.71170035736632797 35.500000000000007 0.76340990904344486 216.50000000000003 169.86895899438619 169.50000000000003 33.500000000000007 33.45000000000001 1.5000000000000002 41.784480259946307 31.750000000000004 47.500000000000007
decision_type=2 2 2 2 2 2 2 2 2 2 2 2 2 2 2 2 2 2 2 2 2 2 2 2 2 2 2 2 2 2
left_child=-1 2 3 4 5 6 -2 11 -9 -5 -11 -4 -8 15 -7 24 -17 19 -19 26 -21 22 23 -15 -3 -26 -6 -23 -13 -30
right_child=1 13 7 9 17 14 12 8 -10 10 -12 28 -14 21 -16 16 -18 18 -20 20 -22 27 -24 -25 25 -27 -28 -29 29 -31
leaf_value=-0.00059089317897623389 4.0408864369068098e-05 0.0004935126301109261 -0.008302785047102931 9.1153976107871685e-06 2.537167075500335e-05 -4.350214043213896e-07 6.1856474111726684e-05 -0.0030718618618248541 -0.00035074831909570614 -0.00029974753870797293 -0.0025017965842406898 3.10157124868482e-05 -4.386575330619369e-05 0.00017223562726780274 -1.2028184948054133e-08 -0.0088592929033568975 0.015281531195760246 0.0003010599331947417 -0.0048993779383661677 -0.0068290673386156133 -0.002777947320271357 0.081212200431287143 -0.04546716655805412 0.075197828980580805 -0.00042272315755247374 0.00030489735003715881 -0.00021061264359392153 0.40970605420418632 4.289691279855124e-05 4.289691279855124e-05
leaf_weight=27901 3752 20652 613 216 534 964 305 836 1160 7267 319 2499 657 410395 1076 13889 1770 323 921 2157 988 355 3684 2254 41606 9393 824 183 662 1736
leaf_count=27901 2054 13834 457 118 288 574 167 444 884 3983 215 1453 353 308095 620 11323 1304 169 623 1037 698 247 3336 1578 27194 5989 484 111 320 1060
internal_value=-0.00155963 -0.000330269 -0.00531752 -0.00745333 -0.00305376 0.000695884 0.00510182 0.000459632 -0.00726453 -0.0145027 -0.0151727 0.00325771 -0.00769231 -5.51885e-05 -0.00948529 -0.00078227 -0.00220161 -0.00746041 -0.00261254 -0.00879969 -0.0110413 9.70924e-05 8.64092e-05 0.000114928 -0.00047208 -0.000896586 -0.00360825 0.00836431 0.00440576 0.00683903
internal_weight=559891 531990 27809 20303 12501 6754 4714 7506 1996 7802 7586 5510 962 504181 2040 87310 15659 5747 1244 4503 3145 416871 416333 412649 71651 50999 1358 538 4897 2398
internal_count=416913 389012 16001 11383 7067 3768 2574 4618 1328 4316 4198 3290 520 373011 1194 59644 12627 3299 792 2507 1735 313367 313009 309673 47017 33183 772 358 2833 1380
is_linear=0
shrinkage=0.05


Tree=127
num_leaves=31
num_cat=0
split_feature=10 10 4 7 10 3 6 10 10 10 10 11 10 3 10 3 10 7 7 7 3 3 6 5 10 10 8 3 3 4
split_gain=6444.4 290.987 126.403 264.964 72.8125 116.75 76.5851 63.4525 50.5902 46.3981 29.3095 26.7033 24.9583 23.1952 34.4412 19.4916 17.4383 15.2575 19.1473 17.9522 16.2992 14.3828 13.9905 13.2262 13.6601 12.7776 13.3233 12.7391 12.4352 11.7968
threshold=1.0000000180025095e-35 0.95850667735212247 4.5000000000000009 30.550000000000004 0.64054847581383256 84.500000000000014 1.0500000000000003 0.71170035736632797 0.43519700344886553 0.76340990904344486 0.8057344511571628 8.5000000000000018 0.43519700344886553 87.500000000000014 0.71170035736632797 35.500000000000007 0.76340990904344486 31.650000000000002 30.550000000000004 31.050000000000004 81.500000000000014 48.500000000000007 0.45000000000000007 1.0000000180025095e-35 3.1735078661945892 41.784480259946307 1.3292396313364059 88.500000000000014 47.500000000000007 2.5000000000000004
decision_type=2 2 2 2 2 2 2 2 2 2 2 2 2 2 2 2 2 2 2 2 2 2 2 2 2 2 2 2 2 2
left_child=-1 2 3 4 5 6 -2 12 -5 -9 -10 -3 -4 15 -15 -6 -17 18 -14 20 -20 -8 -18 25 -25 -13 -27 -7 -19 -24
right_child=1 11 7 8 13 27 21 9 10 -11 -12 23 17 14 -16 16 22 28 19 -21 -22 -23 29 24 -26 26 -28 -29 -30 -31
leaf_value=-0.0005613485200274222 3.8388965666624754e-05 -0.00038136427130882244 -0.0078876457947477836 8.6596277302453114e-06 -7.9912172407303755e-05 -4.1327033410976101e-07 -4.7339694532688714e-05 -0.0027473334921450324 -0.00028476016177257922 -0.00053841344599393499 -0.0023767067550286569 0.00018115721496039241 3.6426319418841894e-05 0.00028600693653500487 -0.0044883261089296465 -0.0065228994959016353 -0.0027930866266588751 4.0752067158622568e-05 -1.0133452962735047e-05 4.4198181475424429e-05 0.00035402633548635524 -3.6123329149995169e-05 -0.0054473537417818246 -0.02866975340847755 -0.0087337607916641146 0.040063006294366946 0.46264009229336384 -1.1426775703426984e-08 4.0752067158622568e-05 0.042318132823825697
leaf_weight=27818 3737 63885 571 220 1393 928 378 862 7290 1138 325 427178 1600 354 933 2106 617 641 288 422 116 578 258 786 8443 4378 313 1063 1870 147
leaf_count=27818 2045 43559 433 120 803 554 200 446 4002 880 219 316862 940 178 625 1024 465 317 156 268 70 316 188 660 8121 4100 141 615 1126 69
internal_value=-0.00153897 -0.000314085 -0.005291 -0.00733876 -0.0028178 0.000740575 0.00504475 0.000253063 -0.0145469 -0.007375 -0.0152298 -3.97538e-05 0.00302288 -0.00691288 -0.000990676 -0.00859876 -0.0107896 0.00416751 0.00133965 -0.00484262 -0.0123762 -0.00758368 -0.00543053 9.86175e-05 -0.0017743 0.000138642 0.00273396 -0.00940482 0.00689964 0.00179012
internal_weight=560636 532818 27835 20327 12492 6684 4693 7508 7835 2000 7615 504983 5508 5808 1287 4521 3128 4937 2426 826 404 956 1022 441098 9229 431869 4691 1991 2511 405
internal_count=417320 389502 16059 11423 7082 3730 2561 4636 4341 1326 4221 373443 3310 3352 803 2549 1746 2877 1434 494 226 516 722 329884 8781 321103 4241 1169 1443 257
is_linear=0
shrinkage=0.05


Tree=128
num_leaves=31
num_cat=0
split_feature=10 10 7 4 10 10 10 6 10 10 7 3 10 11 4 10 7 6 3 10 4 6 7 4 7 7 3 11 12 7
split_gain=6465.57 225.452 181.576 288.505 120.378 107.445 61.3891 59.0992 51.155 47.6192 46.2132 33.7043 32.8718 26.2078 19.2404 15.4287 14.1741 15.0223 13.0014 12.9072 12.3939 15.7609 12.247 11.6695 11.5251 19.2943 13.8433 14.5616 18.7174 14.5714
threshold=1.0000000180025095e-35 0.95850667735212247 30.550000000000004 4.5000000000000009 0.71170035736632797 0.43519700344886553 0.76340990904344486 1.1500000000000001 0.43519700344886553 0.71170035736632797 31.050000000000004 89.500000000000014 0.8057344511571628 10.500000000000002 4.5000000000000009 0.76340990904344486 30.050000000000004 0.95000000000000007 33.500000000000007 0.64054847581383256 5.5000000000000009 0.25000000000000006 27.850000000000005 3.5000000000000004 25.450000000000003 25.550000000000004 82.500000000000014 180.50000000000003 176.31613070539422 31.050000000000004
decision_type=2 2 2 2 2 2 2 2 2 2 2 2 2 2 2 2 2 2 2 2 2 2 2 2 2 2 2 2 2 2
left_child=-1 2 4 8 5 16 -6 11 -4 10 -5 22 -10 18 -9 -11 17 -2 -3 23 21 -8 -7 -13 -15 -26 27 28 -27 -29
right_child=1 13 3 9 6 7 20 14 12 15 -12 19 -14 24 -16 -17 -18 -19 -20 -21 -22 -23 -24 -25 25 26 -28 29 -30 -31
leaf_value=-0.00053328109402605119 -0.0074932635050103938 8.5460597200300495e-05 8.2266463437341567e-06 -9.6267803145977396e-06 -0.0062998030716608922 2.7850645271820798e-05 -0.0019581627031339589 -3.8306624574635523e-05 -0.00027052215368394972 -0.0027809020941263586 3.8714463800693105e-05 -1.085543691603519e-08 -0.0021325390434027702 -0.011366673040889808 2.764361089156453e-05 -0.00061409404512073888 1.9721452934107208e-06 1.3735323945995859e-05 -0.00041064486042288186 0.00034197505547700624 0.0026054088083799221 0.0034475874396934837 4.7347137549830222e-05 8.5235193433408362e-05 0.043825674323195424 0.00092654608342339633 -0.00097891017192717209 0.11862415165234044 -0.087920912880591923 -0.092888122103833307
leaf_weight=27841 1626 24131 210 469 2029 1816 1982 1022 7225 450 3000 544 318 3804 180 508 136 203 63171 150 296 874 4567 300 825 351129 58168 1687 1223 426
leaf_count=27841 1124 16775 114 277 995 1012 1438 540 3975 230 1762 274 212 2736 98 382 64 127 42947 78 232 544 2413 172 485 266133 41502 1227 1185 328
internal_value=-0.00151104 -0.00028288 -0.00465777 -0.00924056 -0.00110811 0.00195846 -0.00734897 0.00437405 -0.0150555 0.000943077 0.0036682 0.00604921 -0.0157331 -4.09264e-05 -0.00590682 -0.00892484 -0.00858779 -0.00974576 -0.000828732 -0.00251509 -0.00298223 -0.0039916 0.00738289 -0.00491706 0.000123903 0.000149108 0.000133836 0.000251153 0.000226336 0.00438949
internal_weight=560310 532469 27905 12180 15725 10544 5181 8579 7753 4427 3469 7377 7543 504564 1202 958 1965 1829 87302 994 3152 2856 6383 844 417262 413458 412633 354465 352352 2113
internal_count=417222 389381 16063 6952 9111 5902 3209 4587 4301 2651 2039 3949 4187 373318 638 612 1315 1251 59722 524 2214 1982 3425 446 313596 310860 310375 268873 267318 1555
is_linear=0
shrinkage=0.05


Tree=129
num_leaves=31
num_cat=0
split_feature=10 10 7 4 10 10 10 10 6 3 7 10 4 10 11 3 10 10 4 12 10 3 4 4 6 5 10 10 6 7
split_gain=6465.18 163.739 223.282 287.08 144.962 60.3439 50.8811 48.2247 42.49 42.5711 39.7357 33.6033 24.2251 21.6348 20.4079 19.2307 14.4664 13.1975 17.6112 17.7281 13.0807 13.003 12.7526 12.5002 14.4589 12.4255 16.5849 14.3021 12.2624 11.0998
threshold=1.0000000180025095e-35 0.95850667735212247 30.550000000000004 4.5000000000000009 0.71170035736632797 0.71170035736632797 0.43519700344886553 0.76340990904344486 1.1500000000000001 83.500000000000014 31.050000000000004 0.8057344511571628 1.5000000000000002 0.64054847581383256 7.5000000000000009 81.500000000000014 1.4227507702095894 1.5011974239266535 4.5000000000000009 2.4137623969370092 0.76340990904344486 47.500000000000007 4.5000000000000009 5.5000000000000009 0.65000000000000002 1.0000000180025095e-35 3.2930849708769991 45.060124023675868 0.25000000000000006 31.750000000000004
decision_type=2 2 2 2 2 2 2 2 2 2 2 2 2 2 2 2 2 2 2 2 2 2 2 2 2 2 2 2 2 2
left_child=-1 2 4 6 8 10 -4 -6 9 28 15 -8 -10 -11 16 -5 -3 18 19 -18 -7 29 -14 -19 -25 27 -27 -16 -2 -12
right_child=1 14 3 5 7 20 11 -9 12 13 21 -13 22 -15 25 -17 17 23 -20 -21 -22 -23 -24 24 -26 26 -28 -29 -30 -31
leaf_value=-0.00050661703932474865 4.5255864973309246e-05 0.00016894333138011143 7.7930512255297568e-06 -9.1454412988634114e-06 -0.0059921406997160975 -0.0026418569894200439 -0.00025699604599975777 -0.0015238025619261908 -3.8548053436837648e-05 -1.0312665066347649e-08 -0.024740408155354599 0.013670267524462047 -2.8856546795402728e-05 0.000269339232830762 0.00013295782972777559 0.00034318266394411012 0.00048363218231081142 -0.00024871680816599041 0.00091849651401236803 -0.0003700890019159742 -0.0012899957571921418 3.6778740610660113e-05 2.6261430346985472e-05 -0.01039249051417146 0.019414326111104687 -0.026406552883860287 -0.0071713175057813716 0.078962073367973326 9.3275045003227152e-06 3.6778740610660113e-05
leaf_weight=27753 4202 3420 222 276 1938 414 7252 3116 409 2687 189 328 747 390 440238 217 176 35526 1070 2479 483 2176 197 8092 1096 1039 8585 2378 1891 711
leaf_count=27753 2250 2090 122 148 954 216 3992 2198 241 1669 125 218 389 204 326586 137 84 23786 694 1321 375 1334 103 6620 804 871 8243 2110 1061 341
internal_value=-0.00147325 -0.000245797 -0.00397827 -0.00902348 -4.81479e-06 0.00108598 -0.0148103 -0.00696478 0.00333793 0.00455834 0.00399972 -0.0155013 -0.00493348 -0.000235619 -3.96252e-05 -0.0091785 -0.000979097 -0.001201 -0.0040604 -0.00624294 -0.0105072 0.00611183 -0.000529661 -0.000962786 -0.00260666 6.81054e-05 -0.00170927 0.000106752 0.00697932 0.0111667
internal_weight=559697 531944 27845 12268 15577 4466 7802 5054 10523 9170 3569 7580 1353 3077 504099 493 51859 48439 3725 2655 897 3076 944 44714 9188 452240 9624 442616 6093 900
internal_count=417039 389286 16077 7008 9069 2676 4332 3152 5917 5184 2085 4210 733 1873 373209 285 35399 33309 2099 1405 591 1800 492 31210 7424 337810 9114 328696 3311 466
is_linear=0
shrinkage=0.05


Tree=130
num_leaves=31
num_cat=0
split_feature=10 10 7 4 10 10 10 6 3 10 7 10 10 11 4 7 4 3 10 10 4 4 7 10 5 7 7 6 7 10
split_gain=6508.67 162.47 228.577 267.7 123.901 66.748 51.3191 47.6226 41.5149 41.4233 40.7795 30.1581 27.4882 21.0046 19.1836 16.5387 16.0218 15.697 15.3335 29.1101 40.7189 17.1375 20.5926 13.6664 13.2884 11.2846 14.9312 12.1067 14.6299 13.2245
threshold=1.0000000180025095e-35 0.95850667735212247 30.450000000000003 4.5000000000000009 0.71170035736632797 0.43519700344886553 0.71170035736632797 1.1500000000000001 89.500000000000014 0.76340990904344486 31.050000000000004 0.49808169478095882 0.8057344511571628 13.500000000000002 3.5000000000000004 26.350000000000005 5.5000000000000009 32.500000000000007 1.4227507702095894 1.5862281902591664 4.5000000000000009 5.5000000000000009 28.450000000000003 0.76340990904344486 1.0000000180025095e-35 25.450000000000003 25.650000000000002 2.2500000000000004 26.450000000000003 23.313240005300027
decision_type=2 2 2 2 2 2 2 2 2 2 2 2 2 2 2 2 2 2 2 2 2 2 2 2 2 2 2 2 2 2
left_child=-1 2 4 5 7 -4 10 8 11 -6 -5 14 17 18 -2 -9 -11 -7 -3 20 -20 24 -23 -8 -21 -15 -27 28 -28 -29
right_child=1 13 3 6 9 12 23 15 -10 16 -12 -13 -14 25 -16 -17 -18 -19 19 21 -22 22 -24 -25 -26 26 27 29 -30 -31
leaf_value=-0.00048128618735851112 4.8105526503011701e-05 0.00016169568153285113 7.4033986642518817e-06 -8.6881692339169095e-06 -0.005692533664730293 0.00020397086919529683 -0.0025097641399490448 1.9813456462305923e-05 -9.7970318080342632e-09 -0.0017422427781472183 3.4939803580125163e-05 4.1262632509742979e-05 -0.0028347578413301824 -0.013067900517576626 -0.0071185998141266209 -3.4463890674063527e-05 0.0028738394424516756 -0.0002441462436997721 -0.0003557384673371633 -6.0592418787885906e-05 0.00097806434297563753 0.012787478447272682 -0.0082482433071641385 -0.0012181593683583403 -0.010777904063303723 0.034440057368305819 -0.015946665666433046 0.0033220071946027975 0.00026686685393997325 0.10366388120324277
leaf_weight=28003 1492 6348 243 584 1854 98 490 513 1191 2784 2997 5281 324 3478 771 821 281 7450 7501 83337 2781 3628 14440 531 3704 2176 6611 11591 356965 1974
leaf_count=28003 896 3926 125 334 922 50 248 275 707 1944 1763 2795 220 2522 555 459 213 4080 4399 55175 1903 2890 12040 405 3152 1412 5371 7163 272071 1278
internal_value=-0.0015048 -0.000268629 -0.00399657 -0.00892703 0.000186816 -0.01439 0.000706215 0.00336429 0.00470807 -0.00631734 0.00352555 0.00607768 -0.0151867 -6.39204e-05 0.00124834 -0.00543478 -0.00274878 -0.0157989 -0.000635992 -0.000767608 -0.00330675 -0.000519223 -0.00192052 -0.00918217 -0.000228341 0.000118014 0.000144009 0.000120181 6.54609e-05 0.0015868
internal_weight=560242 532239 27705 12717 14988 8115 4602 10069 8735 4919 3581 7544 7872 504534 2263 1334 3065 7548 121739 115391 10282 105109 18068 1021 87041 382795 379317 377141 363576 13565
internal_count=417296 389293 15991 7225 8766 4475 2750 5687 4953 3079 2097 4246 4350 373302 1451 734 2157 4130 83485 79559 6302 73257 14930 653 58327 289817 287295 285883 277442 8441
is_linear=0
shrinkage=0.05


Tree=131
num_leaves=31
num_cat=0
split_feature=10 10 7 4 10 10 6 10 3 7 10 10 11 10 10 3 10 4 6 4 3 10 8 10 10 4 4 12 7 5
split_gain=6470.72 146.276 246.488 298.226 137.447 49.7193 48.1165 45.785 42.8345 42.3736 35.9945 29.7942 20.1443 18.7102 17.4219 16.2515 15.4138 15.3312 19.2521 14.9354 13.9108 13.0995 12.3222 12.1043 26.8724 62.4481 17.6273 15.5913 13.0945 12.0029
threshold=1.0000000180025095e-35 0.95850667735212247 30.550000000000004 4.5000000000000009 0.71170035736632797 0.43519700344886553 0.8500000000000002 0.71170035736632797 89.500000000000014 31.050000000000004 0.76340990904344486 0.8057344511571628 13.500000000000002 0.49808169478095882 0.64054847581383256 85.500000000000014 0.76340990904344486 1.5000000000000002 1.0500000000000003 5.5000000000000009 47.500000000000007 0.53869740972179747 1.9196774193548392 1.4227507702095894 1.5575311628460653 4.5000000000000009 5.5000000000000009 2.4137623969370092 28.450000000000003 1.0000000180025095e-35
decision_type=2 2 2 2 2 2 2 2 2 2 2 2 2 2 2 2 2 2 2 2 2 2 2 2 2 2 2 2 2 2
left_child=-1 2 4 5 6 -4 8 9 13 15 -6 -7 23 -2 -10 -5 -9 18 21 -12 -11 -8 -14 -3 25 27 29 -25 -28 -26
right_child=1 12 3 7 10 11 17 16 14 20 19 -13 22 -15 -16 -17 -18 -19 -20 -21 -22 -23 -24 24 26 -27 28 -29 -30 -31
leaf_value=-0.00045722187799058557 3.0836296880815132e-05 0.00019016667554789813 7.0517810652231951e-06 -8.2537607722255057e-06 -0.0054005791998555271 -0.00023193893151478575 -1.8212075950208018e-06 -0.0023842759329515961 -9.3071802154121034e-09 3.3192813401117237e-05 -0.0016046158773555643 -0.0026930199492636755 0.0002844268317982568 3.9922996483438003e-05 0.00031143209371422567 0.00033283424542494556 -0.00091336344353082724 -6.1849117624523943e-06 -3.4897456231297588e-05 0.0027301474703290921 3.3192813401117237e-05 0.049899246176008508 0.063300273976925919 0.00047723749656213292 -6.6772020014571615e-05 0.001519577875936018 0.0080871741872218014 -0.00033448994770616619 -0.007945512891163754 -0.010727008032496488
leaf_weight=27805 2220 6299 205 319 2036 7355 112 456 1057 844 2815 320 381872 5040 173 168 521 1298 460 307 2237 103 694 205 85661 2154 3670 5433 14617 3814
leaf_count=27805 1386 3891 111 175 1006 4011 62 230 631 434 1969 216 289440 2662 89 106 399 688 264 233 1375 45 244 109 56825 1370 2938 2983 12197 3240
internal_value=-0.00148571 -0.00025781 -0.00377237 -0.00902817 0.000408104 -0.0149112 0.00370114 0.00117162 0.00533569 0.00379765 -0.00627181 -0.0155603 -6.23985e-05 0.00679752 -0.00329268 -0.0099076 -0.00841863 -0.00333249 -0.00944444 -0.00289878 0.00596397 0.00290698 0.000115928 -0.000622266 -0.000738616 -0.00357418 -0.000533583 -0.0063409 -0.00194811 -0.000244482
internal_weight=560270 532465 28046 12425 15621 7880 10463 4545 8490 3568 5158 7675 504419 7260 1230 487 977 1973 675 3122 3081 215 382566 121853 115554 7792 107762 5638 18287 89475
internal_count=417134 389329 16092 7057 9035 4338 5827 2719 4768 2090 3208 4227 373237 4048 720 281 629 1059 371 2202 1809 107 289684 83553 79662 4462 75200 3092 15135 60065
is_linear=0
shrinkage=0.05


Tree=132
num_leaves=31
num_cat=1
split_feature=10 10 7 4 10 6 10 3 10 7 4 10 10 10 11 4 3 7 10 4 8 10 3 9 10 7 7 10 11 0
split_gain=6466.3 134.923 243.248 274.181 97.3731 53.4076 49.0684 46.5565 44.8423 37.3761 31.0284 34.691 28.7464 25.1426 21.7736 21.2678 20.2381 16.9404 15.6633 15.5629 14.5271 12.8863 11.7092 13.4002 10.7372 10.3484 10.1422 9.28187 11.6098 10.5858
threshold=1.0000000180025095e-35 0.95850667735212247 30.550000000000004 4.5000000000000009 0.71170035736632797 0.8500000000000002 0.43519700344886553 89.500000000000014 0.71170035736632797 31.050000000000004 4.5000000000000009 0.76340990904344486 0.49808169478095882 0.8057344511571628 13.500000000000002 3.5000000000000004 81.500000000000014 30.050000000000004 0.76340990904344486 1.5000000000000002 1.8914956011730208 0.64054847581383256 36.500000000000007 7.5000000000000009 0.57943257550478033 28.350000000000005 28.250000000000004 45.060124023675868 133.50000000000003 0
decision_type=2 2 2 2 2 2 2 2 2 2 2 2 2 2 2 2 2 2 2 2 2 2 2 2 2 2 2 2 2 1
left_child=-1 2 4 6 5 7 -4 12 9 16 11 -6 15 -8 -3 -2 -5 -12 -10 -7 22 26 23 -16 -11 -14 -9 29 -29 -24
right_child=1 14 3 8 10 19 13 21 18 24 17 -13 25 -15 20 -17 -18 -19 -20 -21 -22 -23 27 -25 -26 -27 -28 28 -30 -31
leaf_value=-0.00043436078409105631 4.4158435333818696e-05 -0.00028853894233754249 6.6991920119635619e-06 -7.8410727336164505e-06 -0.0051378780215010078 -3.0995823328805459e-05 -0.00022034198493904312 -2.0979976542834234e-05 -0.0022650621363040193 3.1533172731063046e-05 0.00058208854868970763 -0.0016167215071058118 2.6890396485990122e-05 -0.002558368951800494 0.0088170808903424991 -0.0067642116382643294 0.00031619253315369748 -0.045515061959505339 -0.00099702948004108953 -2.1762321416796129e-05 0.066691897073918358 0.00029586048902851549 -0.0065990907453485461 0.068954517401719304 3.1533172731063046e-05 4.7276578085486692e-05 -8.8418212085272791e-09 -0.01522327152873988 0.11783135137739507 0.00026795285014199479
leaf_weight=27849 1471 121289 217 264 1596 685 7308 539 426 2267 911 2533 1783 301 33260 784 218 158 526 1254 707 157 82129 2253 798 3300 554 1017 1413 261996
leaf_count=27849 871 83385 119 144 760 377 3976 329 212 1397 619 1741 977 205 26380 554 138 114 402 676 247 85 69017 1781 420 1698 320 987 1203 190232
internal_value=-0.00151363 -0.000284432 -0.00365954 -0.00891886 0.000462639 0.00322742 -0.0145732 0.00491966 0.00091687 0.00350296 -0.00513659 -0.0071022 0.00643908 -0.0152418 -9.66147e-05 0.00174058 -0.00943983 0.00245557 -0.00871849 -0.00426766 8.83678e-05 -0.004 7.51175e-05 0.000939797 0.00553834 0.00852351 -0.00592406 -1.34899e-05 0.00306584 -3.52343e-05
internal_weight=559963 532114 28050 12325 15725 10527 7826 8588 4499 3547 5198 4129 7338 7609 504064 2255 482 1069 952 1939 382775 1250 382068 35513 3065 5083 1093 346555 2430 344125
internal_count=417215 389366 16134 7013 9121 5887 4300 4834 2713 2099 3234 2501 4100 4181 373232 1425 282 733 614 1053 289847 734 289600 28161 1817 2675 649 261439 2190 259249
cat_boundaries=0 1
cat_threshold=4
is_linear=0
shrinkage=0.05


Tree=133
num_leaves=31
num_cat=1
split_feature=10 10 7 4 10 6 10 7 4 10 10 10 10 11 10 3 10 10 4 4 7 0 3 4 3 3 3 12 10 7
split_gain=6490.48 123.951 281.829 273.153 105.333 67.5127 56.1379 48.6822 46.3277 45.348 37.1437 28.4775 27.9175 20.0141 18.3179 16.8586 15.1109 30.8573 38.138 13.0648 14.4596 13.2463 13.0073 12.9798 20.8181 16.5938 15.0856 12.4725 12.3368 12.0482
threshold=1.0000000180025095e-35 0.95850667735212247 30.550000000000004 4.5000000000000009 0.71170035736632797 0.45000000000000007 0.71170035736632797 31.050000000000004 4.5000000000000009 0.43519700344886553 0.76340990904344486 0.43519700344886553 0.8057344511571628 14.500000000000002 0.76340990904344486 85.500000000000014 1.4227507702095894 1.5011974239266535 4.5000000000000009 5.5000000000000009 28.450000000000003 0 34.500000000000007 1.5000000000000002 62.500000000000007 81.500000000000014 38.500000000000007 5.7578494514952849 43.798720862826471 30.350000000000005
decision_type=2 2 2 2 2 2 2 2 2 2 2 2 2 2 2 2 2 2 2 2 2 1 2 2 2 2 2 2 2 2
left_child=-1 2 4 9 5 11 7 15 10 -4 -6 -2 -11 16 -8 -5 -3 18 27 -19 21 -21 -15 24 26 -26 -7 -18 -24 -30
right_child=1 13 3 6 8 23 14 -9 -10 12 -12 -13 -14 22 -16 -17 17 19 -20 20 -22 -23 28 -25 25 -27 -28 -29 29 -31
leaf_value=-0.00041264274488650351 0.00033817265079795771 0.00019442048388541207 6.3679428781993064e-06 -7.449019096938958e-06 -0.0048809841204259579 1.9861162461154438e-05 -0.0021518090294888161 2.9956514094509058e-05 0.00073747474179305386 -0.00020932488569208596 -0.0015358854317505167 3.6616531996913614e-05 -0.0024304505042104687 0.017196151183740051 -0.0010671364471302237 0.00034773555246843673 -0.00015364556842152323 -0.00015051341854657176 0.00079849754986253138 0.028107794285585387 -0.00771574138907758 -0.0063660004613759428 0.00010172088963726346 -2.3689345185928802e-06 0.00013324784213770703 -4.7552871822187374e-05 -2.1902164730402965e-05 -0.00035472326620220599 0.10359456521260704 -0.0091079513183970565
leaf_weight=27814 1651 6642 214 318 1578 161 461 3067 1075 7303 2411 6060 317 23006 502 147 1056 100690 1481 1310 16255 2664 345245 1835 230 189 524 3043 1918 1517
leaf_count=27814 1083 4104 120 182 748 85 231 1803 739 4019 1669 3248 215 18276 392 93 546 67518 937 936 13513 2244 260861 989 116 117 292 1629 1660 1421
internal_value=-0.0014534 -0.000224351 -0.00345987 -0.00911874 0.000980018 0.00380282 0.00070634 0.00362401 -0.00495656 -0.0147562 -0.00743921 0.00626054 -0.0153937 -4.46192e-05 -0.00999481 -0.0114516 -0.000570636 -0.000692693 -0.00432796 -0.000524938 -0.00168446 0.00101912 0.000143804 -0.00264546 -0.00692935 0.00184964 -0.0122993 -0.00681264 6.78272e-05 0.00304949
internal_weight=560684 532870 28043 12329 15714 10650 4495 3532 5064 7834 3989 7711 7620 504827 963 465 133141 126499 5580 120919 20229 3974 371686 2939 1104 419 685 4099 348680 3435
internal_count=417600 389786 16141 7055 9086 5930 2701 2078 3156 4354 2417 4331 4234 373645 623 275 91427 87323 3112 84211 16693 3180 282218 1599 610 233 377 2175 263942 3081
cat_boundaries=0 1
cat_threshold=1
is_linear=0
shrinkage=0.05


Tree=134
num_leaves=31
num_cat=0
split_feature=10 10 7 4 10 10 6 7 4 10 10 3 10 10 11 3 3 3 12 3 7 7 3 7 10 10 6 10 10 4
split_gain=6431.98 134.275 273.637 299.09 96.4187 57.2184 54.2854 51.8246 44.7228 37.9144 35.8861 32.8558 32.7312 29.6824 16.7801 17.5684 28.1883 20.8708 16.0916 15.9163 15.1962 28.8813 21.366 19.5148 14.2287 13.3582 12.9516 12.92 32.026 38.1588
threshold=1.0000000180025095e-35 0.95850667735212247 30.550000000000004 4.5000000000000009 0.71170035736632797 0.71170035736632797 0.45000000000000007 31.050000000000004 4.5000000000000009 0.43519700344886553 0.76340990904344486 83.500000000000014 0.8057344511571628 0.64054847581383256 24.500000000000004 78.500000000000014 64.500000000000014 38.500000000000007 24.201774799796116 81.500000000000014 27.750000000000004 25.850000000000005 62.500000000000007 32.550000000000004 4.9687235835310579 0.76340990904344486 4.0000000000000009 1.4227507702095894 1.5011974239266535 4.5000000000000009
decision_type=2 2 2 2 2 2 2 2 2 2 2 2 2 2 2 2 2 2 2 2 2 2 2 2 2 2 2 2 2 2
left_child=-1 2 4 9 6 7 11 19 10 -4 -6 -2 -11 -13 18 16 17 -16 27 -5 21 -19 -23 -22 -25 -7 -8 -3 29 -29
right_child=1 14 3 5 8 25 26 -9 -10 12 -12 13 -14 -15 15 -17 -18 20 -20 -21 23 22 -24 24 -26 -27 -28 28 -30 -31
leaf_value=-0.00039201060764217836 3.6535552794514369e-05 0.00018541471107900165 6.0272829332685964e-06 -7.0765681420947864e-06 -0.0046369349144046558 -0.0020442185780143785 -4.2804019184217166e-06 2.8458688389781939e-05 0.00069186698010827077 -0.00019885864140748444 -0.0014590911601629953 -7.9066959390861058e-07 -0.0021835956051254879 0.00024863764331541918 0.016332817835287106 -0.0028759300582582806 0.015407907880301953 -0.025382455547592938 -0.012263227280574274 -5.9102643121067283e-05 -0.010010266105734189 0.013678226633717828 0.077308642516012188 -0.0084074952998288051 0.0056322288163995985 -0.0010110772780895227 -2.3888549994275735e-05 -0.0002685563725901119 -0.00015292774575711434 0.00075857267236940646
leaf_weight=27673 4782 7741 201 294 1578 451 2429 3036 1078 7331 2416 2448 326 432 29951 64350 64824 1973 29204 206 63208 11673 710 1253 42716 507 431 4661 180697 1633
leaf_count=27673 2580 4785 117 156 754 225 1343 1762 748 4023 1662 1506 218 210 24309 48100 51860 1529 23890 132 49240 7497 440 821 34176 393 219 2425 123607 1029
internal_value=-0.00149751 -0.000276223 -0.0036499 -0.00920903 0.000753495 0.00107922 0.00348318 0.00401584 -0.00490931 -0.0150929 -0.00734852 0.00567737 -0.0156556 0.00145833 -8.93788e-05 0.000168176 0.000383943 1.05622e-05 -0.000412171 -0.0109 -0.000280788 0.00124687 0.00214205 -0.000485412 0.000323523 -0.00975992 -0.0023951 -0.000248033 -0.000330898 -0.00383699
internal_weight=560213 532540 27946 12352 15594 4494 10522 3536 5072 7858 3994 7662 7657 2880 504594 280658 216308 151484 223936 500 121533 14356 12383 107177 43969 958 2860 194732 186991 6294
internal_count=417429 389756 16048 7026 9022 2668 5858 2050 3164 4358 2416 4296 4241 1716 373708 217972 169872 118012 155736 288 93703 9466 7937 84237 34997 618 1562 131846 127061 3454
is_linear=0
shrinkage=0.05


Tree=135
num_leaves=31
num_cat=0
split_feature=10 10 7 4 10 4 7 10 10 10 10 6 3 10 10 10 4 11 3 3 7 3 12 10 10 11 8 12 11 12
split_gain=6524.19 147.106 259.433 296.119 93.9244 47.6735 45.4002 45.3344 43.6973 41.5188 37.3308 36.1437 46.9161 24.4911 18.5432 15.6484 13.8496 13.6942 12.9535 12.0214 12.3094 10.2465 11.9741 12.5324 10.1636 16.1931 10.9817 10.3237 18.7193 16.5527
threshold=1.0000000180025095e-35 0.95850667735212247 30.550000000000004 4.5000000000000009 0.71170035736632797 4.5000000000000009 31.050000000000004 0.43519700344886553 0.71170035736632797 0.76340990904344486 0.8057344511571628 0.45000000000000007 89.500000000000014 0.76340990904344486 0.49808169478095882 0.64054847581383256 5.5000000000000009 8.5000000000000018 81.500000000000014 47.500000000000007 31.750000000000004 33.500000000000007 6.1164893908495186 1.4227507702095894 41.784480259946307 224.00000000000003 1.3292396313364059 124.27904564315354 117.50000000000001 99.804933645079146
decision_type=2 2 2 2 2 2 2 2 2 2 2 2 2 2 2 2 2 2 2 2 2 2 2 2 2 2 2 2 2 2
left_child=-1 2 4 7 11 9 18 -4 19 -6 -9 12 14 -10 -2 -14 -13 -3 -5 20 -8 -19 -23 -24 27 26 -26 28 29 -25
right_child=1 17 3 6 5 -7 8 10 13 -11 -12 16 15 -15 -16 -17 -18 21 -20 -21 -22 22 23 24 25 -27 -28 -29 -30 -31
leaf_value=-0.00037241007726006943 3.5061755952092714e-05 -0.00024832765492863732 5.7481815876225807e-06 -0.00041844947802718304 -0.0044050881686844238 0.00066600765569798661 -0.048284791109206575 -0.00018891570933711189 -0.001942007649113664 -0.0013861366021548417 0.044689962835013058 -1.6002791958613648e-05 -1.7996928503016818e-06 4.925256013191826e-05 3.4708775154790318e-05 0.0002668047558114728 2.5687514487332531e-05 0.0093741952109667182 -0.00084326731977805167 2.7035753970294785e-05 2.7035753970294785e-05 -0.00042253144339694516 0.00027925014200999023 5.2995355171962333e-05 0.02065869958482143 0.37075628812718836 0.25217076297455088 -0.016645728297776909 0.038118438909778646 -0.022023050011677904
leaf_weight=28000 2048 63582 202 360 1559 1061 173 7400 337 2433 322 2695 1027 421 4242 166 219 27716 277 2151 661 1010 3691 362813 4523 164 246 20011 7341 14390
leaf_count=28000 1280 43374 112 208 749 737 117 4064 167 1675 210 1471 619 311 2262 88 115 21534 191 1317 315 576 2265 266365 4251 98 118 17377 5167 13058
internal_value=-0.00147437 -0.000239057 -0.00378324 -0.00920026 0.000530744 -0.00506135 0.00123288 -0.0149672 0.00333289 -0.00756513 -0.0155789 0.00324853 0.0050882 -0.00738786 0.0068124 -0.00400251 -0.00147563 -4.44621e-05 -0.0111068 0.00605528 0.0111511 5.42537e-05 -8.02774e-06 5.26406e-06 -2.08797e-05 0.00223495 0.00170371 -4.83865e-05 9.23171e-06 -3.9435e-05
internal_weight=561241 533241 27754 12304 15450 5053 4380 7924 3743 3992 7722 10397 7483 758 6290 1193 2914 505487 637 2985 834 441905 414189 413179 409488 4933 4769 404555 384544 377203
internal_count=418191 390191 16008 7012 8996 3161 2626 4386 2227 2424 4274 5835 4249 478 3542 707 1586 374183 399 1749 432 330809 309275 308699 306434 4467 4369 301967 284590 279423
is_linear=0
shrinkage=0.05


Tree=136
num_leaves=31
num_cat=0
split_feature=10 10 7 4 10 10 4 10 10 6 3 10 10 11 8 10 4 12 7 4 10 10 4 12 4 7 5 6 4 10
split_gain=6495.59 120.793 234.536 334.72 81.8547 50.6332 42.3583 47.24 39.9464 39.2965 50.2335 28.315 22.619 17.626 18.6017 16.7008 12.7216 11.5541 11.3444 11.2933 10.0321 19.8302 28.3428 12.813 10.7439 12.4931 12.0789 10.1143 13.8405 10.01
threshold=1.0000000180025095e-35 0.95850667735212247 30.550000000000004 4.5000000000000009 0.71170035736632797 0.71170035736632797 4.5000000000000009 0.76340990904344486 0.43519700344886553 0.45000000000000007 89.500000000000014 0.8057344511571628 0.49808169478095882 13.500000000000002 1.8914956011730208 0.76340990904344486 3.5000000000000004 5.9425759502908759 29.950000000000003 5.5000000000000009 1.4227507702095894 1.5011974239266535 4.5000000000000009 2.5967959110769154 5.5000000000000009 33.650000000000013 1.0000000180025095e-35 0.55000000000000016 4.5000000000000009 0.64054847581383256
decision_type=2 2 2 2 2 2 2 2 2 2 2 2 2 2 2 2 2 2 2 2 2 2 2 2 2 2 2 2 2 2
left_child=-1 2 4 8 9 -5 7 -6 -4 10 12 -10 16 20 -15 -7 -2 -17 -18 -11 27 22 23 -22 26 -26 -23 -3 -29 -12
right_child=1 13 3 5 6 15 -8 -9 11 19 29 -13 -14 14 -16 17 18 -19 -20 -21 21 24 -24 -25 25 -27 -28 28 -30 -31
leaf_value=-0.00035378957339706596 3.6539821529951723e-05 0.00018743757036097098 5.4385097072229275e-06 2.5683966271777826e-05 -0.0041848337602502063 -0.0018449072666579802 0.00034427534812666032 -0.0012769738471487769 -0.00017946992387025685 -1.7150215428352044e-05 -6.6115147170364716e-07 -0.0044342463404943187 3.3171052067282328e-05 0.00032187191097554266 0.071376132215176108 4.6789932125324012e-05 -0.0064446232432089209 -0.046224531840794586 0.00033530016667824387 2.4403138762968404e-05 0.00011199552501530708 -7.158561445812506e-05 0.00073306042149736685 -0.00026813637592547622 -0.0039519559611032378 -0.011786529509433687 -0.011023514327664153 -0.00023591127218220987 0.015084730009895575 0.00025346451802090163
leaf_weight=27819 1289 5313 193 3428 1557 435 1073 2435 7312 2614 1051 306 4334 382109 745 403 560 102 181 215 317 87300 1477 3695 15519 3156 3878 783 169 140
leaf_count=27819 763 3353 109 2020 745 223 735 1681 4012 1438 627 206 2284 289597 259 293 420 96 101 117 159 57792 939 1943 12749 2674 3304 437 91 78
internal_value=-0.0014472 -0.0002158 -0.00343492 -0.00862345 0.000655382 0.00246108 -0.00455577 -0.00692635 -0.014822 0.00319723 0.00507942 -0.0153912 0.00684318 -3.94976e-05 0.000127072 -0.00781915 0.00248768 -0.00163366 -0.00273279 -0.00182927 -0.000563907 -0.000669747 -0.00360266 -0.00578265 -0.000523199 -0.0016158 -0.000299414 0.00138468 -0.00336134 -0.00434509
internal_weight=559908 532089 27628 12179 15449 4368 5065 3992 7811 10384 7555 7618 6364 504461 382854 940 2030 505 741 2829 121607 115342 5489 4012 109853 18675 91178 6265 952 1191
internal_count=417064 389245 15948 6959 8989 2632 3161 2426 4327 5828 4273 4218 3568 373297 289856 612 1284 389 521 1555 83441 79560 3041 2102 76519 15423 61096 3881 528 705
is_linear=0
shrinkage=0.05


Tree=137
num_leaves=31
num_cat=0
split_feature=10 10 7 4 10 3 10 4 10 3 6 10 4 10 10 11 12 11 12 11 12 11 12 11 11 10 10 7 12 10
split_gain=6516 102.16 219.931 371.624 85.336 62.9067 51.9935 46.1572 40.5543 39.8393 52.0874 23.6006 21.4008 17.9614 17.6839 16.9337 17.7606 17.7998 16.7858 33.9397 21.3003 18.9023 20.154 28.4001 17.3573 16.6941 15.9759 14.2812 13.7844 13.2422
threshold=1.0000000180025095e-35 0.8057344511571628 30.550000000000004 4.5000000000000009 0.71170035736632797 84.500000000000014 0.71170035736632797 4.5000000000000009 0.76340990904344486 89.500000000000014 1.1500000000000001 0.76340990904344486 1.5000000000000002 0.49808169478095882 0.64054847581383256 26.500000000000004 32.546129784200339 37.500000000000007 53.300255939201882 63.500000000000007 69.196973395167205 88.500000000000014 120.56933893294615 133.50000000000003 56.500000000000007 13.858186586736609 5.3496000346027941 28.050000000000004 30.892288971952684 20.417111606053211
decision_type=2 2 2 2 2 2 2 2 2 2 2 2 2 2 2 2 2 2 2 2 2 2 2 2 2 2 2 2 2 2
left_child=-1 2 4 5 9 -4 -5 8 -6 10 13 -8 -12 -2 -11 28 26 -18 24 -20 29 -22 -23 -24 -19 -26 -17 -15 -3 -21
right_child=1 15 3 6 7 -7 11 -9 -10 14 12 -13 -14 27 -16 16 17 18 19 20 21 22 23 -25 25 -27 -28 -29 -30 -31
leaf_value=-0.00033610009472721266 2.2690012889731161e-05 -0.00013783887720613121 -0.00017049642767674733 2.4399767958188657e-05 -0.0039755920722376993 5.1888470228800281e-06 -0.0017526619033250814 0.00061549350550675348 -0.0016631005568382151 -1.6766506341969746e-06 -2.7655606147714008e-05 4.4450435519055589e-05 -1.9002056129417227e-05 1.8494281061021136e-05 0.00024078016071935049 -0.00029960760467201419 -0.0087089474219171469 0.0050569678428272983 -0.015949640812822085 0.014278283944624213 -0.01172377146910657 0.021827156819632876 -0.034348575772491154 0.015721743745729811 0.016692893775937634 0.094675801970477327 0.017056160172725442 3.5943760823881067e-05 -0.016209334752025042 0.10725230810320759
leaf_weight=27889 2366 229745 7086 3569 1643 400 446 742 1243 1143 376 297 886 1887 171 10201 37253 54799 32093 9765 27839 30016 10289 14930 5438 2454 27695 3648 11212 2255
leaf_count=27889 1498 158299 3894 2073 785 212 224 476 809 673 222 205 476 1025 91 6373 30151 39949 27639 6535 24369 23616 9611 12200 3480 1642 18893 1888 9994 1715
internal_value=-0.00144156 -0.000206294 -0.00326893 -0.00830649 0.0009447 -0.0150414 0.0033859 -0.00566428 -0.00852391 0.00323327 0.00440085 -0.00864738 -0.0050317 0.00590748 -0.00490868 -4.95075e-05 0.000226298 5.91069e-05 0.000255164 -7.48897e-05 0.000399605 0.000114958 0.000650403 -0.00039157 0.000924774 0.00311708 0.00122836 0.00746612 -0.000352864 0.00236689
internal_weight=559776 531887 25903 11798 14105 7486 4312 3628 2886 10477 9163 743 1262 7901 1314 505984 265027 227131 189878 127187 95094 83074 55235 25219 62691 7892 37896 5535 240957 12020
internal_count=416906 389017 14551 6608 7943 4106 2502 2070 1594 5873 5109 429 698 4411 764 374466 206173 180907 150756 105685 78046 69796 45427 21811 45071 5122 25266 2913 168293 8250
is_linear=0
shrinkage=0.05


Tree=138
num_leaves=31
num_cat=0
split_feature=10 10 7 4 10 3 6 10 3 4 10 10 4 10 10 11 10 10 4 7 6 3 10 11 12 6 12 11 11 12
split_gain=6489.75 104.183 215.927 334.264 80.3246 79.2731 46.3904 42.2611 40.5185 39.3699 49.3779 29.4915 19.9893 17.8565 15.8803 15.8233 15.3377 14.7457 12.2992 13.0914 11.7479 10.5598 10.5241 10.7333 10.3155 10.1761 10.0787 8.98018 8.90493 22.9754
threshold=1.0000000180025095e-35 0.95850667735212247 30.550000000000004 4.5000000000000009 0.71170035736632797 84.500000000000014 1.1500000000000001 0.71170035736632797 89.500000000000014 4.5000000000000009 0.76340990904344486 0.76340990904344486 1.5000000000000002 0.8057344511571628 0.49808169478095882 6.5000000000000009 0.49808169478095882 0.64054847581383256 3.5000000000000004 29.950000000000003 0.45000000000000007 33.500000000000007 45.060124023675868 181.50000000000003 164.60710580912865 0.15000000000000005 152.0995878211354 191.50000000000003 101.50000000000001 85.071187741763552
decision_type=2 2 2 2 2 2 2 2 2 2 2 2 2 2 2 2 2 2 2 2 2 2 2 2 2 2 2 2 2 2
left_child=-1 2 4 5 6 13 8 14 16 10 -6 -9 -8 -4 -5 21 18 25 -2 -20 -18 -3 24 26 28 -10 -24 -26 29 -17
right_child=1 15 3 7 9 -7 12 11 17 -11 -12 -13 -14 -15 -16 22 20 -19 19 -21 -22 -23 23 -25 27 -27 -28 -29 -30 -31
leaf_value=-0.00031929508999085205 3.3578329808969797e-05 -1.7375841860900465e-06 -0.00016197160629290999 -0.0075087981892508031 -0.0037768124686258123 4.9294046717385249e-06 -2.5488590715564792e-05 -0.0016650288081588305 -5.4426136640861606e-07 0.00058471883023141771 -0.0011537527122113312 4.2227913743103643e-05 -1.8701141012167356e-05 -0.0042056420796092956 2.3179779560278393e-05 9.983346132308076e-05 2.9517595752498463e-05 0.0002287522840838885 -0.0061235265816929618 0.00030795083605698973 3.6076095819737032e-06 -0.00065178625930841785 0.10911383586343781 0.30293604627163262 -0.047855887863264716 -4.9521408505888902e-05 -0.030036070045384555 0.021766416026196111 0.011492769851913566 -0.019138459371751182
leaf_weight=27791 1553 16070 7030 598 1569 521 434 448 1027 1022 2496 511 930 183 2913 397688 4405 161 625 190 1137 24153 1113 294 3660 104 1083 1050 33366 26116
leaf_count=27791 925 11018 3884 412 743 295 250 226 605 706 1704 387 498 123 1659 288924 2331 83 467 104 587 16503 979 204 3402 56 1023 812 26714 23912
internal_value=-0.00144496 -0.000215513 -0.0031922 -0.00817765 0.000694755 -0.0144686 0.00318001 0.00270694 0.00445555 -0.00446727 -0.00667282 -0.00659541 -0.00542522 -0.0158291 0.00524779 -5.11799e-05 0.00579646 -0.00375387 0.00242821 -0.00254601 0.00723565 -0.00100254 3.12251e-05 0.00327309 1.37482e-05 -0.00576923 0.00207195 -0.00231423 3.77321e-05 -2.41857e-05
internal_weight=560241 532450 27857 12204 15653 7734 10566 4470 9202 5087 4065 959 1364 7213 3511 504593 7910 1292 2368 815 5542 40223 464370 2490 461880 1131 2196 4710 457170 423804
internal_count=417327 389536 16045 6986 9059 4302 5906 2684 5158 3153 2447 613 748 4007 2071 373491 4414 744 1496 571 2918 27521 345970 2206 343764 661 2002 4214 339550 312836
is_linear=0
shrinkage=0.05


Tree=139
num_leaves=31
num_cat=1
split_feature=10 10 4 3 3 6 3 10 10 10 10 11 12 4 3 6 6 6 8 10 10 4 5 12 11 0 6 12 10 11
split_gain=6490.08 105.683 152.842 78.6562 77.4603 43.9296 37.7855 30.4718 23.8525 22.4955 17.9029 16.1708 18.5036 15.7623 15.2367 14.9716 15.502 14.7842 14.034 13.7942 27.8604 31.9339 14.4576 12.7838 19.2287 15.9959 15.986 15.6651 21.3866 19.9055
threshold=1.0000000180025095e-35 0.95850667735212247 4.5000000000000009 78.500000000000014 31.500000000000004 1.0000000180025095e-35 47.500000000000007 0.76340990904344486 0.43519700344886553 0.71170035736632797 0.71170035736632797 17.500000000000004 20.306982767699733 1.0000000180025095e-35 89.500000000000014 0.25000000000000006 4.0000000000000009 0.15000000000000005 1.9196774193548392 1.4227507702095894 1.5011974239266535 4.5000000000000009 1.0000000180025095e-35 28.01598460414575 34.500000000000007 0 2.1500000000000008 42.227187031407645 11.749554492686221 56.500000000000007
decision_type=2 2 2 2 2 2 2 2 2 2 2 2 2 2 2 2 2 2 2 2 2 2 2 2 2 1 2 2 2 2
left_child=-1 2 3 4 -2 7 13 -6 -4 -10 14 12 19 17 -5 -8 -17 -7 23 -3 21 -21 -22 -13 25 -25 -27 28 -26 -29
right_child=1 11 8 10 5 6 15 -9 9 -11 -12 18 -14 -15 -16 16 -18 -19 -20 20 22 -23 -24 24 27 26 -28 29 -30 -31
leaf_value=-0.00030333033549130941 5.487542399223167e-05 0.00016139878134894259 -0.0058173502526083134 7.4920304422188002e-06 -0.00011858750176145794 3.4588085751724455e-05 -0.00014466688457841494 -0.0022866149848851714 2.2020790582266694e-05 -0.0011507570171862657 -0.0027707478433664835 0.0016325338308405659 -0.018353800636878859 1.6983376541829245e-05 -5.1704829808763007e-07 -0.00014271932151075362 -2.4998396304543036e-05 -0.0041723185983376602 0.084923167516871179 -0.00022816957410437175 -9.1036357995359174e-05 0.00073588865724822934 -0.011270172626577047 -0.00062243959604475492 0.0031734432839788163 -0.021546677811572757 0.042577278490388587 -0.0088648299599787712 0.047098611435616805 0.003960854089343613
leaf_weight=27805 1325 7337 591 3162 5601 114 1995 1107 4851 1994 1309 80379 12162 1935 1205 2148 276 171 522 4385 135484 1512 3751 27533 32100 22110 684 54490 8180 114096
leaf_count=27805 731 4519 447 1818 2973 58 1117 761 2815 1332 881 54209 10188 973 673 1182 142 111 180 2289 92152 958 3173 21483 21824 18722 464 44472 6042 92806
internal_value=-0.00145053 -0.000220888 -0.00322308 -0.00546491 -0.00739845 -0.00854312 -0.00565974 -0.0113968 0.00291151 0.00374361 -0.000466878 -5.56243e-05 -0.000462398 -0.000337838 0.00107053 -0.00833333 -0.00569307 -0.0113158 0.000141284 -0.000312687 -0.000419618 -0.00378582 -0.00027705 0.000128691 -4.21501e-05 -0.000919487 -0.00189879 0.000169247 0.00105511 -4.24116e-05
internal_weight=560314 532509 27784 20348 14672 13347 6639 6708 7436 6845 5676 504725 164631 2220 4367 4419 2424 285 340094 152469 145132 5897 139235 339572 259193 50327 22794 208866 40280 168586
internal_count=417300 389495 16014 11420 8048 7317 3583 3734 4594 4147 3372 373481 113279 1142 2491 2441 1324 169 260202 103091 98572 3247 95325 260022 205813 40669 19186 165144 27866 137278
cat_boundaries=0 1
cat_threshold=9
is_linear=0
shrinkage=0.05


Tree=140
num_leaves=31
num_cat=0
split_feature=10 10 7 4 10 3 6 4 10 3 10 10 10 4 10 5 7 10 4 10 3 10 12 11 12 11 8 6 7 4
split_gain=6521.06 103.861 223.262 331.484 87.0441 69.7576 45.1785 40.916 49.8861 40.5841 40.5667 27.4389 18.9917 18.4568 15.4151 12.8257 12.5871 12.5444 11.8972 11.7751 11.7066 10.7879 16.0312 15.095 17.3154 20.9963 12.2452 10.6956 12.0761 11.4431
threshold=1.0000000180025095e-35 0.95850667735212247 30.550000000000004 4.5000000000000009 0.71170035736632797 84.500000000000014 1.1500000000000001 4.5000000000000009 0.76340990904344486 89.500000000000014 0.71170035736632797 0.76340990904344486 0.49808169478095882 1.5000000000000002 0.8057344511571628 1.0000000180025095e-35 28.350000000000005 0.64054847581383256 4.5000000000000009 0.43519700344886553 33.500000000000007 24.582108491562828 85.071187741763552 66.500000000000014 53.300255939201882 47.500000000000007 1.6265161290322585 0.25000000000000006 25.550000000000004 1.0000000180025095e-35
decision_type=2 2 2 2 2 2 2 2 2 2 2 2 2 2 2 2 2 2 2 2 2 2 2 2 2 2 2 2 2 2
left_child=-1 2 4 5 6 14 9 8 -6 12 19 -12 18 -8 20 21 -14 -11 -2 -5 -4 22 23 24 25 -3 27 -23 -29 -30
right_child=1 15 3 10 7 -7 13 -9 -10 17 11 -13 16 -15 -16 -17 -18 -19 -20 -21 -22 26 -24 -25 -26 -27 -28 28 29 -31
leaf_value=-0.00028816381871674395 3.5901604171972855e-05 -4.1614733891304212e-05 -0.0015855708006657331 -0.0068424907671578473 -0.0035820424701064504 4.3083329160364947e-06 -1.6686077541872014e-05 0.00036225543392837681 -0.00095752768443243543 -1.5397526192617584e-06 -0.0015242395168915792 9.7654368915262024e-05 1.4992647691230987e-05 -1.4832473866455144e-05 -0.0038810292263845693 -0.008375091311984063 3.373891692463049e-05 0.00022371311804410176 -0.0055264827399778976 2.0919751053155578e-05 -0.00014663968174934985 0.003540521457646939 -0.015850149877904673 0.012762360466520928 -0.012666631752199998 0.013866715492395532 0.22295690000392732 -0.10345557893032736 -0.032620159642820216 0.054030276687601568
leaf_weight=27899 1900 336780 106 159 1565 504 410 1069 2426 1087 434 513 2178 930 175 11811 3357 173 464 3285 7027 33540 29150 24990 32828 24738 346 399 1290 8680
leaf_count=27899 1158 236730 54 123 749 286 238 741 1654 645 218 393 1198 494 119 10883 1721 93 340 1909 3855 30350 24128 18148 27478 17036 118 363 1122 7056
internal_value=-0.00143637 -0.000201385 -0.00317881 -0.00824183 0.000792146 -0.0144201 0.00338842 -0.00459486 -0.00692182 0.00464297 0.00274994 -0.00641499 0.00597227 -0.00518657 -0.0156609 -3.75581e-05 0.00757453 -0.00369048 0.00222081 0.00527003 -0.0160206 1.47136e-06 -7.20201e-05 6.79646e-06 -6.87214e-05 3.11188e-05 0.000746243 0.000672413 0.0020759 0.00241725
internal_weight=560213 532314 27762 12203 15559 7812 10499 5060 3991 9159 4391 947 7899 1340 7308 504552 5535 1260 2364 3444 7133 492741 448486 419336 394346 361518 44255 43909 10369 9970
internal_count=417299 389400 15988 6957 9031 4314 5887 3144 2403 5155 2643 611 4417 732 4028 373412 2919 738 1498 2032 3909 362529 323520 299392 281244 253766 39009 38891 8541 8178
is_linear=0
shrinkage=0.05


Tree=141
num_leaves=31
num_cat=1
split_feature=10 10 4 3 3 6 10 10 10 10 10 3 6 6 10 11 3 10 3 3 3 3 8 3 3 9 6 10 0 11
split_gain=6511.27 97.8429 175.554 78.1991 67.0858 48.7117 34.9265 26.9288 29.0059 24.8163 16.4661 15.9322 16.4616 16.1331 15.0568 13.5676 13.0389 11.6441 11.5408 23.2611 11.5048 11.3265 12.1951 10.2383 11.3948 13.569 13.446 15.1257 18.7637 12.8704
threshold=1.0000000180025095e-35 0.95850667735212247 4.5000000000000009 78.500000000000014 39.500000000000007 1.0000000180025095e-35 0.71170035736632797 0.43519700344886553 0.71170035736632797 0.76340990904344486 0.71170035736632797 47.500000000000007 0.25000000000000006 0.95000000000000007 0.76340990904344486 10.500000000000002 89.500000000000014 0.49808169478095882 33.500000000000007 70.500000000000014 59.500000000000007 82.500000000000014 1.8457336523126002 63.500000000000007 40.500000000000007 5.5000000000000009 4.2500000000000009 26.024200659470726 0 44.500000000000007
decision_type=2 2 2 2 2 2 2 2 2 2 2 2 2 2 2 2 2 2 2 2 2 2 2 2 2 2 2 2 1 2
left_child=-1 2 3 4 6 9 -2 -4 -9 -6 16 -7 -13 17 -8 -3 -5 -14 -10 -20 -15 22 23 24 25 -17 -26 28 -28 -30
right_child=1 15 7 10 5 11 14 8 18 -11 -12 12 13 20 -16 21 -18 -19 19 -21 -22 -23 -24 -25 26 -27 27 -29 29 -31
leaf_value=-0.00027375562778090672 2.9504801920754445e-05 -0.00020445499940118241 -0.0052501586029790031 4.4111739939012297e-06 -0.00010532614258591534 -6.2702410370614948e-06 -0.0032791666268974229 1.9873763500499742e-05 0.0011442392956490909 -0.003547490636361872 -0.0024531083276928324 -0.00013010155626203002 -0.00016915019576897451 -2.5465476355912565e-05 -0.0014752306779912017 0.00019793213199141847 -4.1420825221960559e-07 2.872507705675709e-06 -0.0014480275410470034 8.6332819697704244e-05 -3.5728719415106806e-05 -0.00087039698179518514 0.058633978223267762 0.0031062989875941583 -0.00097159944386649626 0.015935735570032961 0.051017262134838239 -0.2294068197425464 0.0011972638933012371 -0.038282714149480174
leaf_weight=27925 2050 87117 589 3120 4892 1166 726 5020 201 759 1264 2008 166 544 808 49475 1197 1152 611 1236 566 59215 869 129702 152440 19676 2610 92 2221 437
leaf_count=27925 1094 59605 447 1800 2610 588 354 2886 101 519 852 1112 98 300 508 38489 659 622 387 886 300 42171 317 100248 113644 15450 1508 84 1277 301
internal_value=-0.00146601 -0.000230529 -0.00310329 -0.00552454 -0.00742232 -0.00931974 -0.00146484 0.00335314 0.00420911 -0.0125951 -0.000479305 -0.00601571 -0.00738278 -0.00461285 -0.0071708 -7.04569e-05 0.000990271 -0.000872534 -0.000805664 -0.00204385 -0.00905405 4.81719e-05 0.000154256 0.000139842 -6.26787e-05 0.000472517 -0.000297212 0.00216418 0.00251519 -0.000449775
internal_weight=559854 531929 28075 20418 14837 11253 3584 7657 7068 5651 5581 5602 4436 2428 1534 503854 4317 1318 2048 1847 1110 416737 357522 356653 226951 69151 157800 5360 5268 2658
internal_count=417142 389217 16123 11416 8105 6149 1956 4707 4260 3129 3311 3020 2432 1320 862 373094 2459 720 1374 1273 600 313489 271318 271001 170753 53939 116814 3170 3086 1578
cat_boundaries=0 1
cat_threshold=6
is_linear=0
shrinkage=0.05


Tree=142
num_leaves=31
num_cat=3
split_feature=10 10 7 4 10 3 4 10 10 6 3 10 10 10 4 10 7 4 3 10 4 4 0 0 6 4 7 0 6 6
split_gain=6521.54 98.774 221.575 354.36 94.4208 78.3325 45.1572 60.709 43.9214 41.5263 41.9797 22.5768 19.386 19.2198 15.223 13.2952 12.5072 11.8224 16.7228 11.2682 14.6704 16.114 36.5981 32.0328 23.165 19.6308 23.1913 42.7672 33.3722 23.3616
threshold=1.0000000180025095e-35 0.95850667735212247 30.550000000000004 4.5000000000000009 0.71170035736632797 84.500000000000014 4.5000000000000009 0.76340990904344486 0.71170035736632797 0.8500000000000002 89.500000000000014 0.76340990904344486 0.49808169478095882 0.8057344511571628 3.5000000000000004 0.64054847581383256 29.950000000000003 4.5000000000000009 30.500000000000004 6.0089836851277889 1.0000000180025095e-35 2.5000000000000004 0 1 10.15 4.5000000000000009 28.850000000000005 2 0.15000000000000005 0.75000000000000011
decision_type=2 2 2 2 2 2 2 2 2 2 2 2 2 2 2 2 2 2 2 2 2 2 1 1 2 2 2 1 2 2
left_child=-1 2 4 5 9 13 7 -6 -5 10 12 -10 14 -4 -2 -12 -16 18 -11 -3 -21 23 -23 -22 -25 26 27 28 -24 -29
right_child=1 19 3 8 6 -7 -8 -9 11 17 15 -13 -14 -15 16 -17 -18 -19 -20 20 21 22 25 24 -26 -27 -28 29 -30 -31
leaf_value=-0.00026006784639186139 4.0611601776474607e-05 -0.00015736078290927715 -0.00013280261984878196 1.8880075325472536e-05 -0.0033976740394718319 3.8723575705446045e-06 0.0006238070298104359 -0.00078699588382616934 -0.0013756261639946477 6.5293371983077275e-05 -1.4420545756954617e-06 8.8455009484611494e-05 2.8331280376006629e-05 0.019935252283631123 -0.0049876506728300527 0.00020617186633816546 0.00029016305382373688 2.3715037671084851e-05 -2.1515636535363037e-05 -0.008138973757514557 0.028226499822167919 0.0084984922910540384 -0.019411429750255494 0.0032954991149682479 0.090014066373083026 0.0013619276054028795 -0.026100902250528347 -0.013583347309200257 0.06664538810126075 -0.098185270830377036
leaf_weight=27870 1447 205175 7136 3561 1563 525 1080 2476 448 216 1068 515 5075 177 587 169 190 287 1434 44365 21468 75948 4446 68714 331 41217 30805 4257 6025 2059
leaf_count=27870 847 136223 3928 2085 757 295 742 1704 222 120 628 395 2679 117 443 89 106 167 768 34455 14334 60090 3804 50712 155 38735 25895 3285 4177 1635
internal_value=-0.00142214 -0.000188733 -0.00308185 -0.00808122 0.000881862 -0.0145126 -0.00468353 -0.00711191 0.00306145 0.00360212 0.00510192 -0.00641225 0.00654542 -0.0158519 0.00265288 -0.00341552 -0.00299228 -0.00300723 -0.00463636 -2.85256e-05 0.000166953 0.000312806 1.83604e-05 0.000848773 0.000324017 -0.000670746 -0.00136262 0.000132543 0.00209188 -0.00311413
internal_weight=560634 532764 27954 12362 15592 7838 5119 4039 4524 10473 8536 963 7299 7313 2224 1237 777 1937 1650 504810 299635 255270 164757 90513 69045 88809 47592 16787 10471 6316
internal_count=417462 389592 16092 7042 9050 4340 3203 2461 2702 5847 4792 617 4075 4045 1396 717 549 1055 888 373500 237277 202822 137621 65201 50867 77531 38796 12901 7981 4920
cat_boundaries=0 1 2 3
cat_threshold=19 8 4
is_linear=0
shrinkage=0.05


Tree=143
num_leaves=31
num_cat=0
split_feature=10 10 7 4 10 3 4 10 6 10 3 10 4 10 10 10 4 10 3 3 10 4 6 10 7 6 7 3 11 4
split_gain=6538.01 94.713 232.176 330.396 94.8961 72.5824 45.5714 51.9528 41.8712 38.2593 37.6657 24.1453 19.7998 19.6554 12.5537 31.5486 39.1147 12.4594 12.4225 15.5136 12.2044 11.103 10.7677 10.3598 10.2874 10.878 11.057 9.92604 9.86622 9.50836
threshold=1.0000000180025095e-35 0.95850667735212247 30.550000000000004 4.5000000000000009 0.71170035736632797 84.500000000000014 4.5000000000000009 0.76340990904344486 1.1500000000000001 0.71170035736632797 89.500000000000014 0.76340990904344486 1.5000000000000002 0.49808169478095882 1.4227507702095894 1.5862281902591664 4.5000000000000009 0.8057344511571628 42.500000000000007 51.500000000000007 0.64054847581383256 3.5000000000000004 1.0000000180025095e-35 0.49808169478095882 36.250000000000007 1.3500000000000003 26.950000000000003 37.500000000000007 213.00000000000003 1.0000000180025095e-35
decision_type=2 2 2 2 2 2 2 2 2 2 2 2 2 2 2 2 2 2 2 2 2 2 2 2 2 2 2 2 2 2
left_child=-1 2 4 5 8 17 7 -6 10 23 13 -11 -10 21 -3 16 18 -4 22 29 -12 -2 -16 -5 25 26 -21 -15 -17 -20
right_child=1 14 3 9 6 -7 -8 -9 12 11 20 -13 -14 27 15 28 -18 -19 19 24 -22 -23 -24 -25 -26 -27 -28 -29 -30 -31
leaf_value=-0.00024706445407226836 2.7478592799290436e-05 0.00017696175510496887 -0.00012616248885634064 -0.0062388023024172777 -0.0032277903374982376 3.6787396920145991e-06 0.00050228802363167511 -0.00080337789365582119 -1.350271802021963e-05 -0.0013068448557949199 -1.3699518469079131e-06 8.4032259010380361e-05 -9.4227747598300375e-06 2.6612997805913752e-05 0.048061266443781815 -1.5796025072079001e-05 0.001377216474463594 -0.0045063658474287947 -2.1443208081217693e-05 -0.0018212572759762403 0.00019586698348809107 -0.0047382681391885499 -0.00049702146495938702 1.7936071559199185e-05 -0.049814874117641378 -0.0011813530698565316 -6.970860088774492e-05 2.4332671074156487e-05 0.14500667515588681 -0.00055267969577554865
leaf_weight=27939 1520 7806 7097 605 1616 517 1117 2457 403 446 1090 506 920 1127 370 484639 2951 182 586 216 165 832 446 2828 180 345 4228 4460 586 2261
leaf_count=27939 910 4816 3897 409 770 285 761 1679 235 222 642 384 496 627 202 361259 1999 128 314 146 87 580 256 1618 136 221 2482 2294 398 1261
internal_value=-0.0014233 -0.00018629 -0.00302281 -0.00820335 0.000994779 -0.0143792 -0.00453757 -0.00699116 0.00372492 0.00277651 0.00492169 -0.00609244 -0.00459184 0.00619411 -2.95275e-05 -6.07881e-05 -0.00263964 -0.0156649 -0.00433851 -0.00495138 -0.00312749 0.00235969 0.00153186 0.00523595 -0.00326524 -0.00282418 -0.00216022 0.0078083 7.72837e-07 -0.00789427
internal_weight=560441 532502 27888 12181 15707 7796 5190 4073 10517 4385 9194 952 1323 7939 504614 496808 11583 7279 8632 7816 1255 2352 816 3433 4969 4789 4444 5587 485225 2847
internal_count=417453 389514 16024 6943 9081 4310 3210 2449 5871 2633 5140 606 731 4411 373490 368674 7017 4025 5018 4560 729 1490 458 2027 2985 2849 2628 2921 361657 1575
is_linear=0
shrinkage=0.05


Tree=144
num_leaves=31
num_cat=1
split_feature=10 10 7 4 10 10 4 10 10 6 10 10 4 12 11 12 12 10 11 10 10 4 4 12 12 11 4 2 6 10
split_gain=6520.17 95.0192 218.891 352.914 85.177 49.3642 42.823 47.8283 42.5747 38.2017 31.9422 27.3693 24.5346 16.2134 12.2557 20.5499 19.9565 17.1479 13.7404 14.5634 18.9466 30.3598 12.4818 12.4268 12.4244 14.8812 16.7523 12.2321 12.1773 12.1668
threshold=1.0000000180025095e-35 0.95850667735212247 30.550000000000004 4.5000000000000009 0.71170035736632797 0.71170035736632797 4.5000000000000009 0.76340990904344486 0.43519700344886553 1.1500000000000001 0.8057344511571628 0.76340990904344486 1.5000000000000002 5.7578494514952849 46.500000000000007 43.84459045886306 47.532543010290517 10.859117072442308 30.500000000000004 1.4227507702095894 1.5011974239266535 4.5000000000000009 5.5000000000000009 30.892288971952684 169.86895899438619 170.50000000000003 1.0000000180025095e-35 0 0.55000000000000016 0.43519700344886553
decision_type=2 2 2 2 2 2 2 2 2 2 2 2 2 2 2 2 2 2 2 2 2 2 2 2 2 2 2 1 2 2
left_child=-1 2 4 8 9 -5 7 -6 -4 29 13 -7 -11 -10 15 18 17 27 19 28 21 -21 -23 -22 25 -18 -27 -16 -3 -2
right_child=1 14 3 5 6 11 -8 -9 10 12 -12 -13 -14 -15 16 -17 24 -19 -20 20 23 22 -24 -25 -26 26 -28 -29 -30 -31
leaf_value=-0.00023471123136865492 0.00033905872590205281 0.00028048323912206464 3.4948027074155342e-06 1.7039267981239227e-05 -0.0030664008206233275 -0.0012415026130051744 0.00061100459226298145 -0.00079981361857008884 -0.00013412844323077434 -1.365878313605018e-05 0.042608663478699363 7.9830646059864121e-05 1.1249830176113252e-06 -0.002320012214985945 -0.017310733962441826 -0.014853540268579392 0.0019871798299417875 0.052541671822091733 0.0039326412346785576 -0.0001744251420201737 -0.00010718110703162865 0.00084219768626813134 -0.031704583087928041 -0.01156064899326914 -0.038071627443025946 -0.14346964867818057 0.09805077189668801 0.011455562073595084 -0.000181380952760013 1.8593801983629588e-05
leaf_weight=27823 1816 6664 218 3580 1528 441 1085 2488 7079 405 310 497 945 181 2686 28549 126994 8052 61127 4725 230069 888 704 19334 3894 331 2035 7406 1084 7281
leaf_count=27823 1176 4152 124 2092 732 223 743 1710 3883 233 204 381 503 89 1808 24865 103608 5584 43271 2479 159613 510 488 16404 3496 261 1375 4690 620 3927
internal_value=-0.00140414 -0.000171019 -0.00301393 -0.0079961 0.00092938 0.00312085 -0.00436679 -0.00674801 -0.0144453 0.00351536 -0.0150727 -0.00708955 -0.00433333 -0.0157438 -1.40722e-05 -0.000175424 0.00036229 0.00191799 -6.23084e-05 -0.000219002 -0.000283709 -0.00298797 0.00298367 -0.000215214 0.000150465 0.00023423 0.00416314 0.000544986 0.00191662 0.00468011
internal_weight=560219 532396 27854 12306 15548 4518 5101 4016 7788 10447 7570 938 1350 7260 504542 353144 151398 18144 324595 263468 255720 6317 1592 249403 133254 129360 2366 10092 7748 9097
internal_count=417067 389244 16020 6996 9024 2696 3185 2442 4300 5839 4176 604 736 3972 373224 252402 120822 12082 227537 184266 179494 3477 998 176017 108740 105244 1636 6498 4772 5103
cat_boundaries=0 1
cat_threshold=1
is_linear=0
shrinkage=0.05


Tree=145
num_leaves=31
num_cat=1
split_feature=12 12 7 4 3 3 3 6 3 3 6 3 3 11 9 3 5 3 0 9 3 3 8 11 8 4 12 6 6 3
split_gain=6498.1 105.531 185.038 270.084 31.2893 25.7033 26.0674 20.2349 19.6423 27.3269 28.6477 18.5923 18.5697 14.2846 11.2481 10.2455 9.91752 9.74856 11.7558 12.2216 11.5199 17.635 15.0775 13.4264 12.6128 12.4718 12.0954 10.4847 10.2568 9.4002
threshold=1.0000000180025095e-35 2.8839697584089716 30.550000000000004 4.5000000000000009 68.500000000000014 31.500000000000004 71.500000000000014 4.0000000000000009 68.500000000000014 37.500000000000007 0.45000000000000007 70.500000000000014 70.500000000000014 5.5000000000000009 6.5000000000000009 35.500000000000007 1.0000000180025095e-35 33.500000000000007 0 2.5000000000000004 59.500000000000007 78.500000000000014 1.3587841945288757 26.500000000000004 2.5850000000000004 1.0000000180025095e-35 30.892288971952684 0.95000000000000007 3.0500000000000003 48.500000000000007
decision_type=2 2 2 2 2 2 2 2 2 2 2 2 2 2 2 2 2 2 1 2 2 2 2 2 2 2 2 2 2 2
left_child=-1 2 7 5 -5 -4 -7 8 9 15 -11 -6 -10 -3 -14 -2 17 18 -15 -20 -19 22 23 26 -24 -25 -22 -23 -27 -9
right_child=1 13 3 4 11 6 -8 29 12 10 -12 -13 14 16 -16 -17 -18 20 19 -21 21 27 24 25 -26 28 -28 -29 -30 -31
leaf_value=-0.00022297566980022219 2.2771197259749411e-05 -0.00013610039662725892 0.0004018249156527265 1.6187304582176987e-05 -0.0011794274823549113 -0.00010394180085212535 -0.0035379503239036936 -6.017920300441793e-05 -0.0029341369464789269 3.3174211856562551e-05 -8.3400535130229167e-07 -0.0059008330284056167 1.2989684727437077e-05 -0.0050407760722092302 -0.0029341369464789269 -0.0026087268989671954 -0.0077556189025078997 -0.00044297635421906015 5.1427988809919328e-05 0.020126788221346815 0.00011485235441019981 -8.4988864205141443e-05 0.055668544104639554 -0.0063134514712383629 -0.015992061549660885 0.013524171377985362 -0.028553355135831373 -0.0075720338456908738 0.037445623412009625 -1.9207041909852231e-05
leaf_weight=27809 6899 31760 144 2967 177 5911 475 402 350 1821 1255 408 1667 6208 584 517 10447 196809 11097 16192 57975 90271 1811 12025 237 64228 2792 5058 1713 276
leaf_count=27809 4279 21248 84 1753 89 3215 317 230 192 943 673 304 1097 4460 392 265 9753 144611 8405 12584 40427 64955 741 9693 83 51770 2588 3244 1055 144
internal_value=-0.0014378 -0.000207239 -0.00345764 -0.00860444 0.00249155 -0.0146401 -0.0151112 0.000310435 0.000746582 0.00171083 0.00567295 -0.00807692 -0.00314302 -5.48048e-05 -0.00147712 6.74218e-05 1.35783e-05 4.77042e-05 0.000869481 0.00131598 -1.58806e-05 0.000219601 0.000575184 0.000512315 0.00483398 0.000946566 -4.48434e-05 -0.000305521 0.00121662 -0.00811209
internal_weight=560285 532476 23853 10082 3552 6530 6386 13771 13093 10492 3076 585 2601 508623 2251 7416 476863 466416 33497 27289 432919 236110 140781 138733 2048 77966 60767 95329 65941 678
internal_count=417403 389594 13977 5762 2146 3616 3532 8215 7841 6160 1616 393 1681 375617 1489 4544 354369 344616 25449 20989 319167 174556 106357 105533 824 62518 43015 68199 52825 374
cat_boundaries=0 1
cat_threshold=1
is_linear=0
shrinkage=0.05


Tree=146
num_leaves=31
num_cat=0
split_feature=10 12 7 4 3 10 10 10 10 6 10 3 7 4 10 7 4 3 10 4 7 6 4 10 7 10 10 10 12 11
split_gain=6520.05 92.7731 193.007 281.273 33.4861 32.6491 26.8596 24.9579 44.4658 33.2669 24.237 22.9825 17.0212 16.4224 14.7361 68.69 72.1547 44.6568 39.4684 20.4058 17.639 16.7954 12.7968 12.6373 12.1836 11.9929 9.78193 9.71589 12.5664 27.7052
threshold=1.0000000180025095e-35 2.8839697584089716 30.550000000000004 4.5000000000000009 82.500000000000014 0.71170035736632797 0.8057344511571628 0.71170035736632797 0.76340990904344486 1.1500000000000001 0.76340990904344486 88.500000000000014 26.050000000000004 4.5000000000000009 0.71170035736632797 30.550000000000004 4.5000000000000009 84.500000000000014 0.76340990904344486 4.5000000000000009 30.550000000000004 0.45000000000000007 3.5000000000000004 0.49808169478095882 31.750000000000004 0.51550959266527385 0.51550959266527385 11.54565199704273 92.946694042868117 121.50000000000001
decision_type=2 2 2 2 2 2 2 2 2 2 2 2 2 2 2 2 2 2 2 2 2 2 2 2 2 2 2 2 2 2
left_child=-1 2 7 4 6 -5 -4 9 13 11 -7 22 -11 -9 15 21 17 -17 19 -16 -21 -3 -2 -14 -18 -23 -25 -20 -29 -30
right_child=1 14 3 5 -6 10 -8 8 -10 12 -12 -13 23 -15 18 16 24 -19 27 20 -22 25 -24 26 -26 -27 -28 28 29 -31
leaf_value=-0.00021182688631021107 3.1515501263734702e-05 1.448395617127396e-05 -9.8744710809517422e-05 1.5377939353067304e-05 0.00018019531596620287 -0.0011204561082371668 -0.00093557060430162766 -0.0027663739322682183 0.00022957827073193384 2.2985875642206335e-05 0.00029207269506890124 -0.0064518864863087281 -6.8837883235861597e-06 0.00014186804375150854 -0.0029273319266475586 -0.00012929537679589044 -0.00019435527683797085 1.0125082403406039e-05 -0.00016095309189054774 0.00062372210645085437 -0.0012493404805607789 -8.699440587276453e-05 8.0277288671215526e-06 -1.8829072105863712e-05 2.2992324413539936e-05 2.6723128843514357e-05 -1.3199354940773845e-05 0.0074120531342701584 -0.019148178732215373 0.015823729109244768
leaf_weight=27830 3244 3432 6083 2820 173 307 293 941 6064 316 512 455 286 216 854 822 411 197 344394 173 121 157 1668 231 344 435 288 105553 28942 22794
leaf_count=27830 1730 1898 3325 1668 99 151 191 459 3878 172 372 339 164 138 392 460 265 103 240508 87 67 101 1006 125 170 221 146 86209 26516 18470
internal_value=-0.00140732 -0.000174358 -0.00321902 -0.00843149 -0.0146244 0.00271366 -0.0152133 0.000654679 -0.00136754 0.00290536 -0.00607448 0.00454164 -0.00492864 -0.01035 -3.13097e-05 0.00247499 -0.00572153 -0.0144014 -6.02091e-05 -0.00932056 0.00204082 0.00608847 0.00553746 -0.00878882 0.00599338 -0.00168919 -0.0134393 -3.90187e-05 0.000286574 -0.000351786
internal_weight=560356 532526 23897 10188 6549 3639 6376 13709 7221 6488 819 5367 1121 1157 508629 5798 1774 1019 502831 1148 294 4024 4912 805 755 592 519 501683 157289 51736
internal_count=417260 389430 13963 5806 3615 2191 3516 8157 4475 3682 523 3075 607 597 375467 3218 998 563 372249 546 154 2220 2736 435 435 322 271 371703 131195 44986
is_linear=0
shrinkage=0.05


Tree=147
num_leaves=31
num_cat=0
split_feature=10 12 7 10 10 6 3 10 10 7 3 5 7 10 3 3 7 6 7 7 3 7 6 10 11 3 12 11 12 11
split_gain=6554.98 103.097 240.723 71.7146 58.4456 46.1704 32.4409 28.937 28.4889 23.4442 19.8658 16.7131 10.1979 13.7595 13.152 12.7223 10.984 9.35926 17.0696 10.1982 12.543 9.30413 8.87788 11.0312 8.86661 8.86042 8.68044 15.5061 23.7521 30.6235
threshold=1.0000000180025095e-35 3.2759665946094283 30.550000000000004 0.71170035736632797 0.76340990904344486 0.45000000000000007 33.500000000000007 0.49808169478095882 0.71170035736632797 36.550000000000004 84.500000000000014 1.0000000180025095e-35 32.750000000000007 0.8057344511571628 49.500000000000007 38.500000000000007 32.45000000000001 1.1500000000000001 26.050000000000004 29.350000000000005 30.500000000000004 30.450000000000003 0.55000000000000016 0.53869740972179747 5.5000000000000009 88.500000000000014 169.86895899438619 132.50000000000003 109.41128370308739 101.50000000000001
decision_type=2 2 2 2 2 2 2 2 2 2 2 2 2 2 2 2 2 2 2 2 2 2 2 2 2 2 2 2 2 2
left_child=-1 2 3 5 21 7 -4 25 -3 10 11 12 13 15 -14 -8 -17 22 -19 20 -20 -5 23 -7 -10 -2 27 28 29 -26
right_child=1 8 6 4 -6 17 9 -9 24 -11 -12 -13 14 -15 -16 16 -18 18 19 -21 -22 -23 -24 -25 26 -27 -28 -29 -30 -31
leaf_value=-0.00020123554199470052 3.1255795082940632e-05 1.5580630590988911e-05 0.000430212206130413 -0.0026491114025415708 -0.00027119172619314294 -0.049655420977701918 -0.0092040465970736462 2.6198276851478282e-05 -0.00062451165146832916 -7.0270832276730921e-05 9.618828283236569e-06 1.4609042385416161e-05 -6.7135369188664476e-05 0.0036742878343191624 -9.3807475269036547e-05 -0.00011415223239806816 -0.00013080073509985263 2.1836581860096294e-05 6.709292827208336e-05 1.0944092112896709e-05 -2.2906972771250905e-05 0.0014027386916442954 5.3194198047612502e-06 1.7656462264520335e-05 1.3898761575026343e-05 -0.0061292921619932918 -0.034785617978320006 0.029103163704052283 -0.024143392989931203 0.040990462656523265
leaf_weight=27955 1888 1564 623 1521 6759 109 339 4171 25671 434 381 172 1369 213 3196 4519 724 351 89 133 695 136 1209 100 430117 439 3924 13889 18058 9730
leaf_count=27955 1174 834 385 763 4455 93 213 2213 17751 210 241 98 693 147 1902 2521 432 183 51 75 391 74 637 60 315647 321 3514 10807 16572 7114
internal_value=-0.00139979 -0.000160885 -0.0030301 0.000690341 -0.00264377 0.00374564 -0.00850042 0.00602493 7.80391e-06 -0.00911034 -0.00865711 -0.00906286 -0.0093195 -0.0107118 -0.00755203 -0.0111877 -0.0105808 -0.00176843 -0.00488959 -0.00847874 -0.0106505 -0.0110591 0.00102257 -0.00849282 -1.32133e-05 0.0015578 3.56304e-05 5.51088e-05 5.18667e-06 7.81522e-05
internal_weight=560478 532523 29570 17600 8416 9184 11970 6498 502953 11347 10913 10532 10360 5795 4565 5582 5243 2686 1268 917 784 1657 1418 209 501389 2327 475718 471794 457905 439847
internal_count=417526 389571 17332 10490 5292 5198 6842 3708 372239 6457 6247 6006 5908 3313 2595 3166 2953 1490 700 517 442 837 790 153 371405 1495 353654 350140 339333 322761
is_linear=0
shrinkage=0.05


Tree=148
num_leaves=31
num_cat=2
split_feature=12 12 7 4 3 3 6 3 3 3 3 3 6 7 3 3 3 3 7 7 0 2 4 7 11 7 12 11 12 12
split_gain=6533.57 101.075 160.741 273.042 34.6998 27.4964 22.3604 20.3168 20.1964 14.5187 21.6193 15.0738 21.4683 19.4267 11.3483 11.6285 10.8877 10.2271 9.61322 12.1833 10.2811 9.5195 8.50351 8.40443 8.14504 8.01656 7.63831 14.6874 22.1053 13.5459
threshold=1.0000000180025095e-35 2.8839697584089716 30.850000000000005 4.5000000000000009 68.500000000000014 77.500000000000014 4.0000000000000009 70.500000000000014 31.500000000000004 68.500000000000014 70.500000000000014 37.500000000000007 0.45000000000000007 30.550000000000004 35.500000000000007 25.500000000000004 65.500000000000014 32.500000000000007 25.450000000000003 25.650000000000002 0 1 3.5000000000000004 25.850000000000005 12.500000000000002 31.750000000000004 169.86895899438619 150.50000000000003 108.46276005306078 124.27904564315354
decision_type=2 2 2 2 2 2 2 2 2 2 2 2 2 2 2 2 2 2 2 2 1 1 2 2 2 2 2 2 2 2
left_child=-1 2 6 5 -5 8 9 -6 -4 11 -11 14 13 -13 15 -2 -10 -8 -3 20 -20 24 -15 -14 -22 -18 27 29 -29 -21
right_child=1 18 3 4 7 -7 17 -9 16 10 -12 12 23 22 -16 -17 25 -19 19 26 21 -23 -24 -25 -26 -27 -28 28 -30 -31
leaf_value=-0.0001911737648949655 -0.0016766092062699967 -0.0067085468582894769 0.00036516029510404451 1.7965810844849941e-05 -0.0010597429290618576 0.00017070460875373008 -6.689230136406136e-05 -0.0010621783399986096 -8.7169538437925639e-05 -0.0025168334700937864 -0.0018150297706522656 2.8629812357972018e-05 2.0744752767093424e-05 -6.4563220656832512e-05 -0.0021864601203915759 5.4619197078688757e-05 -0.0034962152971857786 -2.1326342372762765e-05 -0.040094929283217562 4.8633138758783868e-06 -0.0010205111424980262 0.0025995072850615013 8.8324218999125122e-06 -2.634051137173632e-06 0.056132062586010195 -0.0035231256245571553 -0.032705100602078922 -0.19136649077341447 0.048914111712194716 -0.022428559506000936
leaf_weight=27846 595 4964 135 2808 175 154 309 390 4505 326 2364 1782 113 165 547 6204 458 378 381 476303 216 1752 113 1224 825 859 3957 118 6375 13462
leaf_count=27846 353 3572 83 1648 87 86 187 290 2499 176 1570 928 55 81 279 3890 226 194 307 348943 150 1134 55 670 457 485 3547 92 4753 12398
internal_value=-0.00139062 -0.000154759 -0.00335325 -0.00838781 0.00303143 -0.0146907 2.83286e-05 -0.00827434 -0.01523 0.0004783 -0.00280669 0.00130085 0.00405505 0.00725728 2.72257e-05 0.000584645 -0.0156733 -0.00877001 -6.24566e-06 1.5346e-05 0.00310334 0.00414734 -0.00503597 -0.000878833 0.00794909 -0.0116743 -4.24817e-06 1.31988e-05 0.00237564 -1.81209e-05
internal_weight=559803 531957 23604 9484 3373 6111 14120 565 5957 13433 2690 10743 3397 2060 7346 6799 5822 687 508353 503389 3174 2793 278 1337 1041 1317 500215 496258 6493 489765
internal_count=417041 389195 13842 5404 2025 3379 8438 377 3293 8057 1746 6311 1789 1064 4522 4243 3210 381 375353 371781 2048 1741 136 725 607 711 369733 366186 4845 361341
cat_boundaries=0 1 2
cat_threshold=8 2
is_linear=0
shrinkage=0.05


Tree=149
num_leaves=31
num_cat=0
split_feature=10 12 7 4 3 10 10 10 10 6 10 3 3 6 10 7 4 3 10 4 7 4 7 4 10 6 10 7 3 3
split_gain=6582.74 65.4597 144.621 232.814 62.1877 61.5073 32.3066 46.0819 27.7844 26.9923 26.6571 23.8943 17.1384 22.3681 15.3017 71.1742 75.9482 47.8364 26.967 22.7317 26.4556 15.1914 9.82661 9.6842 12.9916 9.30901 9.43531 7.84469 14.421 11.2715
threshold=1.0000000180025095e-35 2.8839697584089716 30.550000000000004 4.5000000000000009 65.500000000000014 0.64054847581383256 0.71170035736632797 0.76340990904344486 0.71170035736632797 4.0000000000000009 0.76340990904344486 31.500000000000004 88.500000000000014 0.45000000000000007 0.71170035736632797 30.550000000000004 4.5000000000000009 84.500000000000014 0.76340990904344486 4.5000000000000009 30.550000000000004 4.5000000000000009 31.750000000000004 3.5000000000000004 0.49808169478095882 0.45000000000000007 0.53869740972179747 37.250000000000007 57.500000000000007 58.500000000000007
decision_type=2 2 2 2 2 2 2 2 2 2 2 2 2 2 2 2 2 2 2 2 2 2 2 2 2 2 2 2 2 2
left_child=-1 2 6 4 11 -6 9 21 -5 12 -10 -4 13 23 15 25 17 -17 19 -16 -21 -8 -18 -2 -25 -3 -27 -20 -29 -30
right_child=1 14 3 8 5 -7 7 -9 10 -11 -12 -13 -14 -15 18 16 22 -19 27 20 -22 -23 -24 24 -26 26 -28 28 29 -31
leaf_value=-0.00018161507665021719 3.4029647405227811e-05 1.0410260802695694e-05 0.00034690228034884311 1.7067520302604943e-05 0.00011024754420245753 -0.0043890729867333668 -0.0023908141589098044 2.1357512300834715e-05 -0.0010067557826087593 -8.8971237633517226e-06 0.00041407642118708178 -8.3741386727242972e-05 -0.0057320760653610144 1.2692665733893273e-06 -0.0026487529258818923 -0.00011736616202998596 2.6690302076143315e-05 8.8947211752843379e-06 -6.1890699205591204e-06 0.00073109859939799468 -0.0011814090106066378 0.00035798170022362523 2.730715411897733e-05 -0.0044301698404254864 2.3904752806886791e-05 -3.6178383289486858e-05 0.00013264864368272013 0.049827831793290062 -0.046460459257315234 0.011999827716850976
leaf_weight=27941 2491 3373 142 2762 571 993 909 6049 299 416 515 4775 517 1844 808 782 403 197 499909 195 119 213 326 411 913 224 386 329 121 1120
leaf_count=27941 1317 1865 86 1638 297 533 443 3891 149 208 371 2659 377 1026 372 444 261 101 370561 91 65 139 162 295 487 136 194 181 93 772
internal_value=-0.00134411 -0.000101952 -0.00266373 -0.00722134 -0.0128722 -0.00418798 0.000666642 -0.00165598 0.00302013 0.00319326 -0.00509828 -0.0156345 0.00402364 0.00481976 1.80998e-05 0.0025962 -0.00594262 -0.0150409 -1.10923e-05 -0.00775401 0.00366242 -0.0109626 0.00627572 0.00700524 0.00354985 0.00625785 0.00057377 6.23157e-06 0.00353503 0.00106769
internal_weight=560053 532112 23820 10057 6481 1564 13763 7171 3576 6592 814 4917 6176 5659 508292 5691 1708 979 502601 1122 314 1122 729 3815 1324 3983 610 501479 1570 1241
internal_count=417155 389214 13916 5733 3575 830 8183 4473 2158 3710 520 2745 3502 3125 375298 3163 968 545 372135 528 156 582 423 2099 782 2195 330 371607 1046 865
is_linear=0
shrinkage=0.05


Tree=150
num_leaves=31
num_cat=1
split_feature=10 10 4 3 3 10 6 3 3 10 10 10 3 3 10 10 10 4 6 4 3 3 5 10 6 10 10 6 0 11
split_gain=6520.7 69.699 115.289 93.3188 63.0404 41.174 30.1035 48.8894 35.9439 28.4918 25.374 28.5519 21.9933 18.8804 14.4844 12.1327 14.849 18.1451 21.6019 14.3398 11.2733 26.5347 11.1711 14.1037 10.6974 10.5555 10.4687 10.2175 9.9926 11.3735
threshold=1.0000000180025095e-35 0.95850667735212247 4.5000000000000009 78.500000000000014 39.500000000000007 0.71170035736632797 1.0000000180025095e-35 64.500000000000014 67.500000000000014 0.71170035736632797 0.43519700344886553 0.71170035736632797 47.500000000000007 65.500000000000014 0.49808169478095882 1.4227507702095894 1.5011974239266535 4.5000000000000009 0.25000000000000006 2.5000000000000004 70.500000000000014 33.500000000000007 1.0000000180025095e-35 3.2324419081163169 0.35000000000000003 0.76340990904344486 0.76340990904344486 4.0000000000000009 0 84.500000000000014
decision_type=2 2 2 2 2 2 2 2 2 2 2 2 2 2 2 2 2 2 2 2 2 2 2 2 2 2 2 2 1 2
left_child=-1 2 3 4 5 -2 7 -6 13 -5 -4 -12 24 -9 -14 -3 17 18 19 -17 21 -13 -18 -24 -8 -7 -10 -16 29 -25
right_child=1 15 10 9 6 25 12 8 26 -11 11 20 14 -15 27 16 22 -19 -20 -21 -22 -23 23 28 -26 -27 -28 -29 -30 -31
leaf_value=-0.00017253432281770636 2.1671341330742333e-05 0.00017889853468444628 -0.0042086613484042124 6.591579610454313e-06 -5.7147990287631513e-05 -0.0020139913309698072 5.4326518374947513e-06 -5.6017674398578522e-05 -0.0030886760597202412 -0.0015292902348920557 1.754774959148997e-05 0.0010158857132482157 -8.5254423093844567e-05 0.00010506344550445523 -8.7928033655648719e-05 6.8988698059491154e-06 3.416701638654374e-05 0.00063786286418828777 -0.0006862718422204761 -0.00017140800282284819 6.6437585399770069e-05 -0.00095641799347832021 -0.019467863853021752 0.011402274283181014 -6.0721933240137638e-05 -0.0013057876315695661 -0.0029539656048485187 -1.4648714263698627e-05 -0.015063211461267746 -0.049624091498939919
leaf_weight=27773 2046 7860 572 4405 3220 706 862 175 1019 1257 4952 186 621 368 3507 2024 479418 1602 1328 1398 1232 587 2084 4915 285 794 740 220 3896 563
leaf_count=27773 1078 4848 438 2523 1822 346 436 91 471 857 2884 92 345 186 1947 1084 354690 1022 672 722 880 371 1692 4557 147 506 514 108 3812 563
internal_value=-0.0013804 -0.000149294 -0.00258882 -0.00455501 -0.00667273 -0.000874224 -0.00853908 -0.0111463 -0.0055821 0.000891911 0.00269292 0.00352523 -0.00591902 0.00566298 -0.0075437 -1.52449e-05 -4.60553e-05 -0.00244805 -0.004 -0.00189947 -0.00150873 -0.00624191 -1.49732e-05 -0.00155786 0.000239756 -0.00716667 -0.00905344 -0.00636571 -0.000730745 0.000646866
internal_weight=560615 532842 27754 20225 14563 3546 11017 5522 2302 5662 7529 6957 5495 543 4348 505088 497228 6352 4750 3422 2005 773 490876 11458 1147 1500 1759 3727 9374 5478
internal_count=417477 389704 16042 11377 7997 1930 6067 3084 1262 3380 4665 4227 2983 277 2400 373662 368814 3500 2478 1806 1343 463 365314 10624 583 852 985 2055 8932 5120
cat_boundaries=0 1
cat_threshold=21
is_linear=0
shrinkage=0.05


Tree=151
num_leaves=31
num_cat=0
split_feature=10 12 7 4 3 10 10 10 3 3 3 6 3 4 10 7 4 10 3 4 7 4 6 3 7 6 11 12 11 12
split_gain=6555.48 59.6045 167.647 226.413 88.4422 54.1786 37.1552 42.602 33.413 26.1949 21.9651 21.5667 22.1351 18.8623 12.7582 69.5968 81.7444 41.349 40.4162 21.0596 18.0152 10.1081 9.99546 9.75718 9.26478 9.12417 8.05061 17.1789 18.0304 20.0302
threshold=1.0000000180025095e-35 2.8839697584089716 30.550000000000004 4.5000000000000009 65.500000000000014 0.64054847581383256 0.71170035736632797 0.76340990904344486 68.500000000000014 31.500000000000004 70.500000000000014 1.7500000000000002 88.500000000000014 4.5000000000000009 0.71170035736632797 30.450000000000003 4.5000000000000009 0.76340990904344486 84.500000000000014 4.5000000000000009 30.550000000000004 3.5000000000000004 0.45000000000000007 37.500000000000007 31.550000000000004 0.8500000000000002 156.50000000000003 132.7591870966277 91.500000000000014 79.506182294132401
decision_type=2 2 2 2 2 2 2 2 2 2 2 2 2 2 2 2 2 2 2 2 2 2 2 2 2 2 2 2 2 2
left_child=-1 2 6 4 9 -6 11 13 23 -4 -10 12 21 -8 15 22 18 19 -17 24 -21 25 -3 -5 -16 -2 27 28 29 -19
right_child=1 14 3 8 5 -7 7 -9 10 -11 -12 -13 -14 -15 17 16 -18 26 -20 20 -22 -23 -24 -25 -26 -27 -28 -29 -30 -31
leaf_value=-0.00016390760667682103 3.0307173476923357e-05 1.2816281426669685e-05 0.00032847359926486687 -0.00039445269947237336 9.981027322923387e-05 -0.0039339667574079034 -0.0021168396479783083 9.6973799548860653e-05 -0.00090859709380440861 -7.5157915708101711e-05 -0.0053241168498735216 -6.1946384685818152e-06 -0.0053813469694969909 0.00033676073594245408 -0.0023618814766017907 -0.00011182743290900633 2.4478399492761095e-05 -4.1848727430071619e-06 8.1204061359974051e-06 0.00073403470796415968 -0.0011256604393462988 1.5054140939507744e-05 -1.9534644092766841e-06 1.533675680789881e-05 -0.0083630822804892976 2.4624771321794344e-06 0.028714988663101161 -0.026429672787389259 0.016239983803754666 -0.017963604193370487
leaf_weight=27888 2957 3352 132 423 591 999 889 6080 183 4812 415 738 471 216 743 870 784 424548 194 177 137 1828 576 2544 132 485 7813 11810 32739 24378
leaf_count=27888 1561 1846 78 271 299 541 437 3908 91 2678 311 396 349 136 347 480 450 306156 104 89 71 1082 312 1488 52 265 6057 11046 25929 22290
internal_value=-0.0013697 -0.000131011 -0.00257859 -0.00746361 -0.0129936 -0.00273585 0.00103191 -0.00144398 0.00267181 -0.0162925 -0.00811037 0.00377759 0.00481188 -0.0104751 -1.65764e-05 0.00231994 -0.00568182 -4.34348e-05 -0.0147086 -0.0093566 0.00175159 0.00574004 0.00608452 0.00484496 -0.0133429 0.00733585 -2.1345e-05 -4.65576e-05 -3.63323e-07 -8.29758e-05
internal_weight=559904 532016 23763 10099 6534 1590 13664 7185 3565 4944 598 6479 5741 1105 508253 5776 1848 502477 1064 1189 314 5270 3928 2967 875 3442 501288 493475 481665 448926
internal_count=417008 389120 13891 5757 3596 840 8134 4481 2161 2756 402 3653 3257 573 375229 3192 1034 372037 584 559 160 2908 2158 1759 399 1826 371478 365421 354375 328446
is_linear=0
shrinkage=0.05


Tree=152
num_leaves=31
num_cat=0
split_feature=10 10 7 10 10 3 6 7 10 5 10 3 6 3 3 3 7 3 7 3 5 10 7 10 6 7 11 3 10 7
split_gain=6515.11 62.0239 208.726 108.234 33.6696 31.547 23.3268 19.1482 17.2092 14.4709 14.0084 13.4891 12.8096 12.746 56.916 11.3319 11.3259 16.1389 15.5272 11.2268 11.0402 16.4835 10.7164 10.3778 16.8597 10.2123 9.6964 9.26606 9.15495 9.22309
threshold=1.0000000180025095e-35 0.95850667735212247 30.550000000000004 0.71170035736632797 0.76340990904344486 84.500000000000014 1.7500000000000002 36.650000000000013 0.43519700344886553 1.0000000180025095e-35 1.4227507702095894 31.500000000000004 0.45000000000000007 65.500000000000014 67.500000000000014 88.500000000000014 32.750000000000007 57.500000000000007 32.350000000000001 89.500000000000014 1.0000000180025095e-35 3.2324419081163169 35.050000000000004 0.49808169478095882 0.25000000000000006 30.450000000000003 219.00000000000003 62.500000000000007 0.8057344511571628 31.850000000000005
decision_type=2 2 2 2 2 2 2 2 2 2 2 2 2 2 2 2 2 2 2 2 2 2 2 2 2 2 2 2 2 2
left_child=-1 2 3 6 25 7 8 9 15 11 -3 -4 19 16 -15 -2 18 22 23 -10 26 -22 -18 -13 -25 -5 -12 -19 -16 -30
right_child=1 10 5 4 -6 -7 -8 -9 12 -11 20 13 -14 14 28 -17 17 27 -20 -21 21 -23 -24 24 -26 -27 -28 -29 29 -31
leaf_value=-0.00015571222634297997 0.00032488975008981846 0.00018011861489694028 0.00044291509502239479 -0.002010997665579395 -0.00054197830002775116 7.7143858291994775e-06 -5.462536870903812e-06 -5.1596449104862611e-05 2.6666013344345264e-05 1.0482698388802892e-05 -5.233919061391479e-05 -9.4684874916511896e-05 4.8015501505183085e-06 2.0194570728937489e-05 -0.00276680367438417 -0.0051122796210221408 -5.0419616955244e-05 -0.049984096475728483 -0.0024394746606355212 2.3851310897937684e-06 -0.02281987948807538 -0.0045098128686155373 -5.0419616955244e-05 -6.9452456855034758e-05 -9.749973931688638e-05 0.001256524837368095 0.15606390327564484 -5.0419616955244e-05 0.041256852991767484 -0.0084817793860981205
leaf_weight=27788 1401 7877 114 1836 3113 913 897 380 5117 182 484407 435 1688 577 2190 467 2044 631 730 931 2204 9316 554 2263 561 144 468 464 144 128
leaf_count=27788 877 4851 62 894 2199 583 471 178 2741 104 357659 233 922 297 1240 349 1088 439 448 501 1790 8884 322 1263 281 76 316 252 86 106
internal_value=-0.00139795 -0.000165547 -0.00246022 0.00138194 -0.00459945 -0.00732738 0.00428293 -0.00804378 0.00500312 -0.00766316 -3.85705e-05 -0.00789802 0.00604317 -0.00807994 -0.00533893 0.000695931 -0.00916428 -0.00716897 -0.0110115 0.00711806 -7.17674e-05 -0.00160156 -0.00502309 -0.00953513 -0.00842776 -0.00969697 -3.54215e-05 -0.0122603 -0.0086515 0
internal_weight=559964 532176 27904 15594 5093 12310 10501 11397 9604 11017 504272 10835 7736 10721 3039 1868 7682 3693 3989 6048 496395 11520 2598 3259 2824 1980 484875 1095 2462 272
internal_count=417300 389512 16012 9030 3169 6982 5861 6399 5390 6221 373500 6117 4164 6055 1729 1226 4326 2101 2225 3242 368649 10674 1410 1777 1544 970 357975 691 1432 192
is_linear=0
shrinkage=0.05


Tree=153
num_leaves=31
num_cat=0
split_feature=10 12 7 4 10 10 10 3 10 10 10 4 10 3 7 4 3 3 7 7 3 6 4 4 7 7 7 10 11 7
split_gain=6566.07 34.6536 81.5994 140.785 39.2391 39.3919 36.2248 31.7514 29.8083 28.1767 34.8667 29.4795 23.7317 47.0341 22.0886 46.3249 38.6218 20.2524 19.7448 31.0529 21.5533 19.3039 18.8703 17.058 16.4936 13.2142 12.5714 9.65525 9.13617 8.76241
threshold=1.0000000180025095e-35 2.8839697584089716 30.550000000000004 4.5000000000000009 0.71170035736632797 0.76340990904344486 0.71170035736632797 59.500000000000007 0.76340990904344486 0.71170035736632797 0.76340990904344486 4.5000000000000009 0.64054847581383256 65.500000000000014 30.650000000000002 4.5000000000000009 79.500000000000014 32.500000000000007 32.350000000000001 36.550000000000004 62.500000000000007 4.0000000000000009 4.5000000000000009 3.5000000000000004 30.550000000000004 32.95000000000001 28.850000000000005 0.43519700344886553 5.5000000000000009 25.450000000000003
decision_type=2 2 2 2 2 2 2 2 2 2 2 2 2 2 2 2 2 2 2 2 2 2 2 2 2 2 2 2 2 2
left_child=-1 2 4 7 21 22 27 17 -8 14 11 -11 13 18 -3 16 -16 -4 -9 20 -20 23 -6 26 -13 -22 -2 -5 -12 -30
right_child=1 9 3 6 5 -7 8 12 -10 10 28 24 -14 -15 15 -17 -18 -19 19 -21 25 -23 -24 -25 -26 -27 -28 -29 29 -31
leaf_value=-0.00014792661502583098 8.7550538266404732e-06 1.084216668811866e-05 0.00028990416455050295 -0.0051054136060497829 -0.0019104477823004284 -8.8510214607584461e-05 -0.00072482705539498324 -6.5979834012286356e-05 0.00032492463071608915 -0.0021432375194927358 -0.00061783834297306499 0.00079788285584492247 -0.0038301844141243159 9.3810031031327245e-05 -9.3325934412591416e-05 2.7313111801569034e-05 1.4735292970006567e-05 -7.0029957459472048e-05 7.340377906807084e-05 -4.901662664962281e-05 7.6563586065003797e-06 -8.5675707682142398e-06 0.00042047258242430276 7.26305129183924e-07 -0.00093103723365977058 -4.7898636107479578e-05 2.9761215363816043e-05 1.7090899815269679e-05 -0.0079239180930542451 0.00011587660468309613
leaf_weight=27735 2491 4186 239 125 896 5955 321 407 512 871 26451 189 996 596 579 711 334 3474 381 139 95 384 217 2148 119 213 1420 2645 4415 471054
leaf_count=27735 1413 2292 137 97 438 3857 153 209 372 397 18449 91 552 302 337 395 192 1972 209 63 55 194 137 1298 63 119 734 1547 3179 350402
internal_value=-0.00128164 -4.64264e-05 -0.00191722 -0.00530662 0.000627267 -0.00194539 0.00262975 -0.0096789 -0.00651261 4.05279e-05 5.46612e-07 -0.00858779 -0.00568624 -0.00230748 0.00350258 -0.00144704 -0.00889923 -0.0127188 -0.00787449 -0.00344203 0.000907112 0.00344948 -0.0105795 0.00413847 0.00470779 -0.00892857 0.00610458 0.00537906 2.07204e-05 7.10351e-05
internal_weight=560298 532563 23654 10143 13511 7068 3603 6540 833 508909 503099 1179 2827 1831 5810 1624 913 3713 1235 828 689 6443 1113 6059 308 308 3911 2770 501920 475469
internal_count=417390 389655 13858 5787 8071 4432 2169 3618 525 375797 372581 551 1509 957 3216 924 529 2109 655 446 383 3639 575 3445 154 174 2147 1644 372030 353581
is_linear=0
shrinkage=0.05


Tree=154
num_leaves=31
num_cat=0
split_feature=10 10 7 4 10 3 10 10 4 3 6 10 10 3 3 7 7 3 4 3 7 4 10 10 7 7 7 3 3 4
split_gain=6589.98 17.3235 99.5358 174.351 101.108 69.816 39.7759 35.6196 56.2581 32.0736 21.2666 20.9862 20.9132 19.0667 50.3378 24.0562 27.9827 25.6818 18.5252 14.9908 11.9588 11.3225 11.2528 11.0315 10.1016 9.39754 21.2008 8.69007 9.70971 8.44187
threshold=1.0000000180025095e-35 0.95850667735212247 30.650000000000002 4.5000000000000009 0.71170035736632797 59.500000000000007 0.71170035736632797 0.76340990904344486 4.5000000000000009 79.500000000000014 0.45000000000000007 0.76340990904344486 0.43519700344886553 67.500000000000014 65.500000000000014 32.350000000000001 36.550000000000004 62.500000000000007 5.5000000000000009 89.500000000000014 32.050000000000004 5.5000000000000009 0.8057344511571628 0.53869740972179747 31.850000000000005 33.150000000000013 32.350000000000001 54.500000000000007 30.500000000000004 5.5000000000000009
decision_type=2 2 2 2 2 2 2 2 2 2 2 2 2 2 2 2 2 2 2 2 2 2 2 2 2 2 2 2 2 2
left_child=-1 2 4 5 10 23 12 8 -6 13 18 24 -5 14 15 -7 17 -17 19 -2 -11 27 -15 25 -8 26 -4 28 -12 -9
right_child=1 -3 3 6 7 9 11 29 -10 20 21 -13 -14 22 -16 16 -18 -19 -20 -21 -22 -23 -24 -25 -26 -27 -28 -29 -30 -31
leaf_value=-0.00014053028427453941 2.6083524541387072e-05 -1.9538482615066856e-05 -6.3297958831987075e-05 -0.0048501429257472939 -0.0018410725866581674 -6.2680842311668713e-05 -0.00027342086971619551 -0.00057901380530824833 0.00039944895330308876 -0.0046594349959679779 5.3931410136864868e-05 0.00053591247137473323 1.7569960128521746e-05 -0.0087688440426729464 8.8791250967640289e-05 0.0024250649401215355 -4.6565795317143888e-05 -4.550370430210782e-05 -0.0027774648468551241 1.6170469367693396e-06 3.1367357807154937e-05 1.7737564509534566e-05 0.031216574793908658 -0.0025282443336737239 -0.00068858570262523297 -4.5730743538530128e-05 -4.5730743538530128e-05 4.0394417658240483e-06 -1.7454496055291369e-05 0.0021566442567098332
leaf_weight=27934 6017 504307 1308 147 1577 365 153 2819 431 364 310 504 3269 1075 402 387 128 328 741 1088 315 219 169 962 290 1163 530 1279 1071 280
leaf_count=27934 3269 373337 718 123 759 189 77 1961 245 232 188 382 1887 577 194 211 56 182 499 626 155 113 111 558 138 659 322 701 571 220
internal_value=-0.00132811 -8.51507e-05 -0.00130277 -0.00476642 0.00129169 -0.00939168 0.00318015 -0.00449873 -0.00968625 -0.00428106 0.00404895 -0.00588701 0.00569379 -0.00660477 -0.00301242 -0.00811258 -0.00346975 0.000384615 0.00539765 0.00618227 0.00548601 0.000373394 -0.011254 -0.0139478 -0.0138262 -0.0124542 -0.0102285 -0.000526316 -0.00327661 -0.00113746
internal_weight=559932 531998 27691 11859 15832 7496 4363 5107 2008 3533 10725 947 3416 2854 1610 1208 843 715 7846 7105 679 2879 1244 3963 443 3001 1838 2660 1381 3099
internal_count=417194 389260 15923 6771 9152 4164 2607 3185 1004 1907 5967 597 2010 1520 832 638 449 393 4394 3895 387 1573 688 2257 215 1699 1040 1460 759 2181
is_linear=0
shrinkage=0.05


Tree=155
num_leaves=31
num_cat=0
split_feature=10 12 7 4 10 10 10 4 3 10 7 10 10 10 10 6 3 3 4 7 4 4 7 7 7 3 10 4 7 4
split_gain=6558.52 30.6296 76.2702 121.502 37.8671 61.9288 32.2865 29.6249 28.8847 47.1057 24.623 21.6448 21.0625 16.7285 33.2233 16.371 15.3762 14.501 40.497 25.3119 13.6458 13.499 10.5825 10.9856 11.9225 12.1324 9.24826 9.22059 16.2765 15.8092
threshold=1.0000000180025095e-35 2.4137623969370092 30.550000000000004 4.5000000000000009 0.71170035736632797 0.76340990904344486 0.71170035736632797 4.5000000000000009 65.500000000000014 0.64054847581383256 30.550000000000004 0.76340990904344486 0.53869740972179747 0.71170035736632797 0.76340990904344486 2.2500000000000004 32.500000000000007 81.500000000000014 4.5000000000000009 30.450000000000003 4.5000000000000009 3.5000000000000004 36.45000000000001 32.350000000000001 33.550000000000004 57.500000000000007 11.436025132689617 1.0000000180025095e-35 27.650000000000002 2.5000000000000004
decision_type=2 2 2 2 2 2 2 2 2 2 2 2 2 2 2 2 2 2 2 2 2 2 2 2 2 2 2 2 2 2
left_child=-1 2 13 8 12 7 -5 -6 16 -10 -9 -8 17 15 20 21 -4 18 19 -3 -15 -2 23 -18 -25 -26 -7 28 -28 -29
right_child=1 4 3 6 5 26 11 10 9 -11 -12 -13 -14 14 -16 -17 22 -19 -20 -21 -22 -23 -24 24 25 -27 27 29 -30 -31
leaf_value=-0.00013350377006081244 2.1405473508523399e-05 1.4509574222905849e-06 0.00029911507405492221 1.5357856818082327e-05 -0.0019325509574513679 -0.00016864671885812312 -0.00065415641749396738 0.00037947650563793236 8.4679966931378031e-05 -0.003181558252029626 -0.00075974734513963862 0.00028188277561154717 2.5068958205065608e-05 -0.001722871763852496 0.00028359032484971404 -8.3411643180930646e-06 -6.1261001265378043e-05 1.178170613669316e-05 1.5357856818082327e-05 -5.2451851796142535e-05 0.00054242748759115165 -2.03389649469643e-07 -4.4237505551292246e-05 -4.344420636159807e-05 -6.4241922409569161e-05 -4.3228519087001871e-05 -0.062352447031441827 0.019488410766406086 -0.003264433750170426 0.00042637384680075389
leaf_weight=27784 3018 410 161 2254 1197 344583 257 238 485 813 186 360 4355 667 3837 530 1636 2650 451 704 163 1569 294 1005 629 327 2309 48926 21155 87667
leaf_count=27784 1654 206 83 1338 553 240471 121 120 253 437 96 256 2327 331 2461 284 868 1600 239 412 103 961 132 553 359 213 1977 36782 17307 77207
internal_value=-0.00131693 -8.2014e-05 -0.00210914 -0.00565929 -1.11202e-05 -6.69121e-05 0.00263845 -0.00982418 -0.0101121 -0.00362096 0.00153302 -0.00749595 0.00328471 0.000873876 -0.00129098 0.00284835 -0.0121915 0.000765125 -0.00305112 -0.00816876 -0.0103614 0.00380968 -0.012818 -0.0120726 -0.0095487 -0.013546 -3.55699e-05 0.000278495 -0.000637146 0.000435784
internal_weight=560620 532836 18005 8221 514831 506261 2871 1621 5350 1298 424 617 8570 9784 4667 5117 4052 4215 1565 1114 830 4587 3891 3597 1961 956 504640 160057 23464 136593
internal_count=417488 389704 10407 4613 379297 374513 1715 769 2898 690 216 377 4784 5794 2895 2899 2208 2457 857 618 434 2615 2125 1993 1125 572 373744 133273 19284 113989
is_linear=0
shrinkage=0.05


Tree=156
num_leaves=31
num_cat=1
split_feature=12 12 7 4 3 3 3 3 3 3 3 6 7 7 7 3 3 3 5 4 5 7 0 11 11 12 12 11 12 11
split_gain=6538.17 33.6637 69.3869 103.866 24.6167 23.5371 47.9581 19.0606 18.6928 14.8058 18.9412 14.8055 14.0811 17.7929 15.9335 13.2196 11.184 9.70256 9.33419 8.96306 8.42019 7.94574 7.69381 10.0768 7.02331 28.4982 18.5607 18.1002 13.6642 13.5786
threshold=1.0000000180025095e-35 2.4137623969370092 30.850000000000005 4.5000000000000009 68.500000000000014 65.500000000000014 67.500000000000014 70.500000000000014 31.500000000000004 68.500000000000014 70.500000000000014 7.2500000000000009 36.45000000000001 32.350000000000001 33.550000000000004 57.500000000000007 75.500000000000014 51.500000000000007 1.0000000180025095e-35 3.5000000000000004 1.0000000180025095e-35 26.850000000000005 0 107.50000000000001 43.500000000000007 40.171819322136805 54.496508047678212 63.500000000000007 73.744814714375522 86.500000000000014
decision_type=2 2 2 2 2 2 2 2 2 2 2 2 2 2 2 2 2 2 2 2 2 2 1 2 2 2 2 2 2 2
left_child=-1 2 9 5 -5 8 -7 -6 -4 11 -11 17 13 -10 -15 -16 -8 20 24 -19 -2 -21 23 -20 25 -3 -26 -28 -29 -30
right_child=1 18 3 4 7 6 16 -9 12 10 -12 -13 -14 14 15 -17 -18 19 22 21 -22 -23 -24 -25 26 -27 27 28 29 -31
leaf_value=-0.0001268285815577718 1.3076703391456945e-05 1.0538285472261323e-06 0.00061094437303118774 1.45899639771796e-05 -0.00062144859661926737 8.0117690072689657e-05 -0.0064176651627035012 -2.0803952547865381e-05 -5.8197951202110247e-05 -0.001787298490000977 -0.001479609279784533 -0.00017856350975517705 -4.2025630273723191e-05 -4.1271996043512621e-05 -6.102982628909404e-05 -4.1067093132651783e-05 0.0001404583213839794 1.8232407712737155e-05 0.004048450677164972 1.6860855766531736e-05 -0.037989281877486736 -4.5459453613339034e-06 -0.008757700326950002 -0.08476864369990729 0.0099501898102364386 -0.014813374636845645 -0.014721806397027359 0.019502399698205213 -0.014209872925937894 0.0059970851234808723
leaf_weight=27756 6101 307728 101 2292 167 354 791 214 1414 356 1357 160 301 1004 611 325 98 1367 4978 181 168 516 6770 274 42944 32226 25549 15772 20595 56868
leaf_count=27756 3569 212224 55 1382 89 182 417 162 756 192 939 94 139 566 349 211 58 709 4568 99 128 278 6160 274 30042 27184 21819 11274 18291 46878
internal_value=-0.00134257 -0.000107321 -0.00224018 -0.0058329 0.00212308 -0.010087 -0.00412309 -0.00964567 -0.0120607 0.000460513 -0.00377992 0.00131579 -0.0126471 -0.0117174 -0.00860825 -0.0133013 -0.0103206 0.00160506 -3.3093e-05 0.00457849 0.000626097 -3.5868e-05 -0.00140992 2.85063e-05 -9.96647e-08 -0.000129135 0.000271134 -5.09328e-05 0.000272162 -9.68204e-07
internal_weight=559338 531582 17878 7672 2673 4999 1243 381 3756 10206 1713 8493 3655 3354 1940 936 889 8333 513704 2064 6269 697 12022 5252 501682 339954 161728 118784 93235 77463
internal_count=416844 389088 10374 4366 1633 2733 657 251 2076 6008 1131 4877 2021 1882 1126 560 475 4783 378714 1086 3697 377 11002 4842 367712 239408 128304 98262 76443 65169
cat_boundaries=0 1
cat_threshold=5
is_linear=0
shrinkage=0.05


Tree=157
num_leaves=31
num_cat=0
split_feature=10 12 7 4 10 10 3 10 4 10 7 6 10 10 10 10 3 4 7 4 3 7 7 7 7 3 10 4 3 10
split_gain=6573.25 40.0243 68.3793 123.327 42.7357 49.9011 33.1976 56.1181 32.459 31.9565 29.5598 18.7913 18.4501 17.7885 17.0236 32.0026 16.9762 14.0612 11.472 22.4827 25.7865 11.3603 11.1445 11.1306 10.2963 9.55018 9.47652 8.45341 9.56198 8.41383
threshold=1.0000000180025095e-35 2.4137623969370092 30.550000000000004 4.5000000000000009 0.71170035736632797 0.76340990904344486 65.500000000000014 0.64054847581383256 4.5000000000000009 0.71170035736632797 31.050000000000004 4.0000000000000009 0.53869740972179747 0.76340990904344486 0.71170035736632797 0.76340990904344486 31.500000000000004 4.5000000000000009 30.750000000000004 4.5000000000000009 81.500000000000014 29.450000000000003 36.45000000000001 32.350000000000001 28.250000000000004 82.500000000000014 0.49808169478095882 4.5000000000000009 37.500000000000007 0.51550959266527385
decision_type=2 2 2 2 2 2 2 2 2 2 2 2 2 2 2 2 2 2 2 2 2 2 2 2 2 2 2 2 2 2
left_child=-1 2 11 6 12 8 16 -8 -6 -5 -10 14 18 -11 24 17 -4 -16 21 20 -20 -3 23 -18 -2 -21 -13 28 -26 -28
right_child=1 4 3 9 5 -7 7 -9 10 13 -12 26 -14 -15 15 -17 22 -19 19 25 -22 -23 -24 -25 27 -27 29 -29 -30 -31
leaf_value=-0.00012048715247988323 7.8657516277946822e-06 1.7998245957107086e-06 0.00037857915096941122 1.3860465778320342e-05 -0.0018263909908532217 5.193796533179788e-06 7.6440084081175202e-05 -0.0024890156422417765 0.00036044998892867386 -0.00059037616678830895 -0.00081212141101589814 1.2316956855440432e-06 2.5129366832610247e-05 -0.00039889610778716112 -0.0015473632511598279 0.00029351443072048736 -6.3366254666863406e-05 0.00060467103771164607 -4.0874305199156694e-05 1.4537272549819404e-05 2.8139975326152425e-05 2.6667475970332257e-05 -3.9924348760034259e-05 -4.7283846771151164e-05 -2.8256842180340858e-05 -0.0046162100627923936 -1.0567404897787737e-05 -0.0027047783896104929 2.4484783212064266e-05 -0.0002005091294443595
leaf_weight=27764 2335 1879 101 2225 1192 504637 513 774 303 232 146 93 4468 335 627 3712 1622 148 694 419 245 823 294 1951 381 152 96 333 1677 330
leaf_count=27764 1365 1105 57 1323 556 373739 259 406 151 118 74 55 2392 249 315 2368 870 92 398 227 141 447 138 1135 217 112 46 225 893 188
internal_value=-0.00128149 -4.53789e-05 -0.00237781 -0.00578787 3.51485e-05 -2.44925e-05 -0.0102997 -0.00332168 -0.00872943 0.00270415 0.00272829 0.000441841 0.00351382 -0.00789242 0.000963313 -0.00124248 -0.012563 -0.0104839 0.0011396 -0.00235099 -0.00710863 0.0030903 -0.0130915 -0.0123216 0.00305755 0.00547285 -0.00881503 0.00536386 0.00655977 -0.0119718
internal_weight=560501 532737 17779 8047 514958 506278 5255 1287 1641 2792 449 9732 8680 567 9213 4487 3968 775 4212 1510 939 2702 3867 3573 4726 571 519 2391 2058 426
internal_count=417425 389661 10319 4555 379342 374520 2865 665 781 1690 225 5764 4822 367 5475 2775 2200 407 2430 878 539 1552 2143 2005 2700 339 289 1335 1110 234
is_linear=0
shrinkage=0.05


Tree=158
num_leaves=31
num_cat=0
split_feature=10 12 7 4 10 3 10 10 10 4 7 10 10 10 3 4 3 7 7 7 3 3 7 10 7 4 7 7 10 12
split_gain=6587.64 39.5721 63.6588 109.124 31.5651 29.7531 54.5438 25.0711 50.0541 31.5151 23.2806 22.286 16.2773 27.4856 14.1697 13.6915 13.3266 11.6106 11.4007 11.6186 10.7871 9.72405 17.4606 23.867 12.8933 42.2273 20.4015 8.99397 8.23607 10.3111
threshold=1.0000000180025095e-35 2.4137623969370092 30.550000000000004 4.5000000000000009 0.71170035736632797 65.500000000000014 0.64054847581383256 0.71170035736632797 0.76340990904344486 4.5000000000000009 30.550000000000004 0.76340990904344486 0.71170035736632797 0.76340990904344486 32.500000000000007 4.5000000000000009 44.500000000000007 36.45000000000001 32.350000000000001 33.550000000000004 57.500000000000007 79.500000000000014 29.550000000000004 0.64054847581383256 30.450000000000003 4.5000000000000009 28.150000000000002 28.250000000000004 45.060124023675868 132.7591870966277
decision_type=2 2 2 2 2 2 2 2 2 2 2 2 2 2 2 2 2 2 2 2 2 2 2 2 2 2 2 2 2 2
left_child=-1 2 12 5 -5 14 -7 16 9 -9 -11 -6 27 15 -4 -14 -3 18 -16 -20 -21 24 23 -23 26 -26 -18 -2 29 -10
right_child=1 7 3 4 11 6 -8 8 28 10 -12 -13 13 -15 17 -17 21 -19 19 20 -22 22 -24 -25 25 -27 -28 -29 -30 -31
leaf_value=-0.00011446279485588906 5.6684526314373015e-07 1.9203865370359676e-05 0.00027576558373284269 1.3167442489403492e-05 -0.00056085735844889632 7.2618079877118105e-05 -0.0025958210384357085 -0.0017350714413105651 4.3451677427452934e-05 0.00046484969636574337 -0.00057233548465440156 3.8291839636861452e-05 -0.0014699950886018387 1.5330952390829599e-05 -5.0991800533661814e-05 0.00057443748582606256 -2.4997894526790356e-05 -3.7928131322029213e-05 -4.4919654432595824e-05 -5.5614142636084557e-05 -3.6649546137468292e-05 -5.5524761786718284e-07 2.7695230214935807e-05 0.00022047766213852962 -8.5763151309625757e-05 1.3810408922326767e-05 0.00017565949153418582 2.1046211494613057e-05 0.045391256376028727 -0.017602110827069774
leaf_weight=27842 2635 2558 171 2204 234 507 810 1164 484450 252 189 349 671 3803 1615 160 270 280 1033 602 362 2481 1630 392 642 366 315 2484 2544 17060
leaf_count=27842 1523 1344 87 1316 120 261 424 544 355928 126 97 255 331 2445 869 100 148 134 577 342 236 1461 926 200 382 204 157 1398 2250 15046
internal_value=-0.00129103 -5.07766e-05 -0.00236049 -0.00561712 0.00241299 -0.00977695 -0.00324601 2.96998e-05 -1.59693e-05 -0.00883178 0.00255102 -0.0079331 0.000366554 -0.00178032 -0.0118939 -0.0100181 0.00269817 -0.0125128 -0.0117525 -0.00922634 -0.0131743 0.00142717 0.00261492 0.000269753 -0.00193032 -0.00535714 0.00397436 0.00231002 1.21019e-05 -2.29307e-06
internal_weight=560075 532233 17920 8167 2787 5380 1317 514313 505659 1605 441 583 9753 4634 4063 831 8654 3892 3612 1997 964 6096 4503 2873 1593 1008 585 5119 504054 501510
internal_count=417073 389231 10418 4621 1691 2930 685 378813 373991 767 223 375 5797 2876 2245 431 4822 2158 2024 1155 578 3478 2587 1661 891 586 305 2921 373224 370974
is_linear=0
shrinkage=0.05


Tree=159
num_leaves=31
num_cat=0
split_feature=12 12 7 4 3 3 3 3 3 3 3 3 3 6 7 7 7 3 3 11 4 12 11 12 11 12 11 12 11 4
split_gain=6552.7 40.6461 77.6837 105.84 29.0263 27.7989 42.7079 21.7224 20.6189 13.5511 12.1977 18.6144 17.0584 12.1811 12.1265 9.23335 8.80015 8.31116 8.26561 8.13834 13.1119 12.1892 12.0443 14.4665 24.4954 13.5112 20.8821 14.0549 11.6414 11.2509
threshold=1.0000000180025095e-35 2.4137623969370092 30.550000000000004 4.5000000000000009 68.500000000000014 65.500000000000014 67.500000000000014 31.500000000000004 70.500000000000014 71.500000000000014 68.500000000000014 57.500000000000007 70.500000000000014 0.25000000000000006 36.45000000000001 32.350000000000001 33.550000000000004 57.500000000000007 37.500000000000007 181.50000000000003 1.0000000180025095e-35 153.61360024719701 132.50000000000003 109.41128370308739 91.500000000000014 79.506182294132401 66.500000000000014 58.64657091756181 53.500000000000007 4.5000000000000009
decision_type=2 2 2 2 2 2 2 2 2 2 2 2 2 2 2 2 2 2 2 2 2 2 2 2 2 2 2 2 2 2
left_child=-1 2 10 5 -5 7 -7 -4 -6 -8 11 13 -12 18 15 -9 -17 -18 -2 21 -21 22 23 24 25 26 27 28 -3 -27
right_child=1 19 3 4 8 6 9 14 -10 -11 12 -13 -14 -15 -16 16 17 -19 -20 20 -22 -23 -24 -25 -26 29 -28 -29 -30 -31
leaf_value=-0.00010873965511309461 5.8771751582530529e-05 -6.4704653128226194e-06 0.0005361563325902523 1.2509070364935538e-05 -0.00053281449052645653 6.8658897371143287e-05 -0.0077672519054706075 -4.9570150881972364e-05 -0.0045060645387905779 -0.0011070743754060918 -0.0013964953341717434 1.9993900919884623e-05 -0.0013413694319306725 -1.2321044870622356e-05 -3.6031724755924981e-05 -4.2673671710968812e-05 -5.2833435504284769e-05 -3.4817068830594879e-05 6.5898022810934048e-05 -0.10313691283235027 0.065303080212511591 -0.031696169799659217 0.029697232891221149 -0.020355886831083227 0.025554993946411655 -0.029995566589902635 0.017789268937929079 -0.014305263969222271 0.013512436131677972 0.0013132092799326145
leaf_weight=27747 3267 381103 107 2382 187 407 614 1690 248 255 377 1320 1294 3070 298 1028 609 329 471 471 2356 6335 9743 17015 19015 13088 19366 20833 16735 8888
leaf_count=27747 1965 270267 57 1424 97 201 294 898 182 171 201 676 882 1838 142 580 345 215 235 369 1704 5885 7433 15573 14561 11300 14002 18081 11671 8656
internal_value=-0.0013108 -7.73596e-05 -0.00241603 -0.00602158 0.00181931 -0.0101602 -0.00372257 -0.012183 -0.0100575 -0.00998274 0.000584243 0.0013841 -0.0033064 0.000330494 -0.0127845 -0.011994 -0.00966429 -0.0131663 0.00224719 4.17518e-06 0.00267952 -1.05932e-05 1.67067e-05 -1.74884e-05 3.3401e-05 -3.92924e-05 2.14023e-05 -5.28458e-05 1.34477e-05 -0.00124909
internal_weight=560648 532901 17953 8154 2817 5337 1276 4061 435 869 9799 8128 1671 6808 3954 3656 1966 938 3738 514948 2827 512121 505786 496043 479028 460013 438037 418671 397838 21976
internal_count=417652 389905 10403 4606 1703 2903 666 2237 279 465 5797 4714 1083 4038 2180 2038 1140 560 2200 379502 2073 377429 371544 364111 348538 333977 314021 300019 281938 19956
is_linear=0
shrinkage=0.05


Tree=160
num_leaves=31
num_cat=0
split_feature=12 12 7 4 3 3 3 3 3 7 7 3 7 3 3 6 3 3 7 8 3 7 12 11 11 4 12 11 7 12
split_gain=6580.46 38.0276 68.7567 98.1332 31.3068 25.3804 58.5606 16.8004 14.8895 11.603 11.9749 11.5566 10.4418 10.1751 24.8761 10.6298 9.12346 8.38186 8.09571 7.28235 15.6959 6.9733 6.12225 17.5551 16.4747 14.1956 14.1482 19.146 12.3658 9.95855
threshold=1.0000000180025095e-35 2.4137623969370092 30.850000000000005 4.5000000000000009 68.500000000000014 65.500000000000014 67.500000000000014 70.500000000000014 31.500000000000004 36.45000000000001 32.350000000000001 72.500000000000014 33.550000000000004 68.500000000000014 70.500000000000014 5.8500000000000005 67.500000000000014 57.500000000000007 35.250000000000007 1.266648351648352 56.500000000000007 33.250000000000007 124.27904564315354 128.50000000000003 105.50000000000001 1.0000000180025095e-35 85.071187741763552 79.500000000000014 29.550000000000004 63.629654527088711
decision_type=2 2 2 2 2 2 2 2 2 2 2 2 2 2 2 2 2 2 2 2 2 2 2 2 2 2 2 2 2 2
left_child=-1 2 13 5 -5 8 -7 -6 -4 10 -10 -8 21 15 -15 16 -2 -14 -19 22 -21 -12 24 -24 26 -26 27 29 -28 -3
right_child=1 19 3 4 7 6 11 -9 9 -11 12 -13 17 14 -16 -17 -18 18 -20 20 -22 -23 23 -25 25 -27 28 -29 -30 -31
leaf_value=-0.00010330267235743989 6.9934696694251564e-06 7.1292858447979952e-06 0.00029679314728772721 1.1883616846686263e-05 -0.00050617376600012862 6.5554231014702813e-05 -0.0073786118351520493 -0.0043834116431472978 -5.62977847377244e-05 -3.423013851813206e-05 -4.0539988125420923e-05 -0.00084621117788196342 -5.019176372906831e-05 -0.0014772408818042539 -0.00051782624231552223 -0.00013528550400027466 0.00018888494440453263 -0.047535274454420982 0.0023340140745696405 -0.010026174809640055 0.026278504420125356 0.002314791361881452 -0.032967168784229804 0.0027684815640004246 -0.031263837979904355 0.038669595340799751 -0.036309744018773758 0.026424042637854764 -0.0052658209562505224 -0.011587470653251098
leaf_weight=27831 8101 411123 98 2186 177 380 665 214 1381 301 891 179 606 357 1365 196 204 184 143 1071 2974 149 7595 15258 2199 12450 8166 11333 18669 23431
leaf_count=27831 4687 292869 56 1310 91 190 339 166 745 143 511 119 350 195 923 116 92 128 87 511 1250 73 7311 12886 1839 9304 7074 8255 17285 20307
internal_value=-0.00129926 -5.94873e-05 -0.00233307 -0.00595049 0.00196934 -0.0100512 -0.00379902 -0.0110614 -0.0120903 -0.012606 -0.0117621 -0.0111374 -0.00926254 0.00033992 -0.00316492 0.00104988 0.00132149 -0.0131029 -0.00665138 1.91048e-05 0.00213226 -0.00581731 2.35191e-06 -0.000797488 3.98567e-05 0.00169124 -1.13174e-05 5.57877e-05 -0.00112633 2.87651e-06
internal_weight=559877 532046 17777 7554 2577 4977 1224 391 3753 3655 3354 844 1973 10223 1722 8501 8305 933 327 514269 4045 1040 510224 22853 487371 14649 472722 445887 26835 434554
internal_count=417043 389212 10321 4308 1567 2741 648 257 2093 2037 1894 458 1149 6013 1118 4895 4779 565 215 378891 1761 584 377130 20197 356933 11143 345790 321431 24359 313176
is_linear=0
shrinkage=0.05


Tree=161
num_leaves=31
num_cat=0
split_feature=10 12 7 4 3 10 10 10 10 4 10 7 7 10 10 4 3 7 10 3 7 7 7 4 10 3 10 10 6 4
split_gain=6590.23 31.5875 69.7462 84.8021 33.9628 69.8702 31.3292 27.9507 44.9494 34.1214 21.984 21.9213 15.5672 14.3237 28.5562 15.6407 13.4823 16.2959 18.714 12.3984 11.063 10.5162 18.3589 24.3813 40.896 28.2492 48.5455 13.1508 10.2815 10.1734
threshold=1.0000000180025095e-35 2.4137623969370092 30.850000000000005 4.5000000000000009 65.500000000000014 0.64054847581383256 0.71170035736632797 0.71170035736632797 0.76340990904344486 4.5000000000000009 0.76340990904344486 30.550000000000004 36.45000000000001 0.71170035736632797 0.76340990904344486 4.5000000000000009 31.500000000000004 32.45000000000001 0.51550959266527385 88.500000000000014 32.750000000000007 28.950000000000003 30.450000000000003 4.5000000000000009 0.64054847581383256 80.500000000000014 0.53869740972179747 0.49808169478095882 0.45000000000000007 3.5000000000000004
decision_type=2 2 2 2 2 2 2 2 2 2 2 2 2 2 2 2 2 2 2 2 2 2 2 2 2 2 2 2 2 2
left_child=-1 2 13 4 12 -6 -5 21 9 -9 -8 -11 16 19 15 -15 -4 -18 20 28 -19 -3 -23 24 25 26 -24 -25 29 -2
right_child=1 7 3 6 5 -7 10 8 -10 11 -12 -13 -14 14 -16 -17 17 18 -20 -21 -22 22 23 27 -26 -27 -28 -29 -30 -31
leaf_value=-9.8137538739567903e-05 2.5938531496594309e-05 9.0596724437452818e-07 0.00028195348992334223 1.1289436004352505e-05 6.2276519463966293e-05 -0.0057448757928700526 -0.0004808650777001211 -0.0016483508102716371 -2.5437554062997712e-06 0.00050979807822932319 -0.00011043758042102448 -0.00038800234678884794 -3.2518631592226567e-05 -0.0012528085233729502 0.00027439453746508358 0.00068940242233355711 -4.427675410098031e-05 -0.016595270705858946 -3.0221850914746719e-05 -0.0044177402435310129 -4.7682175542618224e-05 3.2489832676846352e-05 -3.6610390289093521e-05 -0.0043868172621901198 -0.0033457464953062458 2.686498482412092e-05 7.7125731170790693e-05 1.8210731075241073e-05 -1.457406867623929e-07 9.9896297049983929e-06
leaf_weight=27855 2150 3265 91 2038 479 803 226 1140 504666 264 303 188 296 683 3830 193 1489 122 886 392 835 2066 728 183 225 438 626 1157 1897 1030
leaf_count=27855 1120 1837 51 1230 239 425 108 530 373708 132 223 94 144 343 2456 115 803 80 506 294 483 1116 412 135 139 222 348 627 1039 618
internal_value=-0.00129169 -5.19534e-05 -0.00212619 -0.0057611 -0.00955309 -0.0025351 0.00162641 1.95166e-05 -2.87403e-05 -0.00841709 -0.0092155 0.00320796 -0.0119723 0.000577396 -0.00144496 -0.00958904 -0.011021 -0.0115396 -0.00839664 0.00231761 -0.0132445 0.00283149 0.00418126 0.00189902 -0.00157412 0.000948661 -0.00262186 0.00712687 0.00297912 0.00471698
internal_weight=560544 532689 17743 7568 5001 1282 2567 514946 506258 1592 529 452 3719 10175 4706 876 3423 3332 1843 5469 957 8688 5423 3357 2017 1792 1354 1340 5077 3180
internal_count=417432 389577 10277 4292 2731 664 1561 379300 374464 756 331 226 2067 5985 2914 458 1923 1872 1069 3071 563 4836 2999 1883 1121 982 760 762 2777 1738
is_linear=0
shrinkage=0.05


Tree=162
num_leaves=31
num_cat=0
split_feature=10 12 4 3 10 10 3 3 10 10 4 3 3 3 10 11 10 4 10 10 10 3 10 8 6 3 3 6 3 6
split_gain=6571.82 42.6371 33.9618 41.3274 32.1082 67.8436 25.0744 23.7357 47.0031 18.7784 17.4505 13.5939 12.833 12.2014 11.5881 11.3724 11.6949 11.1121 9.99736 9.67997 23.708 13.012 9.28978 14.0193 8.75072 8.90601 8.45415 8.06276 7.83211 7.55733
threshold=1.0000000180025095e-35 2.4137623969370092 4.5000000000000009 30.500000000000004 0.71170035736632797 0.76340990904344486 68.500000000000014 64.500000000000014 0.71170035736632797 0.51550959266527385 4.5000000000000009 88.500000000000014 26.500000000000004 69.500000000000014 0.76340990904344486 1.0000000180025095e-35 2.0183626939843733 3.5000000000000004 0.43519700344886553 0.53869740972179747 0.49808169478095882 89.500000000000014 43.798720862826471 1.5207142857142861 0.45000000000000007 74.500000000000014 37.500000000000007 0.25000000000000006 33.500000000000007 1.0500000000000003
decision_type=2 2 2 2 2 2 2 2 2 2 2 2 2 2 2 2 2 2 2 2 2 2 2 2 2 2 2 2 2 2
left_child=-1 2 3 12 17 10 26 9 -9 -5 -6 -12 -2 -10 -8 -11 -17 19 -19 20 27 -21 29 24 25 -24 28 -3 -4 -7
right_child=1 4 6 7 5 22 14 8 13 15 11 -13 -14 -15 -16 16 -18 18 -20 21 -22 -23 23 -25 -26 -27 -28 -29 -30 -31
leaf_value=-9.323066180258951e-05 -0.00042043227819520417 1.1974285778693084e-05 0.00024167974337222509 -2.9883786061057904e-05 -0.0015725558525120809 8.5908903667220035e-06 -0.0021165675662460129 3.734116777736607e-05 -0.0067224374537509513 2.7425892152932455e-06 -0.00019835494225355912 0.00068093200053653087 5.591104327063723e-05 -0.0011901680972043029 0.00038312862886238919 -4.0348715326643528e-05 0.00037018097792643391 -0.0038787499866927001 1.7300194521480128e-05 2.9639368397277323e-05 -2.8564007965736773e-05 -1.0768900972291108e-06 0.058660985623710721 0.39720802558887036 0.098661644966917095 -0.056694282300488119 1.0724964204134047e-05 -0.047138590096552004 -0.00064738372667751955 -0.00067885340716071778
leaf_weight=27876 536 996 1331 2893 1173 455978 482 2005 337 867 323 109 1761 1039 253 3316 436 404 3302 2087 1252 511 1426 205 627 1161 2445 165 281 44678
leaf_count=27876 324 580 877 1601 541 340322 322 1097 153 461 177 47 1035 627 195 1854 264 282 1814 1111 696 249 1330 85 555 1099 1431 113 201 30036
internal_value=-0.00133453 -9.53738e-05 -0.0024886 -0.00379833 -1.17127e-05 -6.35778e-05 0.00111644 -0.00508354 -0.00160455 -0.00664936 -0.0103271 -0.00173611 0.00229647 -0.00872093 -0.00738095 -0.00467092 -0.00586354 0.00299702 0.00507285 0.00146178 -0.000818483 0.00357968 -3.08982e-05 0.00256654 0.00175793 0.000473521 0.0026559 0.00432817 -0.000155087 -4.86362e-05
internal_weight=560255 532379 17982 13190 514397 505680 4792 10893 3381 7512 1605 432 2297 1376 735 4619 3752 8717 3706 5011 2413 2598 504075 3419 3214 2587 4057 1161 1612 500656
internal_count=417355 389479 10442 7416 379037 374192 3026 6057 1877 4180 765 224 1359 780 517 2579 2118 4845 2096 2749 1389 1360 373427 3069 2984 2429 2509 693 1078 370358
is_linear=0
shrinkage=0.05


Tree=163
num_leaves=31
num_cat=0
split_feature=10 10 10 7 4 10 3 3 10 10 7 10 4 7 3 7 7 3 7 10 4 7 3 6 6 7 6 4 3 3
split_gain=6592.14 17.7541 92.5938 77.4778 156.539 57.9867 52.6389 56.384 43.8227 31.4641 29.9291 21.0253 15.276 15.2263 15.5695 14.9307 21.4119 19.2895 14.4238 13.0028 10.0257 30.42 12.3964 7.39743 9.72496 9.42176 18.3117 8.7622 7.75649 9.00385
threshold=1.0000000180025095e-35 0.95850667735212247 0.71170035736632797 30.650000000000002 4.5000000000000009 0.76340990904344486 65.500000000000014 44.500000000000007 0.64054847581383256 0.64054847581383256 28.950000000000003 0.53869740972179747 5.5000000000000009 30.950000000000003 71.500000000000014 32.350000000000001 36.45000000000001 60.500000000000007 33.550000000000004 0.43519700344886553 4.5000000000000009 31.050000000000004 88.500000000000014 2.3500000000000001 0.25000000000000006 29.150000000000002 1.0000000180025095e-35 2.5000000000000004 72.500000000000014 34.500000000000007
decision_type=2 2 2 2 2 2 2 2 2 2 2 2 2 2 2 2 2 2 2 2 2 2 2 2 2 2 2 2 2 2
left_child=-1 2 3 10 6 20 7 9 -8 11 -2 -5 13 23 -15 -9 17 18 -17 -6 -4 22 -22 24 25 28 -27 -26 29 -7
right_child=1 -3 5 4 19 12 8 15 -10 -11 -12 -13 -14 14 -16 16 -18 -19 -20 -21 21 -23 -24 -25 27 26 -28 -29 -30 -31
leaf_value=-8.8569128712460041e-05 1.6056709040183453e-06 -1.7109164328066306e-05 -0.0014873054771324503 -3.335167037634701e-05 -0.0039735388997459787 -0.0012982938228032093 4.6373366991708803e-05 -4.0568727092882289e-05 -0.0024679857915108961 -0.0030239427325983578 2.1556231392971805e-05 7.2561208040577982e-05 0.0010591707744065982 -0.0017674483259701298 -0.0027557136375641281 -3.4984460407083696e-05 -2.8875264246286392e-05 -2.6693322602677763e-05 -4.3803877462433863e-05 1.1522321297940953e-05 -8.7993352462345527e-06 -0.00055424380823758119 0.00065263141672191607 -0.0067948762759209138 -0.0012383825726032804 0.0012497195056011324 -0.048940195988440516 0.041001715762438752 -0.0026954696205658268 0.018772764719321974
leaf_weight=27937 6761 504647 2356 186 154 234 877 1592 213 203 4087 636 582 257 531 758 329 569 813 3260 403 321 100 113 401 817 94 390 738 202
leaf_count=27937 3845 373357 1114 94 120 146 483 854 127 113 2193 342 440 153 405 446 161 305 497 1880 237 159 44 83 271 561 86 212 594 120
internal_value=-0.00132488 -8.30792e-05 -0.00130911 0.00043791 -0.00283629 -0.00604523 -0.00758582 -0.00972277 0.00238532 0.000756098 0.00333241 0.00510949 -0.00229984 -0.00346174 -0.00964467 -0.0123676 -0.00993317 -0.00810748 -0.0109644 0.00575571 -0.0111792 -0.00643204 0.00124254 -0.00183172 -0.00133866 -0.0031295 0.000686059 0.0033818 -0.00609029 -0.000802752
internal_weight=560561 532624 27977 20438 9590 7539 6176 5086 1090 1025 10848 822 4359 3777 788 4061 2469 2140 1571 3414 3180 824 503 2989 2876 2085 911 791 1174 436
internal_count=417379 389442 16085 11460 5422 4625 3422 2812 610 549 6038 436 3071 2631 558 2263 1409 1248 943 2000 1554 440 281 2073 1990 1507 647 483 860 266
is_linear=0
shrinkage=0.05


Tree=164
num_leaves=31
num_cat=1
split_feature=10 12 3 4 3 10 10 3 10 10 4 3 6 3 3 3 3 10 10 10 8 12 11 12 11 12 12 11 11 0
split_gain=6549.5 39.891 32.9973 36.0257 25.6059 24.1158 73.7701 17.0946 47.2805 17.2397 14.8908 17.555 12.2646 11.9664 11.7377 11.6287 11.4544 10.6594 9.5551 9.21106 18.0414 11.6395 17.0017 18.3276 16.487 16.8159 15.8297 10.5294 10.4732 9.71855
threshold=1.0000000180025095e-35 2.4137623969370092 30.500000000000004 4.5000000000000009 68.500000000000014 0.71170035736632797 0.76340990904344486 64.500000000000014 0.71170035736632797 0.76340990904344486 4.5000000000000009 88.500000000000014 0.25000000000000006 44.500000000000007 80.500000000000014 71.500000000000014 70.500000000000014 0.51550959266527385 0.71170035736632797 19.492436693744434 1.9196774193548392 92.946694042868117 112.50000000000001 120.56933893294615 68.500000000000014 72.733987305007673 63.629654527088711 97.500000000000014 69.500000000000014 0
decision_type=2 2 2 2 2 2 2 2 2 2 2 2 2 2 2 2 2 2 2 2 2 2 2 2 2 2 2 2 2 1
left_child=-1 2 -2 7 18 13 10 9 -9 12 -7 -12 17 -3 -15 -10 -6 -4 -5 29 21 24 28 -24 26 -26 -21 -27 -23 -8
right_child=1 5 3 4 16 6 19 8 15 -11 11 -13 -14 14 -16 -17 -18 -19 -20 20 -22 22 23 -25 25 27 -28 -29 -30 -31
leaf_value=-8.4140672276837027e-05 5.4794139222319461e-05 1.5894154136560554e-05 -2.694583354568847e-05 9.6125999290264115e-06 -0.00032328125509093478 -0.0014195627860298489 -0.0084439551562404801 4.2709182273553693e-05 -0.001273612188680562 -0.00051783540981860117 -0.00016055546508626507 0.00061999984588582144 -1.2273993187768748e-05 -1.0446700754740413e-05 1.3021305066640565e-05 -0.00064583068732919639 -0.0036046111478278582 -3.3235237386730623e-05 -0.000587302349931762 0.017096186390883884 0.34228828492901969 -0.056629735428097794 0.059319066334024839 0.00018241608534772525 0.098084037231172344 0.013688060866122599 -0.021445632950715866 0.0913865447642003 -0.010827707809430721 -1.5531069745344795e-05
leaf_weight=27732 3060 2542 1934 2580 236 1201 42797 2027 919 1313 328 110 1885 1968 4101 492 507 2385 632 11145 312 1395 6362 18108 2918 8634 6151 2122 18700 386141
leaf_count=27732 1872 1342 1064 1532 130 551 34241 1111 443 815 178 48 1003 1110 2339 360 389 1299 420 9663 104 1389 4704 15616 2168 7454 5813 1572 17340 273807
internal_value=-0.00130975 -7.71569e-05 -0.00239288 -0.00336351 0.000726928 3.64053e-06 -4.09736e-05 -0.00484026 -0.00191972 -0.006176 -0.0106315 -0.00273973 -0.00727756 0.00262745 0.00142116 -0.00894755 -0.00763795 -0.00874624 0.00266189 -6.58696e-06 0.000501338 0.000451777 -6.56345e-05 0.000819371 0.00119632 0.00249378 0.00017056 0.00158051 -0.00114332 -9.64009e-05
internal_weight=560737 533005 17970 14910 3955 515035 506424 10955 3438 7517 1639 438 6204 8611 6069 1411 743 4319 3212 504785 75847 75535 44565 24470 30970 13674 17296 10756 20095 428938
internal_count=417609 389877 10438 8566 2471 379439 374648 6095 1914 4181 777 226 3366 4791 3449 803 519 2363 1952 373871 65823 65719 39049 20320 26670 11194 15476 9026 18729 308048
cat_boundaries=0 1
cat_threshold=4
is_linear=0
shrinkage=0.05


Tree=165
num_leaves=31
num_cat=0
split_feature=10 12 7 4 10 10 10 3 10 3 10 10 10 4 3 4 7 7 10 10 3 7 10 7 7 3 7 10 6 6
split_gain=6592.7 36.1267 67.6655 98.2624 24.6396 23.9256 67.8859 23.0493 57.8445 21.9841 20.9897 39.6397 20.8572 19.3408 18.5592 13.3715 19.3816 23.8909 22.2892 39.9482 29.8147 13.0558 11.7296 10.8849 11.2513 16.4504 12.2137 8.94017 8.86324 23.438
threshold=1.0000000180025095e-35 2.4137623969370092 30.450000000000003 4.5000000000000009 0.71170035736632797 0.71170035736632797 0.76340990904344486 65.500000000000014 0.64054847581383256 31.500000000000004 0.71170035736632797 0.76340990904344486 0.76340990904344486 4.5000000000000009 88.500000000000014 4.5000000000000009 30.650000000000002 29.050000000000004 0.64054847581383256 0.53869740972179747 81.500000000000014 31.750000000000004 0.64054847581383256 36.45000000000001 32.350000000000001 60.500000000000007 33.550000000000004 0.49808169478095882 1.0500000000000003 2.0000000000000004
decision_type=2 2 2 2 2 2 2 2 2 2 2 2 2 2 2 2 2 2 2 2 2 2 2 2 2 2 2 2 2 2
left_child=-1 2 10 7 -5 15 13 9 -9 -4 -2 -12 -6 -7 -15 16 17 22 19 20 -18 -17 27 24 -11 26 -26 -3 -8 -30
right_child=1 5 3 4 12 6 28 8 -10 23 11 -13 -14 14 -16 21 18 -19 -20 -21 -22 -23 -24 -25 25 -27 -28 -29 29 -31
leaf_value=-7.9933638662995179e-05 9.7453929948809758e-06 3.1705479769383871e-06 0.00033962568919752579 9.1319699325742576e-06 -0.00030792880873141697 -0.001348584646728357 4.2575807485145668e-05 5.2841507638634603e-05 -0.0023881166377468844 -4.5271200085816866e-05 -0.0010818468675044769 0.00011031417404578915 0.00036368618745649954 -8.7384435861616793e-05 0.00058899985359153197 1.3500295369062165e-05 -5.578881839882755e-05 2.2224005116859108e-05 -0.0030295387100377049 6.7364708083528241e-05 2.3447729433107023e-05 1.2380226946956397e-05 0.00013849983610397058 -2.5769739164638317e-05 -5.1623553273649758e-05 -2.3696894603209008e-05 -4.8114175751175678e-05 -1.6476751267702207e-06 -0.0076361570137919443 0.0006799616383006043
leaf_weight=27962 4974 894 147 2260 272 1208 459921 534 827 1790 741 3718 363 347 118 1735 684 1670 176 715 250 680 508 272 664 553 724 1389 21871 23141
leaf_count=27962 2816 556 81 1350 140 554 343673 274 441 946 385 2386 263 183 50 1051 404 844 112 403 138 348 280 136 392 303 444 715 15813 14601
internal_value=-0.00133441 -9.32202e-05 -0.00230534 -0.00556745 0.00189119 -1.66406e-05 -6.12902e-05 -0.00948557 -0.00383909 -0.0113373 0.000601611 -0.00188944 -0.00681102 -0.0101166 -0.00145161 0.00258304 0.00136812 0.00314391 -0.0029726 -0.00116737 -0.00797645 0.00574534 0.000313508 -0.0120347 -0.0113307 -0.00869397 -0.0115994 -0.00121551 -2.7974e-05 -0.000697592
internal_weight=561108 533146 17839 8406 2895 515307 506606 5511 1361 4150 9433 4459 635 1673 465 8701 6286 4461 1825 1649 934 2415 2791 4003 3731 1941 1388 2283 504933 45012
internal_count=418044 390082 10357 4770 1753 379725 374874 3017 715 2302 5587 2771 403 787 233 4851 3452 2395 1057 945 542 1399 1551 2221 2085 1139 836 1271 374087 30414
is_linear=0
shrinkage=0.05


Tree=166
num_leaves=31
num_cat=0
split_feature=10 12 7 4 3 10 10 10 4 10 10 3 7 10 10 7 7 3 4 7 4 7 10 10 3 7 7 7 7 3
split_gain=6559.18 26.3853 61.9309 89.9893 60.4023 26.9377 24.0754 52.2146 38.3767 23.3522 21.3099 20.1696 18.3353 17.6192 31.9411 13.5695 17.702 19.0381 12.529 11.1482 10.1899 23.4913 27.8781 35.3523 22.3643 21.015 14.5154 9.79669 9.77596 9.34539
threshold=1.0000000180025095e-35 2.4137623969370092 30.550000000000004 4.5000000000000009 65.500000000000014 0.71170035736632797 0.71170035736632797 0.76340990904344486 4.5000000000000009 0.76340990904344486 0.71170035736632797 31.500000000000004 30.550000000000004 0.71170035736632797 0.76340990904344486 36.45000000000001 32.45000000000001 60.500000000000007 4.5000000000000009 33.550000000000004 4.5000000000000009 30.650000000000002 0.64054847581383256 0.53869740972179747 81.500000000000014 28.650000000000002 31.750000000000004 27.450000000000003 32.250000000000007 86.500000000000014
decision_type=2 2 2 2 2 2 2 2 2 2 2 2 2 2 2 2 2 2 2 2 2 2 2 2 2 2 2 2 2 2
left_child=-1 2 13 4 11 -5 20 8 -8 -7 -6 -4 -10 27 18 16 -13 19 -15 -18 21 25 23 24 -23 -3 -22 -2 -12 -29
right_child=1 6 3 5 10 9 7 -9 12 -11 28 15 -14 14 -16 -17 17 -19 -20 -21 26 22 -24 -25 -26 -27 -28 29 -30 -31
leaf_value=-7.5936956729845425e-05 -1.1394266706710176e-06 4.7346076728442083e-07 0.00034962213583665985 8.6753714359455444e-06 4.8290273100737303e-05 -0.00029415560108490005 -0.0012811554143919435 -1.5521537345741798e-05 0.00039534156507939903 0.00034980529219195701 -4.7387247377550518e-05 -4.4135580456516887e-05 -0.00016823855311336457 -0.0010350823057675097 0.00025047930098129892 -2.4481252206409733e-05 -4.90423756099645e-05 -2.2512049873046892e-05 0.00079483835699091239 -3.9660159715778265e-05 1.321063077643625e-05 -3.2902687589642102e-05 -0.04342440890389674 6.3996472679350713e-05 2.1258105105004255e-05 1.9889554605218018e-05 1.2290684336343136e-05 1.4556497520046287e-05 -0.0062676507222905412 -0.0034304370399056944
leaf_weight=27742 1637 2474 110 2219 611 259 1213 504369 246 370 366 1744 192 655 3781 313 611 529 161 716 1737 668 173 688 230 1992 667 3050 331 464
leaf_count=27742 951 1376 60 1329 319 127 561 373705 122 268 180 928 100 327 2415 147 363 279 103 428 1059 388 115 392 128 1010 341 1650 185 324
internal_value=-0.00129721 -6.25263e-05 -0.00194818 -0.0051565 -0.00898987 0.00201896 3.15749e-06 -4.15003e-05 -0.00891884 -0.00711447 0.000344037 -0.0120246 0.00376712 0.000743742 -0.00150642 -0.0126182 -0.01175 -0.00835129 -0.0104779 -0.0115486 0.00262197 0.00155422 -0.00333997 -0.00126103 -0.0077951 0.00348186 0.00538686 0.00275189 -0.00563128 0.00424018
internal_weight=560318 532576 17927 8179 5331 2848 514649 506020 1651 629 1308 4023 438 9748 4597 3913 3600 1856 816 1327 8629 6225 1759 1586 898 4466 2404 5151 697 3514
internal_count=417422 389680 10383 4613 2889 1724 379297 374488 783 395 684 2205 222 5770 2845 2145 1998 1070 430 791 4809 3409 1023 908 516 2386 1400 2925 365 1974
is_linear=0
shrinkage=0.05


Tree=167
num_leaves=31
num_cat=0
split_feature=10 12 7 4 3 10 10 10 3 10 10 4 3 3 7 3 3 3 7 10 7 4 7 10 6 7 7 3 7 3
split_gain=6574.02 18.2703 46.6677 81.6486 54.7552 23.0843 22.9102 67.9798 20.5546 20.2925 20.7128 16.3786 15.0463 24.8275 21.3783 13.9272 12.2629 11.4668 19.6433 19.3092 12.1779 36.8322 18.5388 11.7914 17.5912 11.2648 12.0655 19.55 13.6902 8.72777
threshold=1.0000000180025095e-35 2.4137623969370092 30.450000000000003 4.5000000000000009 65.500000000000014 0.71170035736632797 0.71170035736632797 0.76340990904344486 31.500000000000004 0.71170035736632797 0.76340990904344486 4.5000000000000009 68.500000000000014 70.500000000000014 28.650000000000002 44.500000000000007 88.500000000000014 79.500000000000014 29.550000000000004 0.64054847581383256 30.250000000000004 4.5000000000000009 27.850000000000005 0.51550959266527385 0.95000000000000007 36.45000000000001 32.350000000000001 60.500000000000007 33.550000000000004 64.500000000000014
decision_type=2 2 2 2 2 2 2 2 2 2 2 2 2 2 2 2 2 2 2 2 2 2 2 2 2 2 2 2 2 2
left_child=-1 2 12 4 8 -6 15 11 -4 -5 -11 -8 14 -14 -2 -3 -13 20 19 23 22 -22 -17 -19 -25 26 -10 28 -28 -16
right_child=1 6 3 9 5 -7 7 -9 25 10 -12 16 13 -15 29 17 -18 18 -20 -21 21 -23 -24 24 -26 -27 27 -29 -30 -31
leaf_value=-7.214010889335314e-05 -3.2065356661004077e-07 1.3830815459509039e-05 0.00022423010464879268 8.2416028641507662e-06 4.5875759445701547e-05 -0.0047952580141197966 -0.0012170976436723492 -4.3880893219938599e-05 -3.785245744742927e-05 -0.00027944782103065394 0.00045865482498307634 -0.00011009660488778272 -0.00088676735038983878 -0.0010535956285879888 1.873389735586595e-05 -2.5578134620485306e-05 0.00050530668538471552 2.1813678157067696e-06 6.8718160538083778e-05 0.00020112040331100403 -7.4756415445731419e-05 1.0024074578446342e-05 0.00015871325877786502 -4.1445410299045807e-06 0.047390166973714336 -2.3257189596093133e-05 -4.7444931358270327e-05 -2.1386447379390107e-05 -4.1276104912613132e-05 3.2043272203874375e-05
leaf_weight=27861 5366 2536 148 2277 644 687 1209 504065 1706 277 383 341 312 1262 2157 243 102 1452 1632 380 674 369 290 930 115 262 681 581 728 372
leaf_count=27861 3162 1330 80 1361 336 365 557 373721 908 141 269 183 176 860 1205 135 46 904 920 200 414 211 146 512 49 128 401 309 444 180
internal_value=-0.0013241 -8.46047e-05 -0.00165751 -0.00437664 -0.00800533 0.000807663 -3.00386e-05 -7.36084e-05 -0.0108622 0.00234082 -0.00537879 -0.0101998 0.000747175 -0.00371665 0.00163711 0.00252581 -0.00197517 0.00122843 0.00251164 2.60688e-05 -0.00244289 -0.00558485 0.00370544 -0.00157189 -0.00562201 -0.0115462 -0.010836 -0.00819095 -0.0113733 0.00542705
internal_weight=560042 532181 17843 8374 5437 1331 514338 505717 4106 2937 660 1652 9469 1574 7895 8621 443 6085 4509 2877 1576 1043 533 2497 1045 3958 3696 1990 1409 2529
internal_count=417514 389653 10325 4742 2971 701 379328 374507 2270 1771 410 786 5583 1036 4547 4821 229 3491 2585 1665 906 625 281 1465 561 2190 2062 1154 845 1385
is_linear=0
shrinkage=0.05


Tree=168
num_leaves=31
num_cat=0
split_feature=10 10 10 10 7 10 7 4 3 7 4 7 4 12 7 3 4 7 6 3 4 7 3 4 3 6 7 10 3 10
split_gain=6563.18 21.3076 71.3998 64.9052 51.6605 38.9578 55.1799 99.4106 39.5536 16.9885 16.492 34.0642 14.2662 12.8406 17.2955 14.6421 25.0416 13.5936 12.1742 15.7534 13.4925 12.8038 11.3874 11.1082 10.6739 10.2983 10.115 11.8934 10.102 8.70998
threshold=1.0000000180025095e-35 0.95850667735212247 0.71170035736632797 0.76340990904344486 36.650000000000013 0.53869740972179747 30.650000000000002 4.5000000000000009 81.500000000000014 28.250000000000004 4.5000000000000009 31.050000000000004 5.5000000000000009 2.1493162136698172 30.150000000000002 65.500000000000014 4.5000000000000009 33.050000000000004 0.45000000000000007 88.500000000000014 4.5000000000000009 26.850000000000005 88.500000000000014 5.5000000000000009 62.500000000000007 4.0000000000000009 28.950000000000003 0.64054847581383256 49.500000000000007 1.4227507702095894
decision_type=2 2 2 2 2 2 2 2 2 2 2 2 2 2 2 2 2 2 2 2 2 2 2 2 2 2 2 2 2 2
left_child=-1 2 4 10 5 6 18 8 -8 -7 -4 22 -5 14 -11 16 17 -16 19 20 -2 25 -12 -18 -19 -20 27 -15 -9 -3
right_child=1 29 3 12 -6 9 7 28 -10 13 11 -13 -14 26 15 -17 23 24 21 -21 -22 -23 -24 -25 -26 -27 -28 -29 -30 -31
leaf_value=-6.8533103448685493e-05 2.5719458224127135e-05 0.00016728867589468346 -0.0011562427614887349 -0.00084839348428432664 -2.2094330116284591e-05 -1.24638881804362e-06 -3.0061458187380376e-05 9.522870849526522e-06 0.00013066520760685597 2.1268515972744376e-05 -8.0276542868351616e-06 -0.00042808396696089048 0.0011174668154870504 -5.4325643574104633e-06 -3.0432684663950218e-05 3.3223346150623725e-05 1.2534371999495253e-05 0.0022272180967454758 3.9506540506376958e-05 -0.0013409803627985153 -0.0030670555159356318 -8.0984175127030156e-06 0.00051451744838875162 -0.047494153029036389 -2.3136869093644724e-05 -1.4703502922600959e-05 1.7842207831089696e-05 0.00013941387596619892 2.1686399416437351e-06 -3.2188532326649087e-05
leaf_weight=27773 2425 7799 2304 3824 319 2107 3107 616 339 849 406 366 582 272 660 523 303 150 583 767 613 957 105 231 199 152 3565 273 1245 497258
leaf_count=27773 1343 4831 1088 2690 149 1111 1753 330 193 427 232 182 440 154 358 279 155 80 321 511 411 577 45 163 109 86 1885 149 805 368976
internal_value=-0.00130353 -6.85402e-05 -0.00141513 -0.00555226 0.000134535 0.000453953 -0.00157812 -0.00521481 -0.0102438 0.00285808 -0.010995 -0.00515964 -0.00162279 0.00403915 0.00150086 -0.000968054 -0.00341866 -0.00805253 0.00193287 0.00350197 0.0051185 -0.00159574 0.00318004 0.00533708 -7.16332e-05 0.00336735 0.00583942 -0.000504587 0.00409726 5.69243e-06
internal_weight=560672 532899 27842 7587 20255 19936 10804 5307 3446 9132 3181 877 4406 7025 2915 2066 1543 1009 5497 3805 3038 1692 511 534 349 735 4110 545 1861 505057
internal_count=417606 389833 16026 4677 11349 11200 6330 3081 1946 4870 1547 459 3130 3759 1571 1144 865 547 3249 2265 1754 984 277 318 189 407 2188 303 1135 373807
is_linear=0
shrinkage=0.05


Tree=169
num_leaves=31
num_cat=0
split_feature=10 12 7 7 10 10 3 10 3 3 7 10 10 7 10 7 6 3 6 11 12 10 11 12 11 12 10 11 10 12
split_gain=6589.09 24.9823 51.9298 28.4231 23.5732 58.3894 23.5071 24.9348 27.2728 21.073 14.0354 13.0447 33.2825 12.6133 20.1238 14.0029 10.6015 10.4015 12.8652 8.76969 17.7766 16.0495 12.4889 16.6746 14.1296 16.8831 17.0223 13.0618 11.8572 11.52
threshold=1.0000000180025095e-35 2.4137623969370092 30.650000000000002 36.650000000000013 0.71170035736632797 0.76340990904344486 65.500000000000014 0.71170035736632797 70.500000000000014 31.500000000000004 32.150000000000013 0.71170035736632797 0.76340990904344486 28.950000000000003 0.53869740972179747 30.650000000000002 0.15000000000000005 88.500000000000014 0.45000000000000007 24.500000000000004 28.810648890454171 9.8218241608387924 43.500000000000007 52.695837462067267 63.500000000000007 69.196973395167205 22.390409850146685 72.500000000000014 14.429601974265035 45.682441973419749
decision_type=2 2 2 2 2 2 2 2 2 2 2 2 2 2 2 2 2 2 2 2 2 2 2 2 2 2 2 2 2 2
left_child=-1 2 11 6 13 -6 9 -8 16 -4 -11 17 -13 -3 15 -15 -9 18 -2 -7 21 -21 29 28 -25 26 -26 -27 -24 -22
right_child=1 4 3 -5 5 19 7 8 -10 10 -12 12 -14 14 -16 -17 -18 -19 -20 20 22 -23 23 24 25 27 -28 -29 -30 -31
leaf_value=-6.5106448276251212e-05 2.1670252825733061e-05 1.2582673327155015e-07 0.00041039133007099161 -2.0989613610467028e-05 -0.00090574797529965336 -0.00014703741121783559 3.2907695211659151e-05 -0.0055197559539819979 0.00037910343338148358 -2.9326964252096579e-05 -2.2664859595933342e-05 -0.00080702930162383313 0.00022960693481582917 2.0565397456251414e-05 1.6493742557771585e-05 -1.5637211478308765e-05 -0.00041042049692073079 -0.0037590652919706974 -2.942263797859705e-07 0.0025969664170369944 -0.0015360380450571754 0.050568032106977912 0.0059879263612033998 -0.010391431451496392 0.013447616896565449 -0.022358141884751603 0.15677423034171803 0.0033647020521920369 0.042397211721139173 -0.014391823127419025
leaf_weight=27848 2939 3204 266 334 1588 223350 949 339 473 1831 3668 856 3881 998 2785 1545 136 374 1828 30074 65970 4513 31158 29974 10998 8071 1282 75177 7608 16066
leaf_count=27848 1633 1802 156 158 752 155564 527 171 307 995 2180 436 2469 558 1489 889 64 278 1020 19538 49922 3217 21282 25430 7406 7301 984 62667 5654 14452
internal_value=-0.0012911 -5.05886e-05 -0.00188822 -0.00488369 1.32689e-05 -3.06922e-05 -0.00426129 0.000566684 -0.00516878 -0.00584996 -0.00651482 0.000536546 -0.00135634 0.00261955 0.00411036 0.000894613 -0.0136316 0.00228068 0.00291064 -5.45374e-07 0.000185392 0.00124686 3.63372e-05 0.000287944 7.968e-06 0.000305146 0.00203583 4.9851e-05 0.00119435 -0.000467478
internal_weight=560083 532235 17874 7996 514361 505829 7662 1897 948 5765 5499 9878 4737 8532 5328 2543 475 5141 4767 504241 280891 34587 246304 164268 125502 95528 12280 83248 38766 82036
internal_count=417149 389301 10394 4558 378907 374169 4400 1069 542 3331 3175 5836 2905 4738 2936 1447 235 2931 2653 373417 217853 22755 195098 130724 103788 78358 8390 69968 26936 64374
is_linear=0
shrinkage=0.05


Tree=170
num_leaves=31
num_cat=0
split_feature=10 12 7 4 3 3 10 10 10 4 4 7 10 7 3 10 7 7 7 10 10 4 7 3 10 10 7 3 1 10
split_gain=6615.39 16.4426 49.2188 82.8572 59.904 23.3365 20.0852 14.5456 59.8922 41.6188 18.2442 20.212 44.5334 28.5562 27.7629 23.6649 16.2808 15.3289 14.3902 13.6432 16.9821 20.487 13.0855 19.3115 10.8923 11.1364 9.50225 9.36562 8.44402 7.94148
threshold=1.0000000180025095e-35 2.2363309441816805 30.850000000000005 4.5000000000000009 65.500000000000014 31.500000000000004 0.64054847581383256 0.71170035736632797 0.76340990904344486 4.5000000000000009 4.5000000000000009 30.650000000000002 0.53869740972179747 29.050000000000004 81.500000000000014 0.64054847581383256 30.550000000000004 31.750000000000004 36.45000000000001 0.71170035736632797 0.76340990904344486 4.5000000000000009 32.350000000000001 60.500000000000007 0.64054847581383256 0.49808169478095882 31.150000000000002 89.500000000000014 1.0000000180025095e-35 0.51550959266527385
decision_type=2 2 2 2 2 2 2 2 2 2 2 2 2 2 2 2 2 2 2 2 2 2 2 2 2 2 2 2 2 2
left_child=-1 2 19 4 5 -4 -6 10 9 -9 11 13 14 24 -13 -14 -11 28 22 27 21 -21 -7 -24 25 -3 -5 -2 -12 -19
right_child=1 7 3 26 6 18 -8 8 -10 16 17 12 15 -15 -16 -17 -18 29 -20 20 -22 -23 23 -25 -26 -27 -28 -29 -30 -31
leaf_value=-6.185112586243865e-05 8.4834888347114688e-06 8.0858650014559167e-06 0.00072941323151363155 -0.0036910584226667251 4.2184578561266232e-05 -2.7860616039487862e-05 -0.0052419184932913756 -0.0010465206418952878 2.7896325133188366e-05 0.00035151461491530204 2.3821661569093749e-06 -3.1192967249427107e-05 5.8388310752965912e-05 1.5082008354877497e-05 1.2025129872872409e-05 -0.00059344775914479215 -0.0001306919709137544 8.4866221582602385e-06 -1.9940132929940901e-05 -0.00088610128219130952 0.0001664733863143549 0.00077166995271918675 -4.0250014875642394e-05 -1.7966240112845165e-05 0.00012875486375548141 -2.0137304429734827e-06 8.4866221582602385e-06 -0.0036472489365923428 0.00053943341336374349 9.8285878809667444e-06
leaf_weight=27885 4886 879 109 108 413 1260 363 1528 505813 293 1480 1096 784 1766 253 217 265 218 287 569 2856 169 1180 563 550 1494 2083 263 291 674
leaf_count=27885 2708 547 57 80 215 666 181 710 374357 151 922 628 428 890 141 137 139 138 135 283 1800 97 720 307 298 764 1253 199 153 328
internal_value=-0.00125987 -1.71763e-05 -0.00164306 -0.00498743 -0.00911976 -0.0119815 0.00341495 3.02839e-05 -6.34969e-06 -0.00846117 0.00194805 0.000614434 -0.00317021 0.0025112 -0.00909933 0.00482018 0.00322581 0.00547315 -0.0127356 0.000792062 -0.00157206 -0.00833333 -0.0117133 -0.00890706 -0.000521724 -0.00199115 0.00288681 0.00244222 0.00278091 0.0108184
internal_weight=560595 532710 15109 6366 4175 3399 776 517601 507899 2086 9702 7039 2350 4689 1349 1001 558 2663 3290 8743 3594 738 3003 1743 2923 2373 2191 5149 1771 892
internal_count=417317 389432 8701 3614 2281 1885 396 380731 375357 1000 5374 3833 1334 2499 769 565 290 1541 1828 5087 2180 380 1693 1027 1609 1311 1333 2907 1075 466
is_linear=0
shrinkage=0.05


Tree=171
num_leaves=31
num_cat=0
split_feature=10 12 7 4 7 3 10 10 4 7 10 10 10 3 6 10 7 10 7 4 3 7 3 3 3 3 7 10 3 3
split_gain=6610.72 19.1066 40.2985 31.7553 78.1131 65.8682 21.7455 50.3807 37.5542 20.2924 18.6638 49.2489 17.5218 17.1776 15.4043 12.6898 12.6759 19.1511 18.5173 22.1477 31.6825 12.1176 22.0866 12.0239 11.6588 11.4853 11.4711 10.2369 9.40804 9.39308
threshold=1.0000000180025095e-35 2.4137623969370092 36.650000000000013 4.5000000000000009 30.550000000000004 65.500000000000014 0.71170035736632797 0.76340990904344486 4.5000000000000009 31.050000000000004 0.71170035736632797 0.76340990904344486 0.71170035736632797 31.500000000000004 0.45000000000000007 0.43519700344886553 28.950000000000003 0.53869740972179747 30.650000000000002 4.5000000000000009 81.500000000000014 32.350000000000001 60.500000000000007 61.500000000000007 30.500000000000004 82.500000000000014 33.550000000000004 0.71170035736632797 69.500000000000014 87.500000000000014
decision_type=2 2 2 2 2 2 2 2 2 2 2 2 2 2 2 2 2 2 2 2 2 2 2 2 2 2 2 2 2 2
left_child=-1 2 3 4 10 13 16 8 -8 -10 14 -12 -7 -6 29 -5 -3 18 -18 20 -20 -15 26 24 -16 -21 -23 -17 -14 -2
right_child=1 6 -4 15 5 12 7 -9 9 -11 11 -13 28 21 23 27 17 -19 19 25 -22 22 -24 -25 -26 -27 -28 -29 -30 -31
leaf_value=-5.8758569569316714e-05 2.1848149565014316e-05 4.2708876435426647e-10 -1.8943126283443858e-05 -0.0032202860186095177 0.00057414842678014109 4.0075349633200699e-05 -0.0010008171925545595 4.9050337618439248e-05 0.00031413340155764247 -0.00058636150378883485 -0.0008344684364434918 0.00021625540804531829 -0.0051914421241881399 -3.198111209807471e-05 4.0948168279075775e-05 8.0622910503480579e-06 2.2651115022365165e-05 1.5531913705929545e-05 -4.3771840481365845e-05 9.3818906776751046e-06 9.9474959711194185e-05 -3.9569193628596901e-05 -1.6763935791785924e-05 6.6057874945735236e-06 -6.4240014010249105e-06 -0.0037797301540772018 -3.8237514131855836e-05 -1.1099929844893276e-05 0.00011687498711033807 -0.04693722800775451
leaf_weight=27831 2234 3238 356 343 99 645 1181 504408 312 134 680 2941 162 1693 276 2847 1070 2814 692 440 245 668 587 417 914 162 741 1621 449 357
leaf_count=27831 1182 1816 164 261 53 337 545 373292 162 64 330 1815 72 895 164 1669 590 1518 410 238 131 396 315 201 498 122 461 1091 259 249
internal_value=-0.00124408 -3.00342e-06 -0.00160288 -0.0012674 -0.00256355 -0.00741475 5.3041e-05 1.0523e-05 -0.00877382 0.00358744 0.000565929 -0.00206435 0.00250796 -0.0107049 0.00283468 0.00219809 0.00253724 0.00401531 0.000929475 -0.00258285 -0.00739061 -0.0112564 -0.00861723 -0.0010112 -0.00357143 0.00490033 -0.0120121 0.00290958 -0.00355974 0.00521999
internal_weight=560557 532726 18030 17674 12863 5044 514696 506035 1627 446 7819 3621 1256 3788 4198 4811 8661 5423 2609 1539 937 3689 1996 1607 1190 602 1409 4468 611 2591
internal_count=417131 389300 10412 10248 7227 2788 378888 374063 771 226 4439 2145 668 2120 2294 3021 4825 3009 1491 901 541 2067 1172 863 662 360 857 2760 331 1431
is_linear=0
shrinkage=0.05


Tree=172
num_leaves=31
num_cat=0
split_feature=10 12 7 4 3 10 10 10 4 7 3 10 10 7 7 10 7 4 3 3 3 3 7 10 3 7 4 11 12 11
split_gain=6601.2 24.2015 44.7064 101.065 61.8703 24.5876 21.2548 45.5317 35.1682 20.3804 18.8086 14.4293 31.5934 14.4247 12.6463 19.6843 20.7449 21.784 22.5519 11.1769 10.6822 10.0296 9.31952 10.5905 9.1517 22.2228 8.00706 7.84075 11.6847 22.5637
threshold=1.0000000180025095e-35 2.4137623969370092 30.450000000000003 4.5000000000000009 65.500000000000014 0.71170035736632797 0.71170035736632797 0.76340990904344486 4.5000000000000009 31.050000000000004 31.500000000000004 0.71170035736632797 0.76340990904344486 36.45000000000001 28.950000000000003 0.53869740972179747 30.650000000000002 4.5000000000000009 81.500000000000014 82.500000000000014 70.500000000000014 88.500000000000014 27.350000000000005 0.53869740972179747 60.500000000000007 32.45000000000001 4.5000000000000009 191.50000000000003 145.1325398666697 140.50000000000003
decision_type=2 2 2 2 2 2 2 2 2 2 2 2 2 2 2 2 2 2 2 2 2 2 2 2 2 2 2 2 2 2
left_child=-1 2 11 4 10 -6 14 8 -8 -10 -4 21 26 24 -3 16 -16 18 -18 -19 -7 22 23 -2 -12 -26 -13 28 29 -9
right_child=1 6 3 -5 5 20 7 27 9 -11 13 12 -14 -15 15 -17 17 19 -20 -21 -22 -23 -24 -25 25 -27 -28 -29 -30 -31
leaf_value=-5.5820641090850875e-05 1.1570516837722257e-05 -7.6445376691787936e-08 0.00015417263732566224 7.5920782116933875e-06 3.8071582151538721e-05 -0.0052432114702365088 -0.00094415375017279377 1.9319548589802339e-07 0.00031456100129436673 -0.00055738250788487005 -3.4074671032457986e-05 -0.00075177260149532636 0.00012408828814671944 -1.799596996927555e-05 2.1518559271249683e-05 1.3472666411310877e-05 -2.5915920113317448e-05 8.8680639530325234e-06 4.9280491218356428e-06 -0.0036879942990760682 0.00021097095263029054 -0.0033038721888322495 1.2947597485912788e-05 -6.9879164436126302e-06 -2.9979765722376597e-05 -1.5925739002198293e-05 0.00048385480211719513 0.056269992948118033 -0.02254020462926061 0.06200014318074807
leaf_weight=27874 924 3214 131 2866 650 369 1202 486836 323 128 2783 641 3769 290 1084 2753 679 408 261 161 325 377 3118 585 358 540 114 1669 11407 4720
leaf_count=27874 524 1802 73 1746 344 167 554 358876 167 66 1593 315 2403 138 592 1469 397 220 147 121 203 279 1708 337 192 286 74 1203 10355 3270
internal_value=-0.00128046 -3.92821e-05 -0.00184978 -0.0045296 -0.0085292 0.00078125 2.34537e-05 -1.83197e-05 -0.00830309 0.0036031 -0.0115797 0.000488035 -0.00155836 -0.0121947 0.00249416 0.00398429 0.000858079 -0.00293241 -0.00760638 0.0047891 -0.00576369 0.00233813 0.00297709 -0.000248509 -0.0113488 -0.00695991 -0.010894 8.81831e-06 -2.53498e-06 3.41772e-05
internal_weight=560559 532685 17840 8312 5446 1344 514845 506285 1653 451 4102 9528 4524 3971 8560 5346 2593 1509 940 569 694 5004 4627 1509 3681 898 755 504632 502963 491556
internal_count=417495 389621 10382 4742 2996 714 379239 374491 787 233 2282 5640 2792 2209 4748 2946 1477 885 544 341 370 2848 2569 861 2071 478 389 373704 372501 362146
is_linear=0
shrinkage=0.05


Tree=173
num_leaves=31
num_cat=0
split_feature=10 12 7 4 7 10 10 10 4 10 10 10 12 4 12 6 10 12 10 10 9 7 7 10 6 10 12 11 12 12
split_gain=6575.63 19.5796 38.307 27.7929 67.383 30.2892 22.9161 64.8218 19.6427 18.2473 17.2448 30.5442 25.2502 15.1577 14.5131 13.9698 12.1315 11.6102 9.6589 9.46246 8.62296 8.05521 19.5424 11.4885 8.016 7.58148 7.48788 14.5686 14.0592 10.3756
threshold=1.0000000180025095e-35 2.4137623969370092 36.650000000000013 4.5000000000000009 30.550000000000004 0.57943257550478033 0.71170035736632797 0.76340990904344486 4.5000000000000009 0.64054847581383256 0.76340990904344486 0.71170035736632797 1.9868533539064621 3.5000000000000004 5.7578494514952849 0.45000000000000007 0.43519700344886553 1.9868533539064621 0.43519700344886553 0.43519700344886553 7.5000000000000009 32.350000000000001 33.550000000000004 0.53869740972179747 4.0000000000000009 0.51550959266527385 154.86503487242877 144.50000000000003 108.46276005306078 109.41128370308739
decision_type=2 2 2 2 2 2 2 2 2 2 2 2 2 2 2 2 2 2 2 2 2 2 2 2 2 2 2 2 2 2
left_child=-1 2 3 4 9 16 13 8 -8 15 11 12 20 -3 -10 -2 -6 -7 -5 -15 -11 -18 -23 -24 -12 -20 27 29 -29 -9
right_child=1 6 -4 18 5 17 7 26 14 10 24 -13 -14 19 -16 -17 21 -19 25 -21 -22 22 23 -25 -26 -27 -28 28 -30 -31
leaf_value=-5.3029609036308334e-05 1.8797378996074368e-05 1.9862224944738885e-06 -1.7096171470809553e-05 -0.0029245851035053102 0.00019268100715580754 -0.0082138885553842637 -0.0009035686454181846 4.9586264698642246e-05 -1.354629085514869e-05 -5.9341508418975235e-05 0.00024120269613047142 -0.00075916394798141167 0.00016665342297225716 -0.0034016168093005611 0.00048506852384593295 -4.8830021634471699e-07 -2.2036855705986904e-05 1.7167072222140645e-05 8.9808894366605333e-06 9.856395328444734e-06 5.2459699290619924e-05 -1.5722696036390982e-05 -2.5549444001871092e-05 -1.7128083354722714e-05 -0.0035245086197116006 6.229790841688621e-06 -0.023651034308891462 -0.10278333000083512 0.050131738731526099 -0.014123231090563772
leaf_weight=27777 1923 4989 308 336 110 256 1177 469284 318 524 2843 663 291 402 104 1377 1361 1436 1140 3268 119 880 734 176 110 3227 7377 170 6096 21358
leaf_count=27777 1101 2733 140 252 64 154 549 343134 168 274 1741 327 135 280 44 765 721 774 668 1788 59 476 440 108 72 2047 6603 120 4470 19204
internal_value=-0.00128344 -4.59748e-05 -0.00167565 -0.0013681 -0.00257557 -0.00714214 1.04462e-05 -3.32092e-05 -0.0100844 0.000305732 -0.00174725 -0.005933 -0.000107066 0.00256092 -0.000829384 0.00313636 -0.0099586 -0.00171395 0.00191899 0.005 -0.00563764 -0.0105284 -0.00832402 -0.0134615 0.000516424 0.00254752 -1.33853e-06 2.21369e-05 0.00241781 -8.45831e-06
internal_weight=560134 532357 17814 17506 12803 4953 514543 505884 1599 7850 4550 1597 934 8659 422 3300 3261 1692 4703 3670 643 3151 1790 910 2953 4367 504285 496908 6266 490642
internal_count=417188 389411 10318 10178 7211 2737 379093 374292 761 4474 2608 795 468 4801 212 1866 1809 928 2967 2068 333 1745 1024 548 1813 2715 373531 366928 4590 362338
is_linear=0
shrinkage=0.05


Tree=174
num_leaves=31
num_cat=0
split_feature=10 12 7 10 10 12 4 7 10 10 10 6 7 7 10 6 4 7 10 10 10 7 10 7 10 10 11 7 12 10
split_gain=6618.83 10.9572 35.3199 20.0817 41.8086 31.0401 18.7717 42.3084 19.2914 28.8548 16.5902 22.0127 18.9316 15.7612 24.5553 14.2479 13.7987 19.8881 13.3778 12.9628 12.4941 11.5179 21.3884 11.211 10.7166 9.75941 10.4623 9.63801 9.2474 8.88275
threshold=1.0000000180025095e-35 2.4137623969370092 36.650000000000013 0.71170035736632797 0.76340990904344486 5.7578494514952849 4.5000000000000009 30.450000000000003 0.71170035736632797 0.76340990904344486 0.57943257550478033 1.0000000180025095e-35 33.050000000000004 28.950000000000003 0.53869740972179747 0.45000000000000007 3.5000000000000004 30.050000000000004 0.64054847581383256 0.49808169478095882 0.43519700344886553 32.45000000000001 0.53869740972179747 31.250000000000004 0.53869740972179747 45.060124023675868 140.50000000000003 29.150000000000002 135.13093714134376 0.71170035736632797
decision_type=2 2 2 2 2 2 2 2 2 2 2 2 2 2 2 2 2 2 2 2 2 2 2 2 2 2 2 2 2 2
left_child=-1 2 6 13 5 -5 7 8 15 -10 11 12 19 -3 16 -2 17 -15 23 -9 -8 -13 -23 -12 -14 -6 28 -11 -27 -22
right_child=1 3 -4 4 25 -7 20 10 9 27 18 21 24 14 -16 -17 -18 -19 -20 -21 29 22 -24 -25 -26 26 -28 -29 -30 -31
leaf_value=-5.0378128584492918e-05 1.7398890186015594e-05 -4.8859176325910531e-07 -1.6241362897273517e-05 -0.00085176763039324088 -3.8122100917092898e-05 6.2160313043457821e-06 -0.0027783558483300448 1.1963084313004746e-06 -0.00067622577402148831 -0.00022327287871997116 -6.7000456701338249e-05 -4.5099523064047929e-05 -3.4801390164892111e-06 2.0343320182963921e-05 1.3588864933644641e-05 -6.1092792882355704e-07 7.9989392750945416e-06 -2.0697958792303962e-05 -0.0018178565856744044 -6.5312471775325068e-08 6.9009847590284501e-06 -3.5105869721246963e-05 8.4131270433340799e-05 3.4132817283238913e-05 0.00069626961783881094 0.10804811943148476 0.12230815372907511 0.0014361785141366601 -0.056574920083054897 -5.4933328639633631e-05
leaf_weight=27979 2469 3241 315 1266 501865 355 343 342 641 2487 112 848 625 334 2859 1630 1365 857 1232 744 2847 427 141 537 202 465 1223 472 807 1645
leaf_count=27979 1393 1821 143 604 371617 165 263 190 313 1545 52 436 375 176 1517 874 793 501 684 392 1683 265 67 277 108 411 1009 290 783 1119
internal_value=-0.00129563 -5.05917e-05 -0.00126114 -8.11251e-06 -4.89643e-05 -0.00806601 -0.000966524 -0.00196181 0.000392908 -0.00227778 -0.00544146 -0.00756233 -0.0040643 0.00237985 0.00403047 0.00273847 0.000469484 -0.00346348 -0.00168793 0.000276243 0.0016908 -0.0122881 -0.00677817 0.00412173 -0.00976421 -2.31977e-05 0.00309619 -0.000194322 -7.86164e-05 0.00239314
internal_weight=560675 532696 18059 514637 505981 1621 17744 12909 7699 3600 5210 3329 1913 8656 5415 4099 2556 1191 1881 1086 4835 1416 568 649 827 504360 2495 2959 1272 4492
internal_count=417845 389866 10469 379397 374589 769 10326 7261 4415 2148 2846 1833 1065 4808 2987 2267 1470 677 1013 582 3065 768 332 329 483 373820 2203 1835 1194 2802
is_linear=0
shrinkage=0.05


Tree=175
num_leaves=31
num_cat=0
split_feature=10 12 7 10 10 3 4 3 4 3 7 10 3 3 7 7 10 3 4 7 7 7 3 7 10 7 7 5 4 10
split_gain=6622.09 13.2645 32.7516 22.1262 27.847 26.9452 17.4156 16.0454 26.4853 30.4576 46.0405 18.5377 25.2618 23.237 21.6769 13.9201 23.1487 17.2242 44.8421 18.3459 13.0348 11.0727 9.93023 9.68136 9.95888 8.82766 8.29019 8.26229 8.09785 8.06015
threshold=1.0000000180025095e-35 2.4137623969370092 36.650000000000013 0.71170035736632797 0.76340990904344486 88.500000000000014 4.5000000000000009 30.500000000000004 4.5000000000000009 58.500000000000007 31.450000000000003 0.71170035736632797 70.500000000000014 65.500000000000014 30.550000000000004 28.950000000000003 0.53869740972179747 81.500000000000014 4.5000000000000009 29.750000000000004 31.950000000000003 30.850000000000005 88.500000000000014 29.650000000000002 0.64054847581383256 26.350000000000005 33.050000000000004 1.0000000180025095e-35 1.5000000000000002 47.58293034537467
decision_type=2 2 2 2 2 2 2 2 2 2 2 2 2 2 2 2 2 2 2 2 2 2 2 2 2 2 2 2 2 2
left_child=-1 2 7 15 5 6 -5 -2 9 10 25 13 -13 14 28 -3 17 18 19 -17 -16 -8 27 24 -15 -9 -18 -10 -11 -6
right_child=1 3 -4 4 29 -7 21 8 22 11 -12 12 -14 23 20 16 26 -19 -20 -21 -22 -23 -24 -25 -26 -27 -28 -29 -30 -31
leaf_value=-4.7859222155268272e-05 4.3373983460770482e-05 -1.8593019992518834e-07 -1.5429294752411505e-05 -0.00084208101212079889 3.4347575242610342e-05 8.7838606773314256e-06 2.9719405207273566e-05 -2.0973868932039343e-05 6.5559355210798038e-06 -6.609769423238099e-07 -2.5982460293494383e-05 -0.0012063017665327989 0.00029935375692626833 -1.5918058461091474e-06 -2.5123958497752508e-05 5.1647508645735755e-05 2.0013753273129266e-05 5.8465230844684246e-05 7.5989923113417568e-06 -2.3835908913468393e-05 -1.7589164650666511e-05 -0.00048692584499917537 -0.0026394380559135421 3.4620246425143275e-05 0.00028895106893689348 -5.2736567134226144e-06 2.3507268344225008e-05 -6.5987759618746371e-07 1.4563592100705348e-05 0.16358154014233223
leaf_weight=27848 3081 3313 304 935 504595 359 187 186 3683 249 1942 625 734 677 380 108 2381 1226 455 799 886 122 112 849 114 3519 479 191 385 511
leaf_count=27848 1881 1849 142 431 373383 163 103 104 2247 139 1104 307 476 433 192 44 1285 720 243 465 498 66 94 433 52 1941 229 115 205 445
internal_value=-0.00123055 1.04521e-05 -0.00132695 5.69383e-05 1.3864e-05 -0.00656581 -0.0100482 -0.0010461 -0.00174099 -0.00305329 -0.00555605 -0.000168402 -0.00513245 0.00173729 -0.00202632 0.00254823 0.00410242 0.000676198 -0.00319383 -0.00961963 -0.00580569 0.000242718 0.00173106 0.00609756 0.00211757 -0.00228745 0.0072028 0.00215539 0.0055205 3.47452e-05
internal_weight=561235 533387 17917 515470 506709 1603 1244 17613 14532 10546 5647 4899 1359 3540 1900 8761 5448 2588 1362 907 1266 309 3986 1640 791 3705 2860 3874 634 505106
internal_count=417637 389789 10363 379426 374591 763 600 10221 8340 5884 3149 2735 783 1952 1034 4835 2986 1472 752 509 690 169 2456 918 485 2045 1514 2362 344 373828
is_linear=0
shrinkage=0.05


Tree=176
num_leaves=31
num_cat=0
split_feature=10 12 4 3 3 10 3 10 10 3 4 3 10 10 4 5 4 3 10 11 12 11 4 12 11 12 8 4 6 11
split_gain=6569.98 10.1412 20.6008 24.7157 35.459 45.7981 28.4246 18.0336 21.4143 31.7843 25.3705 15.4755 15.208 14.8943 10.8447 10.3422 9.10579 20.5861 8.08838 7.51422 8.8042 10.9323 10.2386 7.45013 12.3011 10.9118 10.7548 9.23612 12.2766 11.2901
threshold=1.0000000180025095e-35 2.5967959110769154 4.5000000000000009 30.500000000000004 64.500000000000014 0.71170035736632797 70.500000000000014 0.71170035736632797 0.76340990904344486 88.500000000000014 4.5000000000000009 88.500000000000014 0.57943257550478033 0.51550959266527385 3.5000000000000004 1.0000000180025095e-35 3.5000000000000004 53.500000000000007 0.71170035736632797 205.50000000000003 164.60710580912865 156.50000000000003 1.0000000180025095e-35 124.27904564315354 123.50000000000001 96.918101475722523 1.266648351648352 4.5000000000000009 0.15000000000000005 109.50000000000001
decision_type=2 2 2 2 2 2 2 2 2 2 2 2 2 2 2 2 2 2 2 2 2 2 2 2 2 2 2 2 2 2
left_child=-1 2 3 18 13 12 -7 14 9 10 -9 15 -6 16 -3 -4 -5 -18 -2 20 21 23 -23 24 -10 -26 27 -25 29 -29
right_child=1 7 11 4 5 6 -8 8 19 -11 -12 -13 -14 -15 -16 -17 17 -19 -20 -21 -22 22 -24 26 25 -27 -28 28 -30 -31
leaf_value=-4.5466261047504856e-05 3.9856991935621755e-05 1.0524884470508588e-06 6.295237031161971e-06 -1.1463692914848168e-05 2.7425107300665941e-05 -0.0043095899878978555 0.00027414367645650639 -0.00080347215063502817 -3.7585240368209766e-05 3.5481961575228874e-05 2.8233434946911552e-05 -0.002507466153117865 3.2641053163418032e-05 -1.6186045434651854e-05 9.3525682883714267e-06 -0.0001215138090166934 -1.7524095375887062e-05 -1.7380913752806926e-05 6.9458900041219354e-05 0.081983817457431843 -0.032579732174758291 -0.046910410969619676 0.063827759437091555 -0.032085668119700997 -0.047918852969985555 0.049215557426334655 0.083881011238847836 -0.0125805799076808 -0.059580731924833687 0.05340377876294973
leaf_weight=27789 812 4095 5150 2460 1603 674 736 925 473888 363 329 153 973 5224 3074 257 345 274 2233 888 4860 599 3440 9480 324 4402 256 1756 754 1970
leaf_count=27789 474 2237 3228 1322 965 318 480 429 348532 165 177 131 477 2930 1722 173 193 172 1341 624 4438 481 2404 8366 206 3080 140 1738 754 1920
internal_value=-0.00129909 -6.17606e-05 -0.00114148 -0.00208687 -0.00308609 0.000790266 -0.0064539 -1.76475e-05 -5.30508e-05 -0.00579777 -0.00956938 0.00146583 0.00475543 -0.00494701 0.00247245 0.00190956 -0.00770542 -0.013126 0.00194581 -3.45691e-05 -4.27023e-05 -2.19877e-05 0.00256871 -4.32198e-05 -9.71555e-06 0.00252857 -0.00117122 -0.00135745 0.000513393 0.00169082
internal_weight=560086 532297 20894 15334 12289 3986 1410 511403 504234 1617 1254 5560 2576 8303 7169 5407 3079 619 3045 502617 501729 496869 4039 492830 478614 4726 14216 13960 4480 3726
internal_count=417406 389617 12204 8672 6857 2240 798 377413 373454 771 606 3532 1442 4617 3959 3401 1687 365 1815 372683 372059 367621 2885 364736 351818 3286 12918 12778 4412 3658
is_linear=0
shrinkage=0.05


Tree=177
num_leaves=31
num_cat=0
split_feature=10 11 12 10 6 8 4 4 7 7 10 10 4 7 4 7 3 7 3 10 10 6 12 7 10 3 7 10 7 3
split_gain=6588.29 6.97972 14.5853 12.2374 13.6728 11.471 9.44352 10.0384 9.41683 8.47186 7.10854 60.4079 42.3519 38.4669 20.4661 47.8363 52.6198 29.2083 27.043 21.8054 19.8154 19.2367 19.1253 20.3811 14.9342 14.5111 13.8305 17.5782 11.809 11.6624
threshold=1.0000000180025095e-35 169.50000000000003 132.7591870966277 32.878914303538146 0.65000000000000002 1.5207142857142861 1.0000000180025095e-35 4.5000000000000009 30.050000000000004 31.650000000000002 0.71170035736632797 0.76340990904344486 4.5000000000000009 36.650000000000013 4.5000000000000009 30.550000000000004 65.500000000000014 29.650000000000002 44.500000000000007 0.43519700344886553 0.64054847581383256 1.0000000180025095e-35 2.4137623969370092 34.650000000000013 0.53869740972179747 57.500000000000007 32.45000000000001 0.51550959266527385 30.850000000000005 30.500000000000004
decision_type=2 2 2 2 2 2 2 2 2 2 2 2 2 2 2 2 2 2 2 2 2 2 2 2 2 2 2 2 2 2
left_child=-1 2 3 10 5 -5 -3 -8 -9 -4 13 12 -12 14 15 17 18 29 20 -16 24 22 23 -20 -17 -25 -23 -28 -14 -2
right_child=1 6 9 4 -6 -7 7 8 -10 -11 11 -13 28 -15 19 16 -18 -19 21 -21 -22 26 -24 25 -26 -27 27 -29 -30 -31
leaf_value=-4.319294799512961e-05 3.8965113635866522e-05 -0.066221799782178445 -0.028989715717390931 0.012589354015993239 0.11880107094366626 0.16552599130286982 0.057052439796299426 0.0051381901010449484 -0.25538258759179977 0.0051370760932044849 -0.0007479577576225638 -3.5705978349809266e-05 0.00033920100528435642 -1.3848527743054451e-05 -0.0026037651928131063 -2.0352982568838664e-05 2.0150100614158008e-05 2.7606953302489191e-05 2.0152520334160153e-07 6.8402396760036682e-06 -0.0021239817772169436 -5.4637528656553692e-05 -1.1321981359824208e-05 -1.469946864463001e-06 5.2873850692569671e-05 -4.9396399574663802e-05 -3.3484515092378303e-05 3.271349727356765e-05 -0.00024804603255917934 8.0656382354012601e-07
leaf_weight=27796 759 836 11036 9234 1415 304 3472 239 154 3450 2326 478647 446 307 576 170 1181 1615 1464 4936 195 944 292 265 670 173 376 354 368 6247
leaf_count=27796 435 654 10120 8604 1097 114 2540 193 146 3208 1092 349781 240 147 426 90 631 827 812 2852 111 506 186 163 362 99 228 186 186 3419
internal_value=-0.00126904 -3.01906e-05 -4.72762e-05 -3.1173e-06 0.00165023 0.000969805 0.0018879 0.00293014 -0.00464377 -0.0016119 -3.9169e-05 -7.79909e-05 -0.00699045 0.00087215 0.00113889 0.00016491 -0.00322978 0.00256061 -0.00551193 0.0037373 0.00166667 -0.00743278 -0.00435278 -0.00252366 0.005 -0.0119863 -0.0114695 -0.00630137 0.00282555 0.00116329
internal_weight=560247 532451 527750 513264 10953 9538 4701 3865 393 14486 502311 481787 3140 20524 20217 14705 6084 8621 4903 5512 1035 3868 2194 1902 840 438 1674 730 814 7006
internal_count=417251 389455 385922 372594 9815 8718 3533 2879 339 13328 362779 351299 1518 11480 11333 8055 3374 4681 2743 3278 563 2180 1260 1074 452 262 920 414 426 3854
is_linear=0
shrinkage=0.05


Tree=178
num_leaves=31
num_cat=1
split_feature=10 12 7 10 10 7 7 10 6 7 7 7 10 6 6 7 3 3 5 10 10 0 3 3 7 7 3 3 8 8
split_gain=6584.99 8.0545 43.3784 19.0747 59.4635 21.689 33.7314 20.324 16.9324 17.7327 17.1413 15.9758 12.6736 12.245 19.3285 10.5842 10.5124 9.47384 8.94231 19.0332 9.60217 9.1577 8.24214 9.40072 8.50602 8.13142 8.06901 10.5516 11.6073 10.024
threshold=1.0000000180025095e-35 3.2759665946094283 36.650000000000013 0.71170035736632797 0.76340990904344486 30.450000000000003 29.650000000000002 0.57943257550478033 1.0000000180025095e-35 32.150000000000013 35.050000000000004 31.150000000000002 1.4227507702095894 0.55000000000000016 0.8500000000000002 30.650000000000002 79.500000000000014 81.500000000000014 1.0000000180025095e-35 3.2324419081163169 30.05503264583842 0 78.500000000000014 39.500000000000007 32.250000000000007 32.250000000000007 82.500000000000014 63.500000000000007 1.3587841945288757 1.7541698841698847
decision_type=2 2 2 2 2 2 2 2 2 2 2 2 2 2 2 2 2 2 2 2 2 1 2 2 2 2 2 2 2 2
left_child=-1 2 3 5 -5 6 16 8 10 -10 15 -9 13 -3 -15 -7 -2 -18 26 -20 21 -21 23 -13 -25 -11 27 -14 -29 -28
right_child=1 12 -4 4 -6 7 -8 11 9 25 -12 22 18 14 -16 -17 17 -19 19 20 -22 -23 -24 24 -26 -27 29 28 -30 -31
leaf_value=-4.1033300595373135e-05 3.6345364014126837e-06 0.00011880095629420718 -1.3156101355904505e-05 -0.00068217592121641026 -5.4068850652990354e-05 0.00028949405165627496 4.3056741010511865e-05 -0.0001360632772254955 -3.595150558381999e-05 9.1711049668985467e-06 -1.5644724088437201e-06 -0.00046086908003393589 -0.00010982745717706966 -0.00027794110308719441 6.1194597945635196e-05 1.9144894317646435e-07 -1.5872198717773827e-06 -1.5024943753605413e-06 -0.02288659921216836 0.016710119285634251 -0.067395806533721014 -0.0057317212264710099 -0.04976570577151742 2.7198264974725995e-05 6.32355193864731e-06 -2.2435926878450196e-05 -0.00078786025962620523 0.0011695250685599956 0.025606960871107989 -0.052085208104570541
leaf_weight=27764 4661 9278 354 2814 8253 165 1733 456 1276 113 689 281 277904 259 872 3391 455 2023 2114 3663 695 5013 134 475 964 1538 57698 143019 2222 93
leaf_count=27764 2527 5780 164 1394 5435 81 939 252 724 53 415 149 204234 155 478 1955 257 1309 1734 3467 695 4777 90 231 526 904 40944 108993 894 37
internal_value=-0.00126046 -2.29532e-05 -0.000821998 -0.000612658 -0.00225219 0.00037594 0.00215284 -0.00128665 -0.00260039 -0.00552614 -0.000583039 0.00279221 2.43621e-05 0.00175089 -0.00316092 0.000815523 0.000633842 -0.00199758 -1.21339e-05 -0.00139094 -0.000424181 2.88151e-05 0.00485437 0.00578488 0.00741835 -0.00210478 2.07928e-05 9.64799e-05 0.000441852 -0.000533388
internal_weight=560369 532605 29775 29421 11067 18354 8872 9482 7172 2927 4245 2310 502830 10409 1131 3556 7139 2478 492421 11485 9371 8676 1854 1720 1439 1651 480936 423145 145241 57791
internal_count=417357 389593 17405 17241 6829 10412 5032 5380 4132 1681 2451 1248 372188 6413 633 2036 4093 1566 365775 10673 8939 8244 996 906 757 957 355102 314121 109887 40981
cat_boundaries=0 1
cat_threshold=5
is_linear=0
shrinkage=0.05


Tree=179
num_leaves=31
num_cat=1
split_feature=10 12 10 8 12 11 11 4 12 11 7 0 10 10 4 4 12 7 3 11 11 7 12 11 10 12 7 5 10 7
split_gain=6572.59 7.72799 9.00408 13.6467 6.75252 23.384 15.5698 15.0691 14.1285 21.3128 12.3091 12.051 11.7257 11.4061 10.7559 9.75699 9.88873 10.3752 9.39003 8.57877 7.42377 8.52207 7.40072 21.9529 11.0992 9.50249 8.67356 8.43153 8.05947 27.7744
threshold=1.0000000180025095e-35 176.31613070539422 41.784480259946307 1.3587841945288757 100.84226418584986 78.500000000000014 114.50000000000001 4.5000000000000009 59.447807771470913 56.500000000000007 33.150000000000013 0 14.429601974265035 32.356392634854778 5.5000000000000009 1.0000000180025095e-35 90.365295321670956 26.750000000000004 62.500000000000007 104.50000000000001 72.500000000000014 26.950000000000003 42.227187031407645 39.500000000000007 5.4329401144986091 35.235031815497145 31.550000000000004 1.0000000180025095e-35 0.51550959266527385 36.45000000000001
decision_type=2 2 2 2 2 2 2 2 2 2 2 1 2 2 2 2 2 2 2 2 2 2 2 2 2 2 2 2 2 2
left_child=-1 2 4 -4 5 8 7 -6 9 22 -10 -8 -11 15 -13 18 -17 -18 -7 -15 -9 -22 23 26 -25 -26 27 -2 29 -28
right_child=1 -3 3 -5 6 13 11 20 10 12 -12 14 -14 19 -16 16 17 -19 -20 -21 21 -23 -24 24 25 -27 28 -29 -30 -31
leaf_value=-3.8981635565604477e-05 5.4723335490058925e-06 -0.043103903328663762 0.026855559703241029 0.41511901275742003 -0.044299377323282846 0.019499199906970244 0.048114397089988437 -0.042810604261031317 -0.015573130950093007 0.010220303467914589 0.01051901754844824 -0.0083112235898529455 0.058021430596713885 0.053606614367464195 0.084029084347940861 0.029198168633775536 -0.072785806752786661 0.0062863008127637789 -0.031397238686097943 0.26726577613295549 -0.053960862991585229 0.01394028622182737 -0.0066620752613400953 -0.0032797080761423295 0.03109261688020153 0.012269183252751415 -8.453529086642025e-06 -0.0046403617226788985 -6.2128745479506087e-05 -1.2563216617855755e-05
leaf_weight=27741 209368 2998 3914 273 9008 2151 3786 1000 30874 10867 7182 16309 4487 1969 722 14571 408 7205 1963 551 411 5501 51883 2605 5432 14572 2804 6614 113303 137
leaf_count=27741 141782 2698 3652 103 8052 1717 2854 998 26494 7193 6328 13245 3279 1755 676 10495 314 5851 1597 395 409 5389 42041 1659 3430 10008 1650 5688 80255 67
internal_value=-0.00127223 -3.69698e-05 -2.26471e-05 0.00228684 -4.10418e-05 8.0786e-06 -0.000694804 -0.00187186 -7.84564e-05 4.73853e-06 -0.00100116 0.000205361 0.0018334 0.00138976 -0.000362361 0.00108183 0.00149657 3.61224e-05 -0.00115459 0.00460317 -0.000115741 0.000558187 -6.42952e-05 1.72615e-05 0.00152484 0.00192462 -8.53335e-05 0.000102092 -0.000433571 -0.00301768
internal_weight=560609 532868 529870 4187 525683 488946 36737 15920 460128 422072 38056 20817 15354 28818 17031 26298 22184 7613 4114 2520 6912 5912 406718 354835 22609 20004 332226 215982 116244 2941
internal_count=417815 390074 387376 3755 383621 351998 31623 14848 329874 297052 32822 16775 10472 22124 13921 19974 16660 6165 3314 2150 6796 5798 286580 244539 15097 13438 229442 147470 81972 1717
cat_boundaries=0 1
cat_threshold=2
is_linear=0
shrinkage=0.05


Tree=180
num_leaves=31
num_cat=0
split_feature=10 10 10 7 4 4 7 3 10 3 7 7 7 3 10 10 7 7 3 10 12 3 3 10 7 10 3 7 7 10
split_gain=6627.31 6.79944 46.2468 42.8326 39.1733 21.5955 31.2938 35.5077 28.8723 19.8513 14.8648 13.3939 12.3396 11.8921 19.926 23.4057 10.618 8.95255 7.9204 7.55473 7.39717 7.20317 20.1913 6.79186 9.20492 10.6814 8.55402 7.77381 6.57436 6.56387
threshold=1.0000000180025095e-35 0.71170035736632797 0.76340990904344486 36.650000000000013 4.5000000000000009 4.5000000000000009 30.550000000000004 65.500000000000014 0.43519700344886553 88.500000000000014 29.650000000000002 28.950000000000003 30.850000000000005 44.500000000000007 0.64054847581383256 0.53869740972179747 31.650000000000002 31.050000000000004 30.500000000000004 0.51550959266527385 2.8839697584089716 62.500000000000007 88.500000000000014 0.64054847581383256 30.250000000000004 0.57943257550478033 37.500000000000007 29.350000000000005 26.050000000000004 0.51550959266527385
decision_type=2 2 2 2 2 2 2 2 2 2 2 2 2 2 2 2 2 2 2 2 2 2 2 2 2 2 2 2 2 2
left_child=-1 3 4 5 9 6 11 13 -7 -3 19 18 -6 14 15 -8 29 -9 -2 -10 -19 28 -23 24 25 27 -25 -13 -21 -15
right_child=1 2 -4 -5 12 8 7 17 10 -11 -12 23 -14 16 -16 -17 -18 20 -20 21 -22 22 -24 26 -26 -27 -28 -29 -30 -31
leaf_value=-3.7032553787324253e-05 3.6171918361146972e-05 -0.00071364122213781009 1.4084188778973328e-05 -1.1639194745072246e-05 0.00034280185336857394 -0.0024795291400649417 -1.7856234518132121e-05 -7.9300448733943259e-06 8.7579831771100746e-06 3.0438252413167444e-05 9.113811615690803e-06 1.137884837730252e-05 -0.00013347463184715618 -2.2830436660499964e-05 -0.0017178096783041497 5.2494361646543423e-05 -1.1855600940702261e-05 3.2473281665059324e-05 -1.0726778933989323e-07 -0.04986055763064709 1.2777771101812886e-06 -9.7903791709497156e-05 0.00051113667459106176 -6.4604450447412287e-05 1.5153639794024399e-05 -3.6684924685226328e-06 0.00016168176749059294 3.2248652947726909e-06 8.8761949742416361e-06 -5.23235100529873e-05
leaf_weight=27862 721 2047 508970 324 476 613 170 191 327 236 3805 575 386 484 200 646 3027 640 4896 86 327 183 166 115 493 346 507 940 417 379
leaf_count=27862 427 963 376446 156 264 461 90 93 189 112 2163 299 194 250 120 352 1703 336 2678 70 197 111 100 63 245 194 229 526 239 213
internal_value=-0.0012282 1.51588e-05 -2.06497e-05 0.000906308 -0.00606518 0.00119483 0.000185918 -0.00256431 0.00383688 -0.00949409 0.00509631 0.00212673 0.00301624 -0.00442316 0.000393701 0.00386029 -0.00568123 0.00531088 0.00068987 0.00019084 0.00726474 -0.00228873 -0.00780802 0.00483871 0.00361088 0.00200161 0.00948553 0.00381188 0.00154076 -0.0105736
internal_weight=560555 532693 512115 20578 3145 20254 14657 6064 5597 2283 4984 8593 862 4906 1016 816 3890 1158 5617 1179 967 852 349 2976 2354 1861 622 1515 503 863
internal_count=417345 389483 377979 11504 1533 11348 8015 3354 3333 1075 2872 4661 458 2728 562 442 2166 626 3105 709 533 520 211 1556 1264 1019 292 825 309 463
is_linear=0
shrinkage=0.05


Tree=181
num_leaves=31
num_cat=5
split_feature=12 6 6 7 6 7 0 3 3 4 3 3 7 4 3 3 2 0 3 4 0 7 0 3 7 12 3 3 4 4
split_gain=6581.71 6.4061 16.4514 11.9525 8.86718 10.9565 10.0016 10.8106 10.7255 9.23843 10.947 10.114 8.16099 11.8636 15.7063 15.3581 15.1659 9.80468 24.163 11.1695 25.4233 9.13917 9.26848 9.28229 17.2346 8.62889 8.36741 7.38445 11.857 8.00276
threshold=1.0000000180025095e-35 1.0500000000000003 1.8500000000000003 25.650000000000002 2.5500000000000003 29.350000000000005 0 77.500000000000014 74.500000000000014 3.5000000000000004 88.500000000000014 51.500000000000007 26.750000000000004 1.5000000000000002 82.500000000000014 31.500000000000004 1 2 30.500000000000004 5.5000000000000009 3 26.450000000000003 4 85.500000000000014 26.550000000000004 32.546129784200339 83.500000000000014 30.500000000000004 3.5000000000000004 1.0000000180025095e-35
decision_type=2 2 2 2 2 2 1 2 2 2 2 2 2 2 2 2 1 1 2 2 1 2 1 2 2 2 2 2 2 2
left_child=-1 3 -3 -2 5 6 8 -8 -4 -6 11 -11 13 15 17 -5 -16 18 -15 20 -20 -18 23 24 -23 -22 -24 28 29 -14
right_child=1 2 4 12 9 -7 7 -9 -10 10 -12 -13 27 14 16 -17 21 -19 19 -21 25 22 26 -25 -26 -27 -28 -29 -30 -31
leaf_value=-3.5180926097958037e-05 0.016517207021998239 -0.0022682016700443898 0.031181717934928434 -2.758302657617229e-05 -0.0006175974072849755 -0.016985718023926556 0.0045251268130812152 -0.038328118588863896 0.04012061256533897 -2.0396077706230643e-05 -0.035422391238889198 0.017545378138944908 3.050849073770179e-05 -0.011119249195487103 0.0016597779408979996 -0.043853437415238311 -0.047604127166914548 -0.00071585325511147602 0.086366112728504155 0.061006653519340495 -0.0011516165336132645 -0.049991691468929629 0.086969775918875766 0.0022014418219687445 0.0026921699989728544 -0.11618964114231956 -0.033872435545644612 7.1492169321785153e-07 -0.0022725731497102181 0.0066819974870433452
leaf_weight=27755 3078 22683 1063 1647 12890 887 4010 198 225 2770 289 2619 3053 1134 1468 1779 534 5403 465 1058 543 118 108 675 183 135 914 449328 7232 5889
leaf_count=27755 2086 16129 603 1147 7966 701 2414 138 101 2006 195 1529 2153 834 970 1363 458 4125 263 782 343 106 66 387 107 117 676 332122 5724 3795
internal_value=-0.0012626 -2.50762e-05 -0.000578368 2.92938e-05 0.000307603 0.00191524 0.00274745 0.00155287 0.00658706 -0.000245045 0.00143536 0.00194377 9.44638e-06 -0.00109503 -0.000392526 -0.00370695 -0.0029875 0.000795377 0.00292227 0.00598592 0.00255906 -0.00533175 -0.00377878 -0.00025355 -0.00755814 -0.00363372 -0.00707364 4.77979e-05 0.00109744 0.00231492
internal_weight=560133 532378 47634 484744 24951 6383 5496 4208 1288 18568 5678 5389 481666 16164 12738 3426 4000 8738 3335 2201 1143 2532 1998 976 301 678 1022 465502 16174 8942
internal_count=417161 389406 31782 357624 15653 3957 3256 2552 704 11696 3730 3535 355538 11744 9234 2510 2770 6464 2339 1505 723 1800 1342 600 213 460 742 343794 11672 5948
cat_boundaries=0 1 2 3 4 5
cat_threshold=2 2 9 8 18
is_linear=0
shrinkage=0.05


Tree=182
num_leaves=31
num_cat=0
split_feature=10 10 7 10 3 10 7 7 6 3 7 3 7 7 3 11 3 1 3 10 7 3 3 7 7 6 7 3 9 5
split_gain=6652.97 5.55402 53.3613 45.5861 42.9081 14.1688 16.8437 14.2336 21.5538 12.7533 11.6676 10.4132 15.2229 8.65439 8.55217 8.19024 7.46659 7.39138 6.5472 10.0481 6.68656 6.58046 9.8263 9.03554 6.33105 6.81019 7.27974 6.7372 6.09255 6.04872
threshold=1.0000000180025095e-35 0.71170035736632797 36.650000000000013 0.76340990904344486 88.500000000000014 0.57943257550478033 31.250000000000004 30.550000000000004 1.0000000180025095e-35 39.500000000000007 32.150000000000013 80.500000000000014 29.950000000000003 31.450000000000003 50.500000000000007 1.5000000000000002 83.500000000000014 1.0000000180025095e-35 44.500000000000007 0.53869740972179747 36.250000000000007 51.500000000000007 59.500000000000007 31.250000000000004 31.350000000000005 0.35000000000000003 30.950000000000003 55.500000000000007 1.5000000000000002 1.0000000180025095e-35
decision_type=2 2 2 2 2 2 2 2 2 2 2 2 2 2 2 2 2 2 2 2 2 2 2 2 2 2 2 2 2 2
left_child=-1 2 5 4 15 7 17 11 18 -8 13 -2 16 24 -15 28 -13 -7 19 -9 21 23 -23 -20 25 -10 27 -27 -3 -5
right_child=1 3 -4 29 -6 6 9 8 10 -11 -12 12 -14 14 -16 -17 -18 -19 20 -21 -22 22 -24 -25 -26 26 -28 -29 -30 -31
leaf_value=-3.3421879793060132e-05 1.0774159873777612e-05 9.5162099280476928e-05 -1.1092981092475362e-05 4.1008514932150411e-05 6.3356690981120067e-05 8.9487242462271694e-07 -0.00036874233858587383 -1.4360452727724128e-05 -5.7548308791888217e-05 2.8504222801195581e-05 -1.6868638140044023e-05 -1.7313690292342089e-06 0.00012337733252703228 -0.045476511106802425 -2.1632648753167061e-05 -0.00064107837533583512 4.7549324109302798e-06 0.0001694269900976005 -9.9460641956946223e-06 4.9741667468763044e-05 -0.047493283152787169 1.1687459938847234e-06 -4.2300816690543641e-06 -7.4936214350396213e-07 1.3429809063825182e-05 -6.5175189298760652e-05 1.4832173186918319e-05 2.4946219717936203e-06 -0.00053446211792628211 -0.0052512013660056317
leaf_weight=27975 3370 152 302 496526 391 3727 265 254 219 1542 1613 736 395 206 507 1749 2235 494 151 376 121 976 1509 875 95 102 121 113 887 11804
leaf_count=27975 1842 76 148 365108 173 1975 143 128 129 822 933 416 209 138 267 849 1415 266 93 196 83 574 885 489 45 52 67 55 451 10872
internal_value=-0.00123377 1.64061e-05 0.000827423 -1.57866e-05 -0.00598459 0.00114239 0.00316855 0.000268356 -0.00127107 0.00720808 -0.00453629 0.00192251 -4.45633e-05 -0.00794204 -0.0117461 -0.00815997 -0.00127062 0.00143923 0.00100892 0.00571429 0.000192731 0.000591 0.00198189 -0.00277778 -0.00376923 -0.00581081 -0.00133929 -0.00686047 -0.00464389 2.15411e-05
internal_weight=559788 531813 20304 511509 3179 20002 6028 13974 7238 1807 2976 6736 3366 1363 713 2788 2971 4221 4262 630 3632 3511 2485 1026 650 555 336 215 1039 508330
internal_count=416874 388899 11370 377529 1549 11222 3206 8016 4134 965 1686 3882 2040 753 405 1376 1831 2241 2448 324 2124 2041 1459 582 348 303 174 107 527 375980
is_linear=0
shrinkage=0.05


Tree=183
num_leaves=31
num_cat=0
split_feature=10 10 7 10 4 3 10 7 4 6 3 3 7 12 3 7 12 7 7 7 6 6 4 10 7 6 3 4 12 3
split_gain=6599.75 7.37264 42.5785 37.1314 36.6593 25.7819 18.2437 16.7323 31.5093 49.9849 41.3522 15.9696 15.2295 12.2519 11.8023 9.70896 9.41942 9.04911 8.4084 6.67075 8.13664 8.58173 7.36762 6.71474 9.97255 9.07007 6.81961 6.60592 18.4885 9.69046
threshold=1.0000000180025095e-35 0.71170035736632797 36.650000000000013 0.76340990904344486 4.5000000000000009 88.500000000000014 0.53869740972179747 30.650000000000002 4.5000000000000009 1.0000000180025095e-35 51.500000000000007 49.500000000000007 33.050000000000004 2.4137623969370092 58.500000000000007 31.050000000000004 2.2363309441816805 32.150000000000013 32.850000000000001 28.650000000000002 0.95000000000000007 0.15000000000000005 5.5000000000000009 0.64054847581383256 27.450000000000003 1.0000000180025095e-35 80.500000000000014 3.5000000000000004 2.0443243186888806 65.500000000000014
decision_type=2 2 2 2 2 2 2 2 2 2 2 2 2 2 2 2 2 2 2 2 2 2 2 2 2 2 2 2 2 2
left_child=-1 2 6 4 5 -3 7 -2 9 10 13 -11 19 18 17 -6 -14 -10 -9 20 21 22 23 24 -8 -25 -26 28 29 -21
right_child=1 3 -4 -5 15 -7 12 8 14 11 -12 -13 16 -15 -16 -17 -18 -19 -20 27 -22 -23 -24 25 26 -27 -28 -29 -30 -31
leaf_value=-3.1750785803407132e-05 7.0602137512643109e-06 -0.00067177080470767205 -1.0538332037857146e-05 -1.3326565645307063e-05 0.00036962273632902646 2.5712759158791346e-05 3.5229198669206599e-05 1.7914166644872333e-06 -1.425798571326927e-06 -4.6360773460237444e-05 2.5643338761371929e-06 -3.861278558925374e-05 1.7254923266307731e-05 -1.3642430091342917e-05 -0.0028601557062865207 -0.00028435580569700084 2.7720115084395314e-05 8.3058703373661832e-06 -3.0154403810822573e-06 -1.1998246419323937e-05 5.4019541287930743e-05 -7.6914182210415416e-06 -0.0003374547808590404 0.00012605073683180645 3.5723042504431927e-06 -8.6488805117301844e-06 -1.0384962719067749e-05 1.2758318610633924e-05 1.961729086850106e-05 1.8848233952517559e-05
leaf_weight=27806 5620 2097 305 508604 506 272 210 193 343 374 1241 909 910 458 420 347 522 1080 278 764 576 676 112 472 205 186 239 2214 1956 172
leaf_count=27806 3298 995 149 376360 276 126 98 105 223 204 709 509 524 266 304 173 258 612 162 406 284 378 68 230 121 112 129 1206 1024 86
internal_value=-0.00125311 -1.25408e-05 0.000918767 -4.97239e-05 -0.00540037 -0.00860068 0.0011997 -0.000183217 -0.00219977 -0.00501738 -0.000391705 -0.012841 0.00283807 -0.00836921 0.00307922 0.00348769 0.00757682 0.00525299 -0.00270701 0.00196608 -5.60538e-05 -0.0015 0.000702247 0.00175305 -0.00183486 0.00531915 -0.00608108 0.00302585 0.00145228 -0.00432692
internal_weight=560067 532261 20435 511826 3222 2369 20130 10916 5296 3453 2170 1283 9214 929 1843 853 1432 1423 471 7782 2676 2100 1424 1312 654 658 444 5106 2892 936
internal_count=417201 389395 11465 377930 1570 1121 11316 6392 3094 1955 1242 713 4924 533 1139 449 782 835 267 4142 1420 1136 758 690 348 342 250 2722 1516 492
is_linear=0
shrinkage=0.05


Tree=184
num_leaves=31
num_cat=3
split_feature=10 10 3 4 7 6 10 4 4 0 10 10 4 0 10 10 4 3 10 10 0 3 12 7 10 3 4 7 10 10
split_gain=6547.01 6.91107 6.58369 9.71904 8.69134 10.5978 14.5673 14.452 10.5282 14.7108 10.2452 9.69659 9.2392 15.5176 12.8247 9.03087 7.57986 7.54906 12.795 15.3311 15.2304 14.0648 12.0636 43.5489 19.5581 19.3259 22.7144 16.5031 15.6676 14.0172
threshold=1.0000000180025095e-35 47.58293034537467 33.500000000000007 5.5000000000000009 28.250000000000004 0.35000000000000003 12.259288127450796 2.5000000000000004 1.0000000180025095e-35 0 5.7420713145876423 7.3202981793096686 2.5000000000000004 1 9.3074314478376987 20.815926460243105 1.5000000000000002 48.500000000000007 2.8867730825764597 4.3610090652007303 2 46.500000000000007 5.3502082417405932 36.650000000000013 0.71170035736632797 76.500000000000014 4.5000000000000009 30.550000000000004 0.8057344511571628 0.64054847581383256
decision_type=2 2 2 2 2 2 2 2 2 1 2 2 2 1 2 2 2 2 2 2 1 2 2 2 2 2 2 2 2 2
left_child=-1 2 3 4 -2 8 -7 -8 9 -6 -11 -12 13 16 -14 -9 -10 18 -4 20 -20 -21 23 24 -19 -26 -27 -28 29 -24
right_child=1 -3 17 -5 5 6 7 15 12 10 11 -13 14 -15 -16 -17 -18 22 19 21 -22 -23 28 -25 25 26 27 -29 -30 -31
leaf_value=-3.0163246513236774e-05 3.0115801627739194e-05 0.13257873130658346 7.0211629269216025e-06 -0.0076213880645521481 0.064773090640514314 0.0033098349204905512 0.23709609579299951 0.13327076066683594 0.053345838458129881 2.3865159634794966e-05 -0.10095771626078701 -0.048990093197683576 0.0024403613979115208 0.00012601013111177562 -0.018178512855443165 -0.10989620809890646 0.097567509710414238 4.4178284475115959e-08 -0.003593323747222077 -0.0016299146426119295 -0.020418741603840652 -0.018701299265343245 7.4226711512859204e-06 -1.0257966304202023e-05 -0.00042332373560440467 -0.00075239321043202301 4.009383551597523e-05 -0.00038402171038966486 3.0680104921243512e-05 0.00016007240111219902
leaf_weight=27673 27289 514 21918 6081 501 1126 496 162 1161 1448 216 1297 4138 1991 3383 80 1227 12029 14162 75752 2864 10731 1003 335 2737 682 144 107 337625 942
leaf_count=27673 19349 456 13450 5375 353 710 262 106 847 878 190 1127 2668 1281 2939 80 821 6895 9622 59428 2022 8441 537 155 1777 308 70 65 248915 450
internal_value=-0.00128873 -5.56713e-05 -6.12742e-05 0.000481263 0.000737392 0.00161674 0.00517704 0.0106369 0.00118474 -0.00124206 -0.00258331 -0.00546927 0.00189076 0.0037166 0.000827682 0.000619835 0.00642202 -0.00011834 -0.000451856 -0.00068424 -0.00205568 -0.000414243 -7.03029e-07 -0.0013409 -0.000960252 -0.00415531 -0.0103698 0.00249004 6.25791e-05 0.00453728
internal_weight=559814 532141 531627 50596 44515 17226 1864 738 15362 3462 2961 1513 11900 4379 7521 242 2388 481031 125427 103509 17026 86483 355604 16034 15699 3670 933 251 339570 1945
internal_count=417250 389577 389121 36986 31611 12262 1158 448 11104 2548 2195 1317 8556 2949 5607 186 1668 352135 92963 79513 11644 67869 259172 9270 9115 2220 443 135 249902 987
cat_boundaries=0 1 2 3
cat_threshold=8 14 18
is_linear=0
shrinkage=0.05


Tree=185
num_leaves=31
num_cat=1
split_feature=10 11 7 10 2 7 3 10 10 3 6 7 10 5 10 3 3 7 7 7 6 10 3 3 3 7 7 10 7 3
split_gain=6622.97 6.30625 13.026 37.3877 12.7396 10.8292 9.23389 11.066 36.3351 11.7736 11.0502 17.3274 14.8122 11.2176 18.9862 11.8435 9.83591 8.58543 11.5754 10.4286 9.11567 11.4517 9.61894 9.05761 11.5054 7.75078 7.5002 9.60639 8.87785 11.1587
threshold=1.0000000180025095e-35 7.5000000000000009 36.650000000000013 1.368997220645094 0 33.850000000000001 30.500000000000004 0.71170035736632797 0.76340990904344486 88.500000000000014 1.2500000000000002 26.050000000000004 0.57943257550478033 1.0000000180025095e-35 0.51550959266527385 83.500000000000014 42.500000000000007 29.350000000000005 29.650000000000002 28.950000000000003 1.0000000180025095e-35 0.49808169478095882 52.500000000000007 60.500000000000007 56.500000000000007 26.950000000000003 29.550000000000004 0.64054847581383256 30.450000000000003 39.500000000000007
decision_type=2 2 2 2 1 2 2 2 2 2 2 2 2 2 2 2 2 2 2 2 2 2 2 2 2 2 2 2 2 2
left_child=-1 2 4 -4 -2 6 -6 10 9 -9 11 -8 13 15 -15 16 -13 19 -19 23 -20 22 -22 24 -18 -25 27 -14 -28 -30
right_child=1 -3 3 -5 5 -7 7 8 -10 -11 -12 12 26 14 -16 -17 17 18 20 -21 21 -23 -24 25 -26 -27 28 -29 29 -31
leaf_value=-2.8655084187574937e-05 -0.0045858315088307625 0.00012119878953840147 -9.7943781626419493e-06 0.00050321544209156843 0.00015478750043657064 7.5376121283721181e-06 -0.003347832847193798 -0.00052328584718362812 -0.00019529583690847119 5.0877335617516289e-05 3.3057718749418542e-05 4.4393437937485335e-05 -6.4737331376685248e-06 -0.0029028061315917626 0.00080810568661926767 6.1606196798064125e-05 -6.0598871230999058e-07 -1.6531376221773365e-05 -1.7488054222303263e-06 9.4588047205690369e-06 -1.6945903789289398e-05 -1.4613160937115845e-05 -4.6118303724917986e-05 1.129611097768768e-05 2.1187811902112499e-05 -2.2867154343186868e-06 0.00011459382421326049 4.2756753845363264e-05 -0.00080861032954735097 1.0426224443643717e-05
leaf_weight=27842 11201 454579 370 488 8896 6391 191 2429 31789 264 1220 319 634 142 207 2525 387 190 2640 277 102 2126 277 95 134 559 651 1371 386 1524
leaf_count=27842 8217 339059 170 296 5786 4009 137 1215 21539 122 630 175 350 106 89 1589 227 116 1468 135 50 1204 167 53 60 329 335 699 210 818
internal_value=-0.00122741 1.58726e-05 -0.000400141 -0.00652681 -0.000331808 -6.61839e-05 -0.000276818 -0.00053877 -0.00104257 -0.00661901 0.000549915 0.000171337 0.000367799 -0.000711423 0.00809456 -0.00103053 -0.00207571 -0.002479 -0.00340675 0.000929752 -0.00295918 -0.00511976 -0.0131266 -0.00112766 0.00379079 -0.00504587 0.00272668 0.000436409 0.00451972 0.00280105
internal_weight=560206 532364 77785 858 76927 65726 59335 50439 34482 2693 15957 14737 14546 9980 349 9631 7106 6787 5335 1452 5145 2505 379 1175 521 654 4566 2005 2561 1910
internal_count=417202 389360 50301 466 49835 41618 37609 31823 22876 1337 8947 8317 8180 5768 195 5573 3984 3809 3005 804 2889 1421 217 669 287 382 2412 1049 1363 1028
cat_boundaries=0 1
cat_threshold=2
is_linear=0
shrinkage=0.05


Tree=186
num_leaves=31
num_cat=2
split_feature=10 11 7 12 10 12 0 0 6 7 10 11 4 11 12 10 11 12 11 4 11 12 4 7 7 7 6 3 3 11
split_gain=6553.51 8.57761 14.9261 15.6384 16.315 13.0509 16.8335 10.9279 17.7309 10.7119 10.5691 13.7902 10.2069 13.8913 16.9633 22.615 17.6983 13.7661 18.1764 15.5922 13.3417 18.3341 11.7776 10.9202 10.8431 10.006 13.6227 15.9252 11.6646 11.5516
threshold=1.0000000180025095e-35 34.500000000000007 25.450000000000003 40.44731669489277 11.749554492686221 30.144441249761801 0 1 7.7000000000000002 29.450000000000003 7.6085486913991369 24.500000000000004 1.0000000180025095e-35 50.500000000000007 62.332194288503793 14.769634104372768 72.500000000000014 120.56933893294615 160.50000000000003 5.5000000000000009 101.50000000000001 90.365295321670956 4.5000000000000009 27.550000000000004 26.750000000000004 26.950000000000003 1.1500000000000001 83.500000000000014 67.500000000000014 3.5000000000000004
decision_type=2 2 2 2 2 2 1 1 2 2 2 2 2 2 2 2 2 2 2 2 2 2 2 2 2 2 2 2 2 2
left_child=-1 5 7 4 -4 10 9 8 -3 -7 25 -12 23 -14 15 -15 -16 19 -19 20 21 -18 -23 -5 -24 -2 -27 28 29 -28
right_child=1 2 3 12 -6 6 -8 -9 -10 -11 11 -13 13 14 16 -17 17 18 -20 -21 -22 22 24 -25 -26 26 27 -29 -30 -31
leaf_value=-2.722232997819619e-05 0.00011918335398752312 -0.067135568360626272 0.0040201496260658057 -0.038003875428343339 0.047950805966180537 -0.013765265852799226 -0.019337716700862331 -0.080446702843603335 0.050140171076793118 0.0060331541441074783 0.0013534157653485313 0.028914384965191699 -0.0070135124113092752 0.006380583389931172 -0.014936715297999826 0.058360115258810463 0.01608000330463364 -0.018179232921354149 0.031614218712012553 0.054514680686118491 0.0305058065349888 -0.037379996720784271 -0.14526533825844737 -0.0061747489762753018 0.022413144552958553 -5.9626645298793694e-06 5.6151512386832614e-05 0.0024313810125526063 -0.017328401290419172 -0.0012932468797244448
leaf_weight=27716 23248 629 29085 2464 5826 6716 22361 497 636 14084 23259 8380 37454 21024 18391 7439 17204 16564 5277 2438 13441 7276 105 24421 2649 211979 743 484 2102 5733
leaf_count=27716 14762 529 19473 1898 4282 5280 19059 395 398 11544 18359 5924 30648 14460 16319 5621 13178 15126 4055 2378 9969 6460 103 19579 2553 141075 405 270 1430 3723
internal_value=-0.00129654 -6.14297e-05 0.000184428 0.000222688 0.00118945 -0.000225407 -0.00103392 -0.00439841 -0.00186275 -9.61076e-06 -9.89389e-05 0.000760928 3.1082e-05 0.000192614 0.000471791 0.00152566 0.000111884 0.000499584 -0.000523099 0.00101767 0.00078488 0.000148711 -0.00155035 -0.000865724 0.00123457 -0.000210304 -0.000314082 -0.00221254 -0.00271042 -0.00165998
internal_weight=559625 531909 212820 211058 34911 319089 43161 1762 1265 20800 275928 31639 176147 149262 111808 28463 83345 64954 21841 43113 40675 27234 10030 26885 2754 244289 221041 9062 8578 6476
internal_count=416971 389255 167424 166102 23755 221831 35883 1322 927 16824 185948 24283 142347 120870 90222 20081 70141 53822 19181 34641 32263 22294 9116 21477 2656 161665 146903 5828 5558 4128
cat_boundaries=0 1 2
cat_threshold=9 6
is_linear=0
shrinkage=0.05


Tree=187
num_leaves=31
num_cat=0
split_feature=10 11 7 10 10 10 4 4 7 7 6 3 10 10 10 3 3 3 3 7 3 3 3 6 12 4 1 6 6 12
split_gain=6606.88 5.90967 17.2046 28.9712 9.82972 29.3866 37.4914 13.0231 19.6587 16.8049 41.2323 24.6697 19.1876 27.2053 15.9945 14.1311 13.48 20.5521 23.0186 17.8649 12.5336 11.8097 12.5302 12.9866 11.2609 10.7615 10.516 9.63555 9.57567 8.75259
threshold=1.0000000180025095e-35 5.5000000000000009 36.650000000000013 1.368997220645094 0.71170035736632797 0.76340990904344486 4.5000000000000009 4.5000000000000009 30.050000000000004 30.550000000000004 1.0000000180025095e-35 51.500000000000007 0.53869740972179747 0.64054847581383256 0.57943257550478033 49.500000000000007 37.500000000000007 79.500000000000014 82.500000000000014 26.750000000000004 62.500000000000007 38.500000000000007 41.500000000000007 0.45000000000000007 2.4137623969370092 1.0000000180025095e-35 1.0000000180025095e-35 1.0000000180025095e-35 1.8500000000000003 6.6233656240538537
decision_type=2 2 2 2 2 2 2 2 2 2 2 2 2 2 2 2 2 2 2 2 2 2 2 2 2 2 2 2 2 2
left_child=-1 2 4 -4 7 6 -6 9 20 16 11 12 24 -14 15 -12 19 21 25 28 -9 -18 -23 -24 -11 -19 -22 -27 -2 -7
right_child=1 -3 3 -5 5 29 -8 8 -10 10 14 -13 13 -15 -16 -17 17 18 -20 -21 26 22 23 -25 -26 27 -28 -29 -30 -31
leaf_value=-2.5861213479286381e-05 5.9179892138161438e-05 3.412959450149744e-05 -9.0065260280103313e-06 0.00076211788953755764 -0.0005120646531357909 2.0397826591981675e-05 6.4551569325854716e-05 8.0419518804586426e-05 8.0086651481070525e-06 -2.1991927245612609e-06 -3.3336078179346806e-05 2.9670331115061455e-06 4.6872280124538035e-05 -0.0018497396863290773 3.4209431582610253e-06 -2.5006452708805268e-05 0.00016250677343552418 0.048561503648995856 3.1230443306936215e-05 -0.00018367817653534014 -0.0018366306903274746 -6.1056567801013697e-06 1.3045098535711489e-05 5.6585242289787977e-06 -1.5237678986168569e-05 -4.4904072184492883e-06 0.00046159688250306253 -7.7187085808505537e-07 -0.00029103981474569717 -0.0052097901890656223
leaf_weight=27855 353 477783 363 284 2027 22702 772 796 3714 430 456 2270 449 173 318 1136 241 118 2012 861 678 469 1510 1225 404 358 92 158 102 10530
leaf_count=27855 183 354817 175 172 971 15036 412 480 2152 244 244 1260 245 97 164 622 109 56 1220 505 478 237 774 655 248 202 48 90 64 7742
internal_value=-0.00126164 -2.05524e-05 -0.000511354 -0.00861669 -0.000414873 -0.000894369 -0.00581458 0.000528025 0.00262311 -0.000320095 -0.00237757 0.00068438 -0.0043956 0.0022508 -0.00835079 -0.0103957 0.00124544 0.00223691 -0.0010771 -0.00334347 -0.00207535 0.00478229 0.0039794 0.00527422 -0.00935252 -0.00938486 -0.00662338 -0.0125 0.00467033 -0.000479959
internal_weight=560639 532784 55001 647 54354 36031 2799 18323 5280 13043 5636 3726 1456 622 1910 1592 7407 6091 2646 1316 1566 3445 3204 2735 834 634 770 516 455 33232
internal_count=417557 389702 34885 347 34538 24161 1383 10377 3158 7219 3124 2094 834 342 1030 866 4095 3343 1568 752 1006 1775 1666 1429 492 348 526 292 247 22778
is_linear=0
shrinkage=0.05


Tree=188
num_leaves=31
num_cat=3
split_feature=10 3 9 12 5 4 4 0 3 11 3 0 11 12 12 11 10 11 12 12 0 10 6 10 11 4 12 10 10 6
split_gain=6606.88 6.50705 8.67125 7.28013 7.17343 7.7903 6.76857 11.4115 7.28298 6.30348 6.26503 5.96531 15.156 16.8069 9.2998 10.0465 8.62943 7.96159 14.2386 12.1399 8.61071 8.27173 9.23297 7.79717 7.73129 12.3504 14.4188 11.795 21.1355 10.4066
threshold=1.0000000180025095e-35 33.500000000000007 2.5000000000000004 1.4949741266361742 1.0000000180025095e-35 5.5000000000000009 1.0000000180025095e-35 0 32.500000000000007 17.500000000000004 32.500000000000007 1 87.500000000000014 83.486761273299592 92.946694042868117 119.50000000000001 1.4504576826038915 50.500000000000007 53.300255939201882 46.266475469855997 2 22.390409850146685 2.9000000000000004 26.024200659470726 26.500000000000004 3.5000000000000004 24.975602755453508 2.9561289692310813 3.2324419081163169 0.25000000000000006
decision_type=2 2 2 2 2 2 2 1 2 2 2 1 2 2 2 2 2 2 2 2 1 2 2 2 2 2 2 2 2 2
left_child=-1 2 -2 -3 5 6 7 -4 9 -8 -9 12 13 16 23 -16 -5 19 20 24 -19 22 -20 -14 25 27 -27 29 -29 -18
right_child=1 3 4 11 -6 -7 8 10 -10 -11 -12 -13 14 -15 15 -17 17 18 21 -21 -22 -23 -24 -25 -26 26 -28 28 -30 -31
leaf_value=-2.4568152805322062e-05 -0.00013236660418283197 -0.0012435075159057396 0.0013753834210825434 0.00010727330148514551 -0.019685313742325319 -0.0078670413405816045 0.00016757596669715602 -0.002056483575410262 0.017164159674887849 0.043661503072150692 -0.069647212679038825 -6.5358790596325989e-06 0.02961965360400827 -0.033641711077591376 -0.021203756795515318 0.041854366154815636 0.00018364180518271972 0.030684866605632435 -0.00064246499216409354 -0.012043788654416066 0.0069639932326404979 0.042139176061396638 -0.043139054789297436 0.21215841345479342 0.0025100970534567726 0.0017238241890361718 -0.0067678673849364216 -0.0067080780857848707 -0.00577093583082533 -0.00035523186706432064
leaf_weight=27829 19240 305 1880 4607 720 3772 13635 2246 4521 4119 469 206701 5170 4663 3595 3603 15591 6356 27285 19966 8526 2875 887 772 81555 33740 14918 3757 31308 4504
leaf_count=27829 13846 215 1204 2853 664 3352 9339 1696 3165 3217 411 150739 3484 4307 3069 2673 9943 4120 20791 17222 5786 2437 629 564 58697 24374 13002 2405 21704 2838
internal_value=-0.00125167 -7.71712e-06 0.0005316 -6.44914e-05 0.00104426 0.00116017 0.00145888 -0.000288357 0.0018193 0.00136307 -0.0023578 -5.95884e-05 9.35372e-05 9.97935e-06 0.00175038 0.000541817 6.41915e-05 2.48738e-05 0.000619979 -0.000108236 0.00189155 1.0468e-05 -0.000250248 0.00321441 1.79368e-05 -0.000268258 0.000312384 -0.000780457 -0.00133395 0.000185369
internal_weight=559115 531286 50602 480684 31362 30642 26870 4595 22275 17754 2715 480379 273678 260538 13140 7198 255875 251268 45929 205339 14882 31047 28172 5942 185373 103818 48658 55160 35065 20095
internal_count=416575 388746 36894 351852 23048 22384 19032 3311 15721 12556 2107 351637 200898 191108 9790 5742 186801 183948 33763 150185 9906 23857 21420 4048 132963 74266 37376 36890 24109 12781
cat_boundaries=0 1 2 3
cat_threshold=24 11 2
is_linear=0
shrinkage=0.05


Tree=189
num_leaves=31
num_cat=1
split_feature=12 12 11 4 4 12 11 4 12 4 11 11 12 11 7 4 11 11 7 12 11 12 11 3 3 3 7 0 4 11
split_gain=6624.46 7.44155 7.39288 12.671 9.61235 7.17398 9.29655 7.81983 7.34819 6.92923 12.2325 7.23866 6.49772 15.1367 8.37214 7.89351 12.9603 6.19157 6.51358 5.88373 16.9523 10.0101 12.9839 9.47055 12.534 9.18906 12.2212 8.7231 7.59257 12.0373
threshold=1.0000000180025095e-35 176.31613070539422 170.50000000000003 1.0000000180025095e-35 4.5000000000000009 145.1325398666697 140.50000000000003 1.0000000180025095e-35 99.804933645079146 4.5000000000000009 115.50000000000001 136.50000000000003 109.41128370308739 101.50000000000001 33.95000000000001 4.5000000000000009 111.50000000000001 80.500000000000014 26.850000000000005 79.506182294132401 66.500000000000014 51.830064558920299 50.500000000000007 87.500000000000014 65.500000000000014 37.500000000000007 32.45000000000001 0 4.5000000000000009 77.500000000000014
decision_type=2 2 2 2 2 2 2 2 2 2 2 2 2 2 2 2 2 2 2 2 2 2 2 2 2 2 2 1 2 2
left_child=-1 2 5 -4 -5 6 12 -8 -9 11 -11 -7 13 19 -15 16 -14 -17 -19 20 21 22 -2 24 25 -22 -27 -24 29 -21
right_child=1 -3 3 4 -6 9 7 8 -10 10 -12 -13 15 14 -16 17 -18 18 -20 28 23 -23 27 -25 -26 26 -28 -29 -30 -31
leaf_value=-2.333974516505596e-05 -2.9180009304408121e-07 -0.041098228477053314 -0.10554355640520062 0.084798416642744165 -0.11188002196780006 -0.073963573853035675 -0.041992456992267085 -0.091380164405477748 0.058794502831370193 -0.039813278482925575 0.048168520360677786 -0.022555630628763979 -0.050174130094914032 0.035267871909397466 -0.041411721276128098 -0.022603528282296993 -0.0079742792862855794 -0.063607739922780668 0.025294488883975987 -0.046257312417659513 0.06663031022438233 -0.0084259096584173559 0.028790120786224272 -0.016820688476411227 0.040708383666529652 -0.0084687146262011122 0.032416156488409641 0.0035721839356737417 0.0047949165933220744 -0.0087025355439958492
leaf_weight=27873 382162 2913 446 2189 181 1300 522 119 3551 899 1633 3976 4075 9399 898 1118 8029 223 4151 4502 1550 38090 6110 1280 7450 7171 3581 9416 9669 15611
leaf_count=27873 267230 2639 344 1463 143 1248 434 79 2467 895 1551 3492 3751 6813 710 1112 6643 221 4033 4022 1140 32044 4020 848 5294 5209 2639 6432 9401 12911
internal_value=-0.00123878 5.63683e-06 1.95069e-05 0.00257457 0.00402954 5.84062e-06 2.84859e-05 0.00237357 0.00318801 -0.00149846 0.000651659 -0.00253033 9.37831e-06 4.28164e-05 0.00193989 -0.000934872 -0.00164822 0.000637291 0.00148605 2.67164e-06 4.70655e-05 -1.98496e-05 5.43139e-05 0.00143353 0.00170362 0.00072346 0.000204613 0.00147172 -0.000678262 -0.00123179
internal_weight=560087 532214 529301 2816 2370 526485 518677 4192 3670 7808 2532 5276 514485 496889 10297 17596 12104 5492 4374 486592 456810 435778 397688 21032 19752 12302 10752 15526 29782 20113
internal_count=417101 389228 386589 1950 1606 384639 377453 2980 2546 7186 2446 4740 374473 358713 7523 15760 10394 5366 4254 351190 324856 309726 277682 15130 14282 8988 7848 10452 26334 16933
cat_boundaries=0 1
cat_threshold=2
is_linear=0
shrinkage=0.05


Tree=190
num_leaves=31
num_cat=1
split_feature=10 12 10 8 12 10 6 6 4 7 7 4 7 0 4 4 7 10 10 3 3 6 12 3 4 3 10 7 7 7
split_gain=6604.03 6.79236 6.04127 13.686 6.14691 10.4648 8.18493 6.00505 6.97907 9.14662 7.48864 6.99031 5.25339 13.5423 15.4777 14.6231 13.7832 12.4292 12.1693 11.098 9.90665 9.90661 18.2746 9.35818 12.6795 9.76018 9.34445 8.60527 8.51172 9.40005
threshold=1.0000000180025095e-35 176.31613070539422 43.798720862826471 1.3292396313364059 100.84226418584986 32.878914303538146 0.65000000000000002 0.45000000000000007 2.5000000000000004 32.250000000000007 30.350000000000005 4.5000000000000009 33.750000000000007 0 3.5000000000000004 1.5000000000000002 34.350000000000001 7.0604324497673554 2.5125961487293575 52.500000000000007 65.500000000000014 1.0000000180025095e-35 22.687085043705533 81.500000000000014 4.5000000000000009 84.500000000000014 16.085885707007751 34.350000000000001 34.250000000000007 34.050000000000004
decision_type=2 2 2 2 2 2 2 2 2 2 2 2 2 1 2 2 2 2 2 2 2 2 2 2 2 2 2 2 2 2
left_child=-1 2 4 7 5 12 -7 8 -4 10 11 -10 -2 14 17 18 23 19 -15 -14 -18 -17 -23 -16 -25 -26 -22 28 29 -19
right_child=1 -3 3 -5 -6 6 -8 -9 9 -11 -12 -13 13 15 16 21 20 27 -20 -21 26 22 -24 24 25 -27 -28 -29 -30 -31
leaf_value=-2.2172757906803161e-05 -2.0797242459550762e-06 -0.038256158327641378 0.088693126687228133 0.35360895692234284 -0.0079714826225515626 0.029562780182102701 0.11591960801903696 0.077416089221359397 -0.11813392961760059 0.095788847585378534 -0.11329623413921688 0.12328415959015544 -0.0025472143568755269 9.6251755623555377e-07 0.018090098344313656 -4.662705044600202e-06 -0.00073174032027583107 -0.012382970207973099 -0.033845246775871599 0.0047752466528682373 -0.04199002474464706 -3.7089977537840825e-05 0.053245462466620368 -0.081303346040301455 -0.048417852255483868 0.036327830872033971 0.038142669233387855 0.072054928899682485 -0.046775739402652498 0.093741589702883182
leaf_weight=27811 426169 2949 852 225 37704 4150 627 558 308 379 425 223 2176 1719 4188 20542 5251 392 6716 4227 1472 2635 2994 143 93 173 289 3348 461 513
leaf_count=27811 305059 2659 764 99 32486 3820 489 494 308 341 421 217 1454 1005 3112 15086 4133 292 5202 2591 1232 1827 2454 129 93 103 271 2176 347 315
internal_value=-0.00124805 -6.15716e-06 7.18402e-06 0.00225589 -5.5135e-06 4.19843e-05 0.00237073 0.00128415 0.000102881 -0.00215356 -0.00475941 -0.000800377 1.89762e-05 0.000468325 0.00141626 -0.000154553 0.000139978 0.00275029 -0.00196503 0.00131579 -0.00125499 0.00042891 0.00228726 0.00226778 -0.0049511 0.00150376 -0.00450028 0.00469877 0.00135432 0.00417127
internal_weight=559712 531901 528952 2970 525982 488278 4777 2745 2187 1335 956 531 483501 57332 22726 34606 11609 11117 8435 6403 7012 26171 5629 4597 409 266 1761 4714 1366 905
internal_count=416790 388979 386320 2644 383676 351190 4309 2545 2051 1287 946 525 346881 41822 16248 25574 9073 7175 6207 4045 5636 19367 4281 3437 325 196 1503 3130 954 607
cat_boundaries=0 1
cat_threshold=9
is_linear=0
shrinkage=0.05


Tree=191
num_leaves=31
num_cat=1
split_feature=10 11 4 12 4 10 4 4 11 10 10 12 11 11 0 4 6 4 6 10 10 12 11 11 12 6 11 5 4 3
split_gain=6598.08 6.35053 11.5801 8.98655 7.02465 4.78153 8.47425 5.11613 4.39708 4.36625 4.34449 10.3974 18.6121 8.28846 6.07135 10.4328 17.0117 8.41388 21.8675 8.38148 7.59097 7.42804 14.793 11.8415 10.1436 14.2703 11.0157 6.76576 6.41406 8.41909
threshold=1.0000000180025095e-35 184.50000000000003 1.0000000180025095e-35 176.31613070539422 4.5000000000000009 28.833663341516015 3.5000000000000004 1.5000000000000002 208.50000000000003 40.249197973088776 32.878914303538146 108.46276005306078 121.50000000000001 100.50000000000001 0 4.5000000000000009 0.95000000000000007 2.5000000000000004 0.15000000000000005 7.9730934831758242 11.54565199704273 54.496508047678212 58.500000000000007 67.500000000000014 77.26219977644044 3.3000000000000003 85.500000000000014 1.0000000180025095e-35 3.5000000000000004 83.500000000000014
decision_type=2 2 2 2 2 2 2 2 2 2 2 2 2 2 1 2 2 2 2 2 2 2 2 2 2 2 2 2 2 2
left_child=-1 3 9 10 5 6 -4 8 -7 -3 14 13 -13 -12 15 17 19 -2 27 -17 -16 22 -22 -23 25 -25 -26 -19 -28 -30
right_child=1 2 4 -5 -6 7 -8 -9 -10 -11 11 12 -14 -15 20 16 -18 18 -20 -21 21 23 -24 24 26 -27 28 -29 29 -31
leaf_value=-2.1064120011463004e-05 -0.0030465084433353609 -0.11812711780542753 -0.026216626561929364 -0.046777123397662559 -0.11728949332610981 0.16382565673979849 0.10919714693127454 0.087673171562573426 0.25942419449599824 0.084962013093586475 0.024876799669236151 -0.042987119043955246 0.027646458389864393 0.10535631000370201 -2.34174249053587e-06 -0.01668492336923735 -0.047139007173040384 -0.033500600694504848 0.0068817091407480831 0.012877281308379063 0.0085073547971749267 -0.010023115638608582 0.066769118674107467 0.03294757072552619 -0.026149931087858038 -0.080318351362283824 0.0023833162462655547 0.027621252650985719 0.04471731632556105 -0.061725235839844753
leaf_weight=27797 35889 352 476 1778 178 290 165 751 132 70 5192 4124 5687 1769 356029 1946 1175 14855 8479 17185 32757 17121 2649 7907 4480 259 6833 376 2306 357
leaf_count=27797 27857 266 340 1704 146 210 97 565 82 56 4838 3980 4971 1399 243767 1704 1107 12773 6293 16451 26335 14889 1707 5671 3986 197 5093 368 1888 303
internal_value=-0.00125285 -1.10522e-05 0.00254764 -2.2725e-05 0.00414157 0.00507166 0.00159906 0.00696931 0.0113744 -0.0049763 -1.07608e-05 0.000781064 -0.000267557 0.00225901 -3.67703e-05 -0.000437027 0.000541712 -0.000770567 -0.00150148 0.000900371 3.74964e-05 0.000495855 0.00102101 2.22856e-05 0.000785837 0.00218589 -3.21981e-05 -0.00263443 0.000931971 0.00301352
internal_weight=559364 531567 2414 529153 1992 1814 641 1173 422 422 527375 16772 9811 6961 510603 79905 20306 59599 23710 19131 430698 74669 35406 39263 22142 8166 13976 15231 9496 2663
internal_count=416840 389043 1762 387281 1440 1294 437 857 292 322 385577 15188 8951 6237 370389 66553 19262 47291 19434 18155 303836 60069 28042 32027 17138 5868 11270 13141 7284 2191
cat_boundaries=0 1
cat_threshold=4
is_linear=0
shrinkage=0.05


Tree=192
num_leaves=31
num_cat=0
split_feature=10 8 11 12 11 12 11 4 12 11 4 11 12 10 11 12 11 10 10 3 12 11 4 10 3 7 3 7 4 12
split_gain=6637.8 4.79656 4.53825 9.3883 7.79026 8.55266 9.57522 12.4895 10.6201 16.7351 21.5522 12.5503 15.112 11.1454 10.6558 9.66863 9.86475 12.5814 9.41931 9.28248 8.83378 8.51879 10.7505 8.12051 8.21339 10.2493 9.81987 8.49506 7.89767 7.87732
threshold=1.0000000180025095e-35 2.8650000000000007 193.50000000000003 157.93772947512196 138.50000000000003 119.24511554115038 105.50000000000001 1.0000000180025095e-35 79.506182294132401 72.500000000000014 5.5000000000000009 59.500000000000007 52.695837462067267 22.390409850146685 39.500000000000007 30.144441249761801 26.500000000000004 5.3496000346027941 32.878914303538146 39.500000000000007 56.399596897713678 22.500000000000004 5.5000000000000009 3.2930849708769991 55.500000000000007 27.150000000000002 64.500000000000014 33.95000000000001 3.5000000000000004 43.84459045886306
decision_type=2 2 2 2 2 2 2 2 2 2 2 2 2 2 2 2 2 2 2 2 2 2 2 2 2 2 2 2 2 2
left_child=-1 2 3 4 5 6 8 -8 11 -10 -11 12 14 20 15 16 -2 -18 -9 -16 -13 -17 29 -21 -25 26 -26 -27 -29 -23
right_child=1 -3 -4 -5 -6 -7 7 18 9 10 -12 13 -14 -15 19 21 17 -19 -20 23 -22 22 -24 24 25 27 -28 28 -30 -31
leaf_value=-2.0010914010889852e-05 -2.9718053875897139e-07 0.012461857054903354 0.036531543380560846 -0.028677306952620187 0.023033768679430633 -0.015960306107989732 -0.034243909341299887 0.017352450725849212 -0.0325996552959456 -0.0091258433673713675 0.048145024685875275 0.019533693423415231 -0.011841194999340266 0.066931842642600353 0.032882186656859873 -0.01901719991335378 -0.00045898150073372018 0.016074354767351775 0.11383738152183565 -0.029375432345181141 0.001849120863774001 -0.0043826357049243647 0.0066951561294133826 -0.0052474881595174997 0.070039316764091933 0.0028767231559179303 0.011135683993478463 0.050633377154749554 -0.00071528617282998761 -0.022689746875921825
leaf_weight=27927 253648 125 1463 5334 8781 13275 1747 7585 7560 25225 2139 7447 26310 3643 6735 5653 9246 17985 1929 555 23455 42683 9976 13629 525 23814 2597 2238 1338 6515
leaf_count=27927 170972 45 1071 4876 6689 12271 1411 5457 7298 21603 2091 4753 22788 2957 5029 5143 5740 12097 1553 377 17553 32047 9288 9623 317 17058 1653 1482 1110 5581
internal_value=-0.00123797 6.70537e-06 4.40876e-06 -3.24512e-06 1.79103e-05 -7.15042e-06 2.58342e-05 0.00146745 -7.1006e-06 -0.000847555 -0.000272256 5.69879e-05 -1.77708e-05 0.000973368 5.91106e-05 -4.07861e-05 8.62471e-05 0.000990599 0.002181 0.00073059 0.000665006 -0.000591189 -0.000414033 0.000469841 0.000545411 0.00100125 0.00371557 0.000691858 0.00296421 -0.000717509
internal_weight=561082 533155 533030 531567 526233 517452 504177 11261 492916 34924 27364 457992 423447 34545 397137 345706 280879 27231 9514 51431 30902 64827 59174 44696 44141 30512 3122 27390 3576 49198
internal_count=417860 389933 389888 388817 383941 377252 364981 8421 356560 30992 23694 325568 300305 25263 277517 240868 188809 17837 7010 36649 22306 52059 46916 31620 31243 21620 1970 19650 2592 37628
is_linear=0
shrinkage=0.05


Tree=193
num_leaves=31
num_cat=1
split_feature=10 12 11 11 4 10 7 7 7 4 12 11 4 10 8 12 4 11 7 11 7 12 7 6 3 0 10 6 7 11
split_gain=6601.78 5.48224 8.59655 7.26502 8.85807 5.8676 5.79044 5.57723 6.50399 6.45534 5.48756 9.41595 9.98876 8.07292 8.04761 7.6992 12.4407 13.7231 14.2551 10.732 9.23001 7.91782 10.416 5.89998 10.4823 6.70008 5.8613 5.77492 6.20398 5.99595
threshold=1.0000000180025095e-35 153.61360024719701 184.50000000000003 156.50000000000003 1.0000000180025095e-35 34.905210870434537 26.850000000000005 28.350000000000005 29.950000000000003 4.5000000000000009 119.24511554115038 101.50000000000001 1.0000000180025095e-35 25.509726429033723 1.266648351648352 90.365295321670956 4.5000000000000009 73.500000000000014 26.750000000000004 83.500000000000014 32.650000000000013 79.506182294132401 30.950000000000003 0.25000000000000006 88.500000000000014 0 22.390409850146685 0.65000000000000002 28.550000000000004 108.50000000000001
decision_type=2 2 2 2 2 2 2 2 2 2 2 2 2 2 2 2 2 2 2 2 2 2 2 2 2 1 2 2 2 2
left_child=-1 3 -3 10 -5 6 -6 -4 -9 -10 11 15 -13 23 -12 19 20 -18 -19 21 -17 -2 -23 -14 25 -25 -21 28 29 -15
right_child=1 2 7 4 5 -7 -8 8 9 -11 14 12 13 27 -16 16 17 18 -20 26 -22 22 -24 24 -26 -27 -28 -29 -30 -31
leaf_value=-1.901036831034536e-05 2.380775112942324e-07 -0.025903405662288173 -0.036624170428285301 -0.04789135165529608 -0.064503902133669008 0.1728296081879325 0.053948145336175916 0.15570685707114729 0.031008380679766037 -0.23554181901182894 -0.013161648389215231 -0.027661160071304636 0.023355466618981958 -0.14455211010125399 0.069811198212303568 -0.043972428511536071 -0.02391006894459944 -0.079158280986406704 0.033680742252725618 0.0094217383529384691 0.0027263625702191284 -0.031357406894432671 0.005300760821626227 0.0052032527306502098 -0.060070706107821441 -0.058557801844042336 0.06875097939235264 0.16136446674057925 0.066619246573722535 0.021861975552413784
leaf_weight=27842 453564 6539 790 488 267 758 1615 641 422 76 16028 2358 5199 174 314 7018 2457 283 4001 7551 2820 5361 3930 2665 96 245 2992 936 3092 508
leaf_count=27842 322592 6099 628 374 161 546 1053 461 300 76 14492 1904 3851 170 160 6298 2435 281 3867 5409 2448 4835 3616 1783 58 149 2438 628 2504 418
internal_value=-0.00126455 -2.51318e-05 -0.0012872 -4.76445e-06 0.0023977 0.00354167 0.0020457 0.00164593 0.00388499 -0.000401606 -1.91721e-05 9.99505e-06 0.00123257 0.00177894 -0.00092094 -2.81136e-05 -0.00108722 0.000567423 0.00227591 8.97765e-06 -0.00222098 -2.69523e-05 -0.00147185 0.00083181 -0.00093147 -0.000395189 0.00158636 0.00342887 0.00255697 -0.00175953
internal_weight=561030 533188 8468 524720 3128 2640 1882 1929 1139 498 521592 505250 15273 12915 16342 489977 16579 6741 4284 473398 9838 462855 9291 8205 3006 2910 10543 4710 3774 682
internal_count=417876 390034 7564 382470 2134 1760 1214 1465 837 376 380336 365684 11465 9561 14652 354219 15329 6583 4148 338890 8746 331043 8451 5841 1990 1932 7847 3720 3092 588
cat_boundaries=0 1
cat_threshold=6
is_linear=0
shrinkage=0.05


Tree=194
num_leaves=31
num_cat=3
split_feature=10 10 12 6 7 8 6 6 12 6 7 11 0 6 3 7 11 12 7 4 7 11 7 6 3 3 0 0 10 7
split_gain=6622.83 6.8258 12.942 11.0696 9.03094 8.44483 8.55937 16.143 11.8756 10.1561 8.44305 8.12559 7.3249 7.63957 7.50584 6.768 6.578 10.0425 9.52242 8.14672 7.65145 6.8279 6.81503 10.8229 9.77276 10.8991 8.10726 7.81501 11.1776 9.9748
threshold=1.0000000180025095e-35 23.313240005300027 92.287217705741838 0.25000000000000006 25.650000000000002 1.9196774193548392 2.2500000000000004 3.3000000000000003 92.287217705741838 4.6500000000000012 26.250000000000004 156.50000000000003 0 0.65000000000000002 45.500000000000007 26.450000000000003 86.500000000000014 69.196973395167205 31.850000000000005 3.5000000000000004 30.750000000000004 56.500000000000007 27.750000000000004 1.2500000000000002 89.500000000000014 35.500000000000007 1 2 0.8057344511571628 27.950000000000003
decision_type=2 2 2 2 2 2 2 2 2 2 2 2 1 2 2 2 2 2 2 2 2 2 2 2 2 2 1 1 2 2
left_child=-1 2 16 -4 -5 6 10 8 -8 11 -3 -9 13 -6 -15 -11 17 21 19 20 -19 22 24 27 25 -2 -25 28 -24 -30
right_child=1 5 3 4 12 -7 7 9 -10 15 -12 -13 -14 14 -16 -17 -18 18 -20 -21 -22 -23 23 26 -26 -27 -28 -29 29 -31
leaf_value=-1.8059849894828093e-05 -0.00013508630081254246 -0.046131303782870781 -0.0097259911649519651 0.029004034634530031 0.046051389722868485 0.23326429714251073 0.30602783616176688 -0.15205289880617237 0.08058722928928469 -0.027910325464998921 0.0068535777229774553 0.032764061362238195 -0.065382368066264102 -0.28390361202822362 -0.0051829626783624246 0.17196566094489352 0.01618146980203097 -0.028220823847806199 0.0050383847738188162 -0.0055487035899362885 -0.066847403287026097 0.0082936138686876323 6.9109788138521641e-05 0.026778005585465614 -0.00014713373712785434 0.00030905184859585382 -0.0073065090997601993 -8.8312264172829554e-06 -0.012451010064272607 0.00026942989387369242
leaf_weight=27900 26211 756 13394 402 404 231 293 366 666 415 50440 126 2175 111 197 420 8202 5787 6857 5580 1588 25361 748 1096 2910 46546 6128 188315 4174 132344
leaf_count=27900 18515 736 11376 228 260 77 147 338 418 321 44888 66 1703 103 137 246 5690 4603 6097 5094 1358 17659 368 770 1888 30152 4366 132575 3018 96270
internal_value=-0.00125374 -8.97147e-06 -6.89612e-05 -0.00143709 -0.00403618 0.000525478 0.000484275 0.00347769 0.00842023 -9.41974e-05 0.000350613 -0.00579268 -0.00501386 -0.000554017 -0.00649351 0.00326347 -1.95411e-05 -4.4914e-05 -0.00114577 -0.00194327 -0.0030339 5.35921e-06 -4.40667e-05 -0.000141449 0.000384249 0.00049789 -0.00205565 -9.89769e-05 0.000187943 0.000154558
internal_weight=560143 532243 478530 16683 3289 53713 53482 2286 959 1327 51196 492 2887 712 308 835 461847 453645 19812 12955 7375 433833 408472 332805 75667 72757 7224 325581 137266 136518
internal_count=417367 389467 342230 13807 2431 47237 47160 1536 565 971 45624 404 2203 500 240 567 328423 322733 17152 11055 5961 305581 287922 237367 50555 48667 5136 232231 99656 99288
cat_boundaries=0 1 2 3
cat_threshold=2 8 9
is_linear=0
shrinkage=0.05


Tree=195
num_leaves=31
num_cat=5
split_feature=12 7 7 0 6 0 12 4 3 4 3 12 11 2 12 12 7 1 2 12 12 6 12 7 11 6 7 0 3 7
split_gain=6576.73 4.90529 6.90336 10.0786 5.19824 13.1886 16.0351 11.6777 11.0047 11.1472 7.32411 6.03235 5.39728 5.43039 4.32015 4.2788 3.97783 4.61704 7.36004 4.39582 3.91045 3.87159 25.3205 8.38779 4.48136 4.16405 13.5058 10.0459 6.18492 5.52869
threshold=1.0000000180025095e-35 25.050000000000004 24.150000000000002 0 4.6500000000000012 1 30.144441249761801 1.0000000180025095e-35 31.500000000000004 1.5000000000000002 44.500000000000007 59.447807771470913 64.500000000000014 2 75.41633546513107 44.58352747388404 37.350000000000001 1.0000000180025095e-35 3 35.235031815497145 12.722374265035308 3.4500000000000006 36.932933146725496 25.650000000000002 84.500000000000014 2.1500000000000008 28.550000000000004 4 78.500000000000014 27.650000000000002
decision_type=2 2 2 1 2 1 2 2 2 2 2 2 2 1 2 2 2 2 1 2 2 2 2 2 2 2 2 1 2 2
left_child=-1 2 3 -2 16 8 -7 -8 -6 -10 11 -11 13 -9 -13 -15 21 18 -18 -20 -12 25 -23 -24 -25 -3 27 28 29 -27
right_child=1 4 -4 -5 5 6 7 12 9 10 20 14 -14 15 -16 -17 17 -19 19 -21 -22 22 23 24 -26 26 -28 -29 -30 -31
leaf_value=-1.7156857400086686e-05 0.077243995801078741 -2.9362757284490115e-06 -0.026366981741675934 -0.046175807094557958 -0.085305426532174086 2.5893186187786466e-05 0.071402650279156002 -0.087139348492445159 -0.0090203177757436134 0.073935760726292085 0.056019370165853247 -0.11677480236839673 -0.15388770145427949 0.030090806062288446 -0.0051524631406029073 -0.11170942322414797 -0.02026768692983856 3.7137918706401746e-05 0.0076234730002316953 -0.072228291411886719 0.066131662978649516 0.00098926592364999939 -0.22439605321244738 -0.026969738361088957 -0.081400617923566287 0.039250882399935176 -0.018163296614676618 0.0009382466140837487 -0.0062377525461691924 0.082580803485746035
leaf_weight=27754 164 509257 1084 194 240 3919 130 275 698 473 133 77 102 201 248 189 72 222 91 71 1780 2736 202 842 413 2124 1320 5072 457 399
leaf_count=27754 110 375077 902 172 192 2215 74 215 470 265 57 61 84 125 182 159 48 172 61 65 988 1602 168 610 307 1212 1048 3052 285 229
internal_value=-0.00127024 -3.50254e-05 -0.0029473 0.00307263 -2.71278e-05 0.00120201 -0.000518027 -0.00654961 0.00346406 0.00420211 0.0056529 0.00162907 -0.00889831 -0.00725564 -0.00361538 -0.00346154 -4.70113e-05 -0.00471491 -0.00961538 -0.0037037 0.00733142 -4.294e-05 -0.00155617 -0.00688058 -0.00535857 -3.0706e-05 0.00101366 0.00178217 0.00408027 0.00506342
internal_weight=560939 533185 1442 358 531743 8465 4816 897 3649 3409 2711 798 767 665 325 390 523278 456 234 162 1913 522822 4193 1457 1255 518629 9372 8052 2980 2523
internal_count=417961 390207 1184 282 389023 5087 2872 657 2215 2023 1553 508 583 499 243 284 383936 346 174 126 1045 383590 2687 1085 917 380903 5826 4778 1726 1441
cat_boundaries=0 1 2 3 4 5
cat_threshold=9 6 2 4 12
is_linear=0
shrinkage=0.05


Tree=196
num_leaves=31
num_cat=1
split_feature=10 11 12 7 11 7 4 4 7 10 11 3 6 3 12 3 4 10 6 0 12 3 7 7 3 10 10 7 6 3
split_gain=6656.57 5.64603 8.84823 8.39341 5.91255 5.78636 11.5325 7.5226 11.6657 7.05494 5.80709 5.66484 8.23125 10.5305 12.1632 27.9366 15.6793 15.4117 10.3495 11.8473 10.3511 9.60002 9.1999 8.78129 8.44276 8.26731 11.1686 13.7922 20.6391 18.6148
threshold=1.0000000180025095e-35 184.50000000000003 154.86503487242877 32.150000000000013 172.50000000000003 28.350000000000005 3.5000000000000004 2.5000000000000004 30.150000000000002 26.024200659470726 241.00000000000003 63.500000000000007 0.95000000000000007 75.500000000000014 5.7578494514952849 78.500000000000014 4.5000000000000009 0.8057344511571628 1.5500000000000003 0 9.8846406450297302 65.500000000000014 30.550000000000004 28.750000000000004 67.500000000000014 0.71170035736632797 5.7960821117611063 28.950000000000003 0.15000000000000005 72.500000000000014
decision_type=2 2 2 2 2 2 2 2 2 2 2 2 2 2 2 2 2 2 2 1 2 2 2 2 2 2 2 2 2 2
left_child=-1 2 4 5 11 6 10 9 -9 -7 -3 -2 13 25 15 16 -15 23 19 21 -21 -14 -18 -16 -22 -13 -27 -28 -29 -30
right_child=1 3 -4 -5 -6 7 -8 8 -10 -11 -12 12 18 14 17 -17 22 -19 -20 20 24 -23 -24 -25 -26 26 27 28 29 -31
leaf_value=-1.6299014530082352e-05 -7.246792964188398e-06 -0.078942435980777159 -0.027024306313509786 -0.20677477478506995 0.077577005671239097 -0.010243008311115177 0.091874295426228339 0.081141925233787771 -0.23850712012225053 0.18886459902973771 0.31934452413561765 1.293358045443375e-05 0.042108304318013136 -0.0007027388097625598 4.3470457483032097e-05 -1.6835400109771471e-06 4.8344181475390437e-05 1.0191301021489352e-05 0.00035791051065396933 0.0012192166881021427 -0.10377050780980941 -0.00099421955319279535 -0.00034632614539340526 0.00014306957414120803 -0.032550995179376853 -0.00012844806251365305 -0.0058426212341770702 0.010891317991365846 0.043685121918368444 -0.017721767478249984
leaf_weight=27970 304989 684 5594 155 684 209 235 258 112 774 66 1999 130 821 911 4131 163 107798 8745 509 200 2604 148 915 3361 28111 11099 38606 8252 1690
leaf_count=27970 222077 538 5192 127 452 145 147 178 110 524 40 1051 78 433 485 2551 99 78412 5763 271 182 1878 102 457 2455 18983 8937 31308 6092 1332
internal_value=-0.00122272 2.28016e-05 1.1666e-05 0.00239671 3.2708e-05 0.00314371 0.000228426 0.00526608 -0.000810811 0.00755341 -0.0028 2.66574e-05 0.000219921 0.000304187 -1.28387e-05 -0.00236082 -0.00931979 9.98869e-05 -0.000889125 -0.00235156 -0.00405637 0.000200437 0.000241158 0.00465498 -0.00501966 0.000709972 0.000637549 0.00102478 0.00138832 0.00341984
internal_weight=561923 533953 531460 2493 525866 2338 985 1353 370 983 750 525182 220193 204644 114887 5263 1132 109624 15549 6804 4070 2734 311 1826 3561 89757 87758 59647 48548 9942
internal_count=418369 390399 388590 1809 383398 1682 725 957 288 669 578 382946 160869 150242 82539 3185 634 79354 10627 4864 2908 1956 201 942 2637 67703 66652 47669 38732 7424
cat_boundaries=0 1
cat_threshold=5
is_linear=0
shrinkage=0.05


Tree=197
num_leaves=31
num_cat=0
split_feature=10 11 7 7 10 10 4 10 4 10 10 10 7 6 7 10 7 10 7 3 10 6 7 3 6 3 3 10 10 3
split_gain=6617.25 5.4146 5.69418 5.91342 8.41713 5.21209 5.14221 4.19549 36.8919 26.1273 24.3161 22.7076 18.9529 19.4657 33.2829 22.153 19.8789 16.544 15.6697 14.5413 12.7027 12.3574 10.0251 8.33054 8.11407 8.00272 12.6973 16.4377 9.06879 18.3221
threshold=1.0000000180025095e-35 191.50000000000003 31.250000000000004 28.750000000000004 26.381774826115841 30.05503264583842 2.5000000000000004 0.95850667735212247 4.5000000000000009 0.71170035736632797 0.76340990904344486 0.43519700344886553 36.650000000000013 1.0000000180025095e-35 30.450000000000003 0.53869740972179747 31.350000000000005 1.4227507702095894 27.750000000000004 49.500000000000007 0.51550959266527385 3.4500000000000006 28.950000000000003 43.500000000000007 2.3500000000000001 51.500000000000007 59.500000000000007 0.64054847581383256 0.53869740972179747 39.500000000000007
decision_type=2 2 2 2 2 2 2 2 2 2 2 2 2 2 2 2 2 2 2 2 2 2 2 2 2 2 2 2 2 2
left_child=-1 7 3 6 -5 -4 -3 8 9 12 -11 -10 13 25 22 19 -17 21 -13 -16 -14 24 -15 -24 -9 28 -27 -28 -2 -30
right_child=1 2 5 4 -6 -7 -8 17 11 10 -12 18 20 14 15 16 -18 -19 -20 -21 -22 -23 23 -25 -26 26 27 -29 29 -31
leaf_value=-1.5484063803578238e-05 -5.6005567592554158e-06 -0.034493497919146424 0.025201803187831384 -0.072675859260742479 0.20811386661095765 -0.19754028016774436 0.08344927930862607 0.00020168308803042434 -0.0022716957523431429 -0.00044945986952834585 -0.00044862878133814513 -0.00013160683332018587 -6.9109234853592662e-06 -5.9086772544773384e-06 -3.0255183840133262e-05 -4.9648995666162768e-05 6.3337420646662305e-06 1.6317206996130373e-06 1.0890430651302094e-05 -3.2101485544222541e-05 -4.36772671253971e-06 0.0034498177627587112 -6.5981839015849535e-07 1.0569297543305824e-05 -0.0061286281508696906 3.3891920061035478e-06 1.3703830144540242e-07 0.00013925859190769274 -6.8010071406521274e-05 4.5558666788397818e-05
leaf_weight=27823 1227 452 125 109 457 186 380 7534 596 2270 3205 974 127 3220 446 180 562 494788 5937 939 182 201 335 842 118 885 3855 640 746 630
leaf_count=27823 703 362 79 83 307 146 262 4656 454 1068 2189 624 59 1774 238 90 304 367126 3581 529 88 93 169 438 78 495 2171 334 382 350
internal_value=-0.00122939 1.34361e-05 0.00282329 0.00418455 0.00812721 -0.00329582 0.0015024 4.38316e-06 -0.000593568 -0.00170149 -0.00465297 0.00240109 -0.000610826 -0.000349831 -0.00237584 -0.00751058 -0.000539084 3.74522e-05 0.00320865 -0.0112455 -0.0128641 0.0023144 0.000108028 0.00405692 0.00199294 0.0013059 0.00240706 0.00132925 -0.000970035 0.00181686
internal_weight=559971 532148 1709 1398 566 311 832 530439 27798 20291 5475 7507 14816 14507 6524 2127 742 502641 6911 1385 309 7853 4397 1177 7652 7983 5380 4495 2603 1376
internal_count=417055 389232 1239 1014 390 225 624 387993 16040 11381 3257 4659 8124 7977 3542 1161 394 371953 4205 767 147 4827 2381 607 4734 4435 3000 2505 1435 732
is_linear=0
shrinkage=0.05


Tree=198
num_leaves=31
num_cat=2
split_feature=10 10 11 3 3 7 11 4 10 6 10 12 3 10 2 6 7 7 7 11 7 7 3 11 6 7 4 0 7 7
split_gain=6647.25 4.34762 6.46204 3.72351 11.1679 11.7133 10.8888 12.6186 16.6942 11.2902 10.0733 9.32616 23.7768 19.346 9.31869 8.63319 11.1401 8.68536 16.5504 8.00829 8.42111 8.24889 7.87712 7.66232 7.49217 14.7461 12.6272 10.7885 9.3035 20.8266
threshold=1.0000000180025095e-35 47.58293034537467 128.50000000000003 63.500000000000007 75.500000000000014 35.050000000000004 25.500000000000004 1.0000000180025095e-35 7.6440124045096036 3.1500000000000008 0.71170035736632797 5.7578494514952849 77.500000000000014 1.6636761477057405 0 1.0500000000000003 26.950000000000003 32.750000000000007 32.650000000000013 6.5000000000000009 31.750000000000004 31.950000000000003 67.500000000000014 13.500000000000002 0.95000000000000007 26.850000000000005 2.5000000000000004 1 27.750000000000004 28.950000000000003
decision_type=2 2 2 2 2 2 2 2 2 2 2 2 2 2 1 2 2 2 2 2 2 2 2 2 2 2 2 1 2 2
left_child=-1 3 -3 -2 6 11 10 8 -8 24 22 12 -6 -13 -7 17 -17 18 -12 20 -14 -22 -5 -15 25 -9 27 -26 -27 -30
right_child=1 2 -4 4 5 14 7 9 -10 -11 15 13 19 23 -16 16 -18 -19 -20 -21 21 -23 -24 -25 26 28 -28 -29 29 -31
leaf_value=-1.4709860613399326e-05 -6.8666920566728963e-06 -0.036736828477338793 0.2138101772930554 4.6183785974392627e-06 -0.00093864974691374088 0.1083961296763673 0.040441631461745037 -0.080046134924982235 -0.017247995129242622 0.083100327226061366 0.00018883563489866529 0.00012990684951372789 -2.7282332727085468e-06 -0.0061339416609327074 0.0016764587704566876 0.0050959626175006052 -0.024331138252553286 -0.0030334731773904891 0.052217974358506641 -2.6858228787374207e-05 0.002628503146699481 2.9464294469242855e-06 0.00015998532996289543 -0.00074123568154274013 0.06253245864654082 0.046872376192357068 -0.043323675191360024 -0.062448816297775524 -0.021124422414521105 0.023429535795126945
leaf_weight=27982 305514 204 326 1631 701 256 422 362 7421 687 29302 12392 4243 9418 325 668 2623 11736 430 128 95 302 461 100505 1163 3045 1679 436 4953 30945
leaf_count=27982 222620 202 260 871 437 134 234 344 6055 415 20630 7710 2575 6714 237 394 1911 8584 254 74 39 174 227 74677 713 2367 1449 374 3927 24931
internal_value=-0.00124649 2.01926e-06 0.0045283 -2.49134e-06 0.000151218 -0.000155611 0.000553264 0.00105795 -0.000787326 0.00139242 2.66803e-06 -0.000187817 -0.0022079 -9.74942e-05 0.00692771 -0.000155835 -0.00262078 3.97897e-05 0.000494417 -0.000943792 -0.000603448 0.0063602 0.00339388 -0.000308625 0.00128983 0.00148136 -0.00100671 0.00217323 0.00157474 0.00134966
internal_weight=560355 532373 530 531843 226329 128365 97964 51113 7843 43270 46851 127784 5469 122315 581 44759 3291 41468 29732 4768 4640 397 2092 109923 42583 39305 3278 1599 38943 35898
internal_count=417515 389533 462 389071 166451 92771 73680 40809 6289 34520 32871 92400 3299 89101 371 31773 2305 29468 20884 2862 2788 213 1098 81391 34105 31569 2536 1087 31225 28858
cat_boundaries=0 1 2
cat_threshold=2 11
is_linear=0
shrinkage=0.05


Tree=199
num_leaves=31
num_cat=0
split_feature=10 12 11 4 4 12 12 10 8 4 11 4 6 11 7 10 7 7 11 7 11 4 10 7 6 4 6 11 3 10
split_gain=6599.09 4.75879 7.75383 7.33287 8.0627 6.49127 5.14298 5.59413 8.01639 5.06889 10.2725 5.52134 6.47031 5.62584 4.78112 4.74128 4.64147 5.81934 4.52306 5.3767 4.23512 4.09667 7.17434 3.80648 3.78711 6.34299 3.78135 3.69529 3.68878 3.55323
threshold=1.0000000180025095e-35 176.31613070539422 170.50000000000003 4.5000000000000009 1.0000000180025095e-35 136.94467507361387 145.1325398666697 43.798720862826471 1.3292396313364059 4.5000000000000009 119.50000000000001 1.0000000180025095e-35 0.15000000000000005 150.50000000000003 30.850000000000005 35.7025352060625 28.350000000000005 29.550000000000004 146.50000000000003 30.350000000000005 142.50000000000003 1.5000000000000002 32.356392634854778 28.050000000000004 1.0000000180025095e-35 3.5000000000000004 2.4500000000000006 180.50000000000003 82.500000000000014 40.249197973088776
decision_type=2 2 2 2 2 2 2 2 2 2 2 2 2 2 2 2 2 2 2 2 2 2 2 2 2 2 2 2 2 2
left_child=-1 2 6 4 26 -6 7 -2 20 11 29 12 18 -13 -5 24 23 27 -8 -20 -9 22 -15 -3 -7 -26 -4 -18 -29 -11
right_child=1 16 3 14 5 15 9 8 -10 10 -12 13 -14 21 -16 -17 17 -19 19 -21 -22 -23 -24 -25 25 -27 -28 28 -30 -31
leaf_value=-1.3974367582729358e-05 -7.219572367822558e-07 -0.054996946921893303 -0.10915536708349612 -0.0054268174363928173 0.15166716261012655 0.098013115330363887 0.098427469565153122 0.014527661295857719 0.6317249910060454 -0.012107945161791634 0.050722919528899804 -0.065268265392171551 -0.10096293448208904 -0.14646628275454834 -0.26302196990862381 0.17654263040924897 -0.0029214339381070432 -0.041445177004005275 0.08033823521115116 -0.045553540719181745 0.16179402637222964 0.0062776331788029441 0.045146209348239458 -0.17862514413961775 -0.032561761210901354 0.055759085047308338 0.10246876783126962 0.178378200228787 -0.01198816146605477 -0.14300054964600797
leaf_weight=27829 517438 819 389 110 183 762 365 1135 108 886 1441 2280 220 272 74 528 281 1303 262 302 200 1417 190 143 550 185 68 259 69 204
leaf_count=27829 376704 735 301 74 89 550 297 1089 44 884 1365 2162 200 246 68 384 261 1207 226 270 154 1191 170 139 368 103 44 203 61 202
internal_value=-0.00126439 -2.38054e-05 -1.27934e-05 0.00258863 0.00325516 0.00450634 -2.68644e-05 -7.66072e-06 0.00310118 -0.001298 0.000543264 -0.00217596 0.00089208 -0.00302356 -0.00706522 0.00369136 -0.00205289 -0.000627615 0.00271798 -8.86525e-05 0.0020412 -0.000997871 -0.00508658 -0.00488565 0.00225451 -0.000306122 -0.00278993 0.00340722 0.0070122 -0.00311927
internal_weight=560272 532443 529569 2849 2665 2208 526720 518881 1443 7839 2531 5308 1149 4159 184 2025 2874 1912 929 564 1335 1879 462 962 1497 735 457 609 328 1090
internal_count=417620 389791 387185 1981 1839 1494 385204 377991 1287 7213 2451 4762 993 3769 142 1405 2606 1732 793 496 1243 1607 416 874 1021 471 345 525 264 1086
is_linear=0
shrinkage=0.05


Tree=200
num_leaves=31
num_cat=1
split_feature=10 11 10 10 8 0 7 7 4 1 7 10 3 4 4 7 10 7 7 3 3 3 10 10 7 3 11 10 3 10
split_gain=6640.54 5.55767 4.94402 4.16264 11.1873 8.3252 10.9579 9.33359 11.0998 15.5487 7.98714 10.0321 8.64692 7.91295 12.4713 16.0922 12.7729 10.5573 9.34427 14.6182 14.3514 12.3436 9.52501 9.17252 15.4418 7.77236 8.16326 7.74539 10.1656 9.48131
threshold=1.0000000180025095e-35 244.00000000000003 36.030877403914388 19.492436693744434 1.9196774193548392 0 25.550000000000004 26.850000000000005 3.5000000000000004 1.0000000180025095e-35 37.250000000000007 4.3922884480981041 57.500000000000007 4.5000000000000009 2.5000000000000004 31.450000000000003 14.061551343524883 31.550000000000004 29.850000000000005 61.500000000000007 65.500000000000014 51.500000000000007 10.603685714646057 7.9730934831758242 35.550000000000004 83.500000000000014 52.500000000000007 8.2804020047089875 51.500000000000007 13.61661762351074
decision_type=2 2 2 2 2 1 2 2 2 2 2 2 2 2 2 2 2 2 2 2 2 2 2 2 2 2 2 2 2 2
left_child=-1 3 -3 5 -5 6 -2 8 9 -8 -7 -12 -13 14 25 16 18 -17 19 21 27 -16 -22 24 -15 26 -9 28 -20 -29
right_child=1 2 -4 4 -6 10 7 13 -10 -11 11 12 -14 23 15 17 -18 -19 20 -21 22 -23 -24 -25 -26 -27 -28 29 -30 -31
leaf_value=-1.3275649203592889e-05 0.040401838521000148 -0.070726880163171302 0.27467107183630796 0.0051570555342030037 0.21839478641776078 7.6376322952764755e-07 -0.077689346761707523 0.0022060809712098894 0.00033777753701595974 -0.024640473307427038 -5.9445152680905527e-05 0.10881613277928973 0.035928869064128156 -0.027439178626693719 -0.0083045231153022758 -0.11698931582704773 -0.053191515274392968 -0.050190358980012117 0.1022191931932584 -0.035104888648783521 0.08298964843573052 0.050437431197384835 0.011583363496462031 0.013271492772846028 0.11780708823542135 0.011634713013557896 -0.029167748049029732 -0.075214194521417976 -0.05713818460505822 0.1837390093565604
leaf_weight=27900 742 78 135 75448 300 412736 944 7764 1434 1032 551 189 609 1705 773 157 2203 3590 225 2215 494 532 341 7943 144 4464 5602 410 77 71
leaf_count=27900 478 56 75 65702 100 288778 750 5754 1170 746 317 87 403 1517 589 149 1887 3062 129 1769 270 310 269 7387 86 3138 4346 362 69 43
internal_value=-0.00122127 2.36439e-05 0.00809859 2.04151e-05 0.000363706 -3.64922e-05 -0.000699757 -0.00080603 -0.00331378 -0.00574393 3.21786e-05 0.00387324 0.00745614 -0.00058512 -0.00100111 -0.00231782 -0.000956954 -0.00498399 0.000408719 -0.00103693 0.00355377 0.00316092 0.00811377 0.000643382 -0.00252839 -0.000182277 -0.000785575 -0.00130907 0.00496689 -0.00524948
internal_weight=560808 532908 213 532695 75748 456947 42862 42120 3410 1976 414085 1349 798 38710 28918 11088 7341 3747 5138 3520 1618 1305 835 9792 1849 17830 13366 783 302 481
internal_count=417698 389798 131 389667 65802 323865 34280 33802 2666 1496 289585 807 490 31136 22146 8908 5697 3211 3810 2668 1142 899 539 8990 1603 13238 10100 603 198 405
cat_boundaries=0 1
cat_threshold=4
is_linear=0
shrinkage=0.05


Tree=201
num_leaves=31
num_cat=0
split_feature=10 10 10 10 4 7 3 6 10 3 3 6 4 3 7 4 6 7 4 3 7 7 7 7 7 3 3 4 3 3
split_gain=6618.45 5.16955 4.81488 28.0081 30.0558 21.5563 21.1372 15.0764 13.9169 10.7781 12.7295 11.4309 16.8322 9.55418 8.51939 7.74942 12.4485 7.44035 11.6978 19.0237 11.7598 11.503 13.068 11.4325 11.2438 7.07478 6.67486 6.49774 6.15043 8.14355
threshold=1.0000000180025095e-35 47.58293034537467 0.71170035736632797 0.76340990904344486 4.5000000000000009 36.650000000000013 88.500000000000014 1.0000000180025095e-35 0.51550959266527385 55.500000000000007 52.500000000000007 1.6500000000000001 4.5000000000000009 54.500000000000007 27.950000000000003 1.0000000180025095e-35 0.15000000000000005 30.250000000000004 4.5000000000000009 59.500000000000007 31.350000000000005 31.750000000000004 32.45000000000001 32.350000000000001 28.050000000000004 81.500000000000014 65.500000000000014 1.0000000180025095e-35 59.500000000000007 83.500000000000014
decision_type=2 2 2 2 2 2 2 2 2 2 2 2 2 2 2 2 2 2 2 2 2 2 2 2 2 2 2 2 2 2
left_child=-1 2 5 4 6 7 -4 14 -7 10 15 12 -12 -14 -2 16 -9 24 19 -19 -21 -22 -23 26 28 27 -20 -26 -11 -30
right_child=1 -3 3 -5 -6 8 -8 9 -10 17 11 -13 13 -15 -16 -17 -18 18 23 20 21 22 -24 -25 25 -27 -28 -29 29 -31
leaf_value=-1.2611866743413246e-05 -1.4759491471882936e-05 0.13075434613867928 -0.00046213105549806069 -2.9000938470580275e-06 0.0001064464448523983 -6.2241330078927077e-06 1.3103628180719898e-05 5.2062009305020585e-06 -3.8080960737096883e-06 6.0329512233059384e-06 -3.4842951270419589e-05 0.00010174676976779096 -0.049293402358110486 0.00070070118986276806 5.3643331093959169e-06 -7.0601485542276525e-07 -0.0022876014545369027 -0.045138590876079535 1.2476129550154093e-05 -4.6152076603689363e-05 0.00032854410064231399 -3.5135963462906707e-05 1.8197404454900478e-05 -2.056778010991467e-05 -2.8953824737998347e-06 -0.044506451644082436 -3.9122733538269701e-06 1.0042621252220886e-05 -2.108062741802419e-05 0.00029095717326866889
leaf_weight=27854 1391 513 2112 507821 857 129 263 155 164 177 363 138 93 88 9796 3750 288 304 324 168 144 125 250 358 122 121 115 707 534 603
leaf_count=27854 837 453 994 375825 451 59 121 71 80 97 215 72 75 44 5514 2042 172 204 162 78 60 79 126 232 60 81 71 349 298 327
internal_value=-0.00124132 2.67871e-06 -2.16385e-06 -3.22374e-05 -0.00467203 0.000750968 -0.00756842 0.000947102 -0.0127133 -0.000585303 -0.00216923 -0.0085044 -0.0117647 0.000690608 0.00216993 -0.0011388 -0.00739278 0.00132034 -0.0010906 -0.00471746 -0.00010917 0.00361272 -0.001 0.00341907 0.00322438 0.00736842 0.00882688 0.00901689 0.000228311 -0.00112137
internal_weight=559827 531973 531460 511053 3232 20407 2375 20114 293 8927 4875 682 544 181 11187 4193 443 4052 1788 991 687 519 375 797 2264 950 439 829 1314 1137
internal_count=417103 389249 388796 377391 1566 11405 1115 11266 139 4915 2691 406 334 119 6351 2285 243 2224 1012 547 343 265 205 465 1212 490 233 409 722 625
is_linear=0
shrinkage=0.05


Tree=202
num_leaves=31
num_cat=2
split_feature=10 8 12 11 11 6 12 4 11 10 12 10 12 11 3 11 4 4 11 6 11 12 4 12 0 10 6 10 2 3
split_gain=6631.14 4.81447 4.06792 12.1369 9.8662 9.37583 8.14379 8.04967 7.93183 10.3772 11.5129 10.8121 8.14199 9.21072 12.3416 8.08157 7.64182 7.45775 8.29037 9.50879 8.23465 7.67603 6.96381 12.0342 11.9261 8.38789 12.4926 8.74106 7.22802 6.7852
threshold=1.0000000180025095e-35 2.8650000000000007 120.56933893294615 91.500000000000014 128.50000000000003 0.25000000000000006 79.506182294132401 4.5000000000000009 58.500000000000007 5.4329401144986091 59.447807771470913 19.811411566492428 45.682441973419749 39.500000000000007 39.500000000000007 80.500000000000014 1.0000000180025095e-35 4.5000000000000009 72.500000000000014 1.5500000000000003 74.500000000000014 99.804933645079146 1.5000000000000002 32.546129784200339 0 5.4329401144986091 0.45000000000000007 4.7747337649968919 1 57.500000000000007
decision_type=2 2 2 2 2 2 2 2 2 2 2 2 2 2 2 2 2 2 2 2 2 2 2 2 1 2 2 2 1 2
left_child=-1 2 3 6 5 7 8 -4 12 -10 11 -11 13 -2 -15 -12 -5 20 21 -20 -8 -19 23 -16 -24 27 29 -26 -28 -27
right_child=1 -3 4 16 -6 -7 17 -9 9 10 15 -13 -14 14 22 -17 -18 18 19 -21 -22 -23 24 -25 25 26 28 -29 -30 -31
leaf_value=-1.1981273406242583e-05 6.0785069179632627e-07 0.012348524516932219 -0.037418314201708117 -0.012536979438336005 0.0027760997448886826 -0.069283501532834274 -0.049376701567197756 0.0039786708058289653 -0.016149069017797137 0.015759646406650063 -0.0020973924904039267 0.12453077151264491 -0.0057911845840978417 0.049700047937856005 0.024107123576392612 0.02748416624659793 0.020947317474059271 -0.0028957976965609867 0.023045419562409242 -0.088810153007025508 -0.012210843292975683 -0.05218259822564271 0.026732044580592713 -0.0078349262305693387 -0.0025440178279085846 -0.004303693841592615 -0.051142177416087842 -0.056547130780648103 -0.011937117916773144 0.026742521009473209
leaf_weight=27775 338141 155 4170 4436 16511 1307 3136 4182 1016 11103 17853 1289 49852 3755 860 4092 22603 4166 4699 121 10316 1050 6915 8881 1064 2978 559 399 1020 5560
leaf_count=27775 234263 57 3866 3622 13711 1227 2836 4110 632 7253 14187 973 41532 2667 490 2910 17409 4088 4531 121 8788 1048 4577 6169 688 2122 415 303 666 3826
internal_value=-0.00118284 6.0176e-05 5.76091e-05 8.90556e-05 -0.000550248 -0.00181955 3.08568e-05 -0.0012033 7.76897e-05 0.000796962 0.000944317 0.00216269 1.71435e-05 9.7938e-05 0.000908849 0.000256323 0.00111968 -0.000877044 0.000154444 0.00164938 -0.0016466 -0.00122699 0.000550715 -0.00053126 0.00112057 0.00013805 0.000649896 -0.00340055 -0.00343572 0.00140548
internal_weight=559964 532189 532034 505864 26170 9659 478825 8352 455337 35353 34337 12392 419984 370132 31991 21945 27039 23488 10036 4820 13452 5216 28236 9741 18495 11580 10117 1463 1579 8538
internal_count=416862 389087 389030 366116 22914 9203 345085 7976 323673 25955 25323 8226 297718 256186 21923 17097 21031 21412 9788 4652 11624 5136 19256 6659 12597 8020 7029 991 1081 5948
cat_boundaries=0 1 2
cat_threshold=2 1
is_linear=0
shrinkage=0.05


Tree=203
num_leaves=31
num_cat=0
split_feature=10 10 10 4 7 3 10 3 7 3 7 4 3 10 7 10 3 3 6 6 3 3 10 12 7 3 7 7 3 6
split_gain=6636.57 8.40485 26.7221 26.5915 19.6691 18.0289 15.5865 13.496 20.7183 10.7217 8.0643 12.276 23.3569 14.9009 11.476 22.9314 19.4183 13.2222 12.1146 12.6221 10.9549 10.1562 29.8129 10.5926 9.4656 12.8355 8.12584 7.85715 7.31203 8.32747
threshold=1.0000000180025095e-35 0.71170035736632797 0.76340990904344486 4.5000000000000009 36.650000000000013 88.500000000000014 0.51550959266527385 76.500000000000014 31.550000000000004 69.500000000000014 27.850000000000005 4.5000000000000009 37.500000000000007 0.43519700344886553 30.450000000000003 0.64054847581383256 39.500000000000007 79.500000000000014 1.0000000180025095e-35 1.0500000000000003 28.500000000000004 51.500000000000007 0.53869740972179747 2.4137623969370092 28.350000000000005 83.500000000000014 28.750000000000004 31.050000000000004 44.500000000000007 0.65000000000000002
decision_type=2 2 2 2 2 2 2 2 2 2 2 2 2 2 2 2 2 2 2 2 2 2 2 2 2 2 2 2 2 2
left_child=-1 4 3 5 10 7 -6 8 -3 -10 28 12 20 -13 15 17 -16 -14 21 -20 -12 22 23 -18 -19 -26 -17 -5 29 -2
right_child=1 2 -4 27 6 -7 -8 -9 9 -11 11 13 14 -15 16 26 18 24 19 -21 -22 -23 -24 -25 25 -27 -28 -29 -30 -31
leaf_value=-1.1382209735930453e-05 -1.4844209792713726e-05 -0.00013253345605209005 4.5314081943305846e-05 0.00035229597602602359 -5.9433188920876567e-06 1.2418054237093671e-05 -3.6480838046082378e-06 -0.00053393761286393284 -0.0068168502920393122 -0.0042017816196607384 0.0010669448074928664 -0.0020155216443448767 8.0494043505130456e-06 9.3710962016990699e-06 -0.0016127003858911267 9.6369389764432628e-05 -2.5044293591180991e-07 2.0727645706763997e-06 -1.5915532188637285e-05 0.00031208650307560927 -0.00016067029524954315 4.1096166062237758e-06 4.3430753929977567e-05 -1.0680840875121335e-05 -2.3212776413039652e-06 -1.0239703779146847e-05 0.00012900278760412666 -0.00016260157884973037 -1.3918765288227034e-05 9.2116551025484e-05
leaf_weight=27816 639 1063 509151 522 126 257 184 724 261 118 101 462 1831 4289 184 349 463 534 1928 143 492 2452 503 414 447 882 524 351 2792 678
leaf_count=27816 385 507 376513 286 58 119 90 326 123 56 59 338 981 2465 104 175 263 316 1048 61 270 1356 277 246 243 540 238 173 1578 372
internal_value=-0.00119079 5.20771e-05 1.24403e-05 -0.00447512 0.00104692 -0.00717086 -0.0114516 -0.00865651 -0.00585992 -0.0158971 0.00123962 0.00174709 0.000846893 0.00387813 0.00138446 0.00327896 -3.6964e-05 0.00155658 0.00046163 -0.00261951 -0.00881113 0.00212683 -0.00130435 -0.00687001 -0.00140902 -0.00366817 0.010567 0.00300687 -0.000736189 0.00233485
internal_weight=560680 532864 512447 3296 20417 2423 310 2166 1442 379 20107 15998 11247 4751 10654 4567 6087 3694 5903 2071 593 3832 1380 877 1863 1329 873 873 4109 1317
internal_count=417382 389566 378103 1590 11463 1131 148 1012 686 179 11315 8980 6177 2803 5848 2493 3355 2080 3251 1109 329 2142 786 509 1099 783 413 459 2335 757
is_linear=0
shrinkage=0.05


Tree=204
num_leaves=31
num_cat=0
split_feature=10 10 10 4 7 10 3 7 4 10 3 10 7 4 7 3 3 7 3 7 6 6 3 6 3 10 7 3 4 3
split_gain=6668.82 7.71735 22.2963 28.7445 18.8845 16.3708 15.5288 8.03977 12.5334 12.385 12.0897 14.0928 7.39048 10.9929 13.1641 12.3133 12.4697 10.105 11.2875 10.6534 8.43205 8.17819 13.9356 7.87971 9.72672 12.3448 7.01341 13.878 10.489 13.1972
threshold=1.0000000180025095e-35 0.71170035736632797 0.76340990904344486 4.5000000000000009 36.650000000000013 0.51550959266527385 88.500000000000014 27.850000000000005 4.5000000000000009 0.43519700344886553 37.500000000000007 0.57943257550478033 30.550000000000004 1.5000000000000002 30.750000000000004 43.500000000000007 44.500000000000007 30.350000000000005 80.500000000000014 29.950000000000003 0.75000000000000011 0.15000000000000005 63.500000000000007 0.15000000000000005 52.500000000000007 0.53869740972179747 30.150000000000002 76.500000000000014 1.5000000000000002 68.500000000000014
decision_type=2 2 2 2 2 2 2 2 2 2 2 2 2 2 2 2 2 2 2 2 2 2 2 2 2 2 2 2 2 2
left_child=-1 4 3 6 7 -6 26 -2 10 -10 -9 12 17 20 -15 -16 -17 18 21 -20 23 -12 -23 24 25 -14 27 28 29 -3
right_child=1 2 -4 -5 5 -7 -8 8 9 -11 11 -13 13 14 15 16 -18 -19 19 -21 -22 22 -24 -25 -26 -27 -28 -29 -30 -31
leaf_value=-1.0813099249133932e-05 -5.8811443776100406e-06 -0.00021608802959509991 6.4252309357226706e-05 0.00011271683208307255 -5.6461529474804988e-06 -3.4656796143783811e-06 1.1530908201423663e-05 -0.00011250016698479322 -0.0019125176003583395 8.9025413916143943e-06 1.2393395187421109e-05 2.7279003695185323e-05 -3.4917167594850088e-06 -5.6600243722926274e-05 -6.1235235947861474e-05 4.14416172763656e-05 -1.0608048790672343e-05 9.8780195139406668e-05 -1.3773966822672179e-07 -2.7603608005577487e-06 0.00029648217792183074 -3.3623955923249107e-06 0.050009911847562996 -1.9666623841230191e-05 4.3652989878739671e-06 4.1601044827558708e-05 -0.0042225516137677109 -0.00035854865792140923 -0.00036705304329742727 0.00031314393027197707
leaf_weight=27938 3979 187 509687 826 127 187 252 596 458 4244 592 3006 567 126 125 119 2322 212 1421 100 99 557 115 280 822 125 856 467 441 151
leaf_count=27938 2289 87 376913 436 61 89 118 332 332 2436 298 1554 315 66 81 57 1334 94 853 58 45 333 51 160 450 63 402 211 229 61
internal_value=-0.00118756 6.05013e-05 2.27642e-05 -0.00415094 0.00101962 -0.0111465 -0.00696686 0.00121193 0.00171535 0.00388133 0.000804721 0.00119475 4.6162e-05 -0.00121592 -0.00326895 -0.00249415 -0.00171036 0.00197698 0.00117594 -0.00172584 0.00170365 0.00466772 0.000892857 0.000919732 0.00234478 -0.00202312 -0.00837298 -0.00597913 -0.00189345 0.00473373
internal_weight=560984 533046 512867 3180 20179 314 2354 19865 15886 4702 11184 10588 7582 4585 2692 2566 2441 2997 2785 1521 1893 1264 672 1794 1514 692 2102 1246 779 338
internal_count=417746 389808 378457 1544 11351 150 1108 11201 8912 2768 6144 5812 4258 2571 1538 1472 1391 1687 1593 911 1033 682 384 988 828 378 990 588 377 148
is_linear=0
shrinkage=0.05


Tree=205
num_leaves=31
num_cat=0
split_feature=10 10 10 3 7 10 10 7 6 1 6 6 3 12 6 7 3 7 1 7 7 7 6 6 11 12 3 3 3 12
split_gain=6638.13 6.51879 18.534 15.3143 14.8272 15.9133 9.71506 9.97514 15.7988 9.51081 8.3 15.5185 8.10184 7.82665 8.23095 7.6251 7.36866 7.29588 9.11857 7.00905 10.9034 6.44532 7.42766 8.10894 6.02244 5.73903 6.15225 5.46492 5.40794 7.63013
threshold=1.0000000180025095e-35 0.71170035736632797 0.76340990904344486 88.500000000000014 36.650000000000013 0.51550959266527385 0.64054847581383256 30.050000000000004 1.0000000180025095e-35 1.0000000180025095e-35 1.0500000000000003 3.6500000000000004 42.500000000000007 2.8839697584089716 1.1500000000000001 30.550000000000004 67.500000000000014 27.750000000000004 1.0000000180025095e-35 30.250000000000004 31.350000000000005 34.350000000000001 0.25000000000000006 1.2500000000000002 5.5000000000000009 2.8839697584089716 36.500000000000007 64.500000000000014 38.500000000000007 2.1493162136698172
decision_type=2 2 2 2 2 2 2 2 2 2 2 2 2 2 2 2 2 2 2 2 2 2 2 2 2 2 2 2 2 2
left_child=-1 4 3 9 6 -6 7 10 12 21 -2 -12 -9 14 24 -14 28 18 -18 -19 -21 22 25 -24 27 26 -3 -10 29 -8
right_child=1 2 -4 -5 5 -7 16 8 13 -11 11 -13 15 -15 -16 -17 17 19 -20 20 -22 -23 23 -25 -26 -27 -28 -29 -30 -31
leaf_value=-1.0272444286677236e-05 -2.3638954784244163e-06 -0.00038742018785079549 3.2806951215702543e-05 6.0530870619318614e-05 -5.3638453001103597e-06 -3.2923956336583519e-06 5.1573014969052979e-06 3.897281354173221e-05 -5.6299911134890156e-06 0.00013488582209581491 0.00011981159364973238 -4.7594606852389519e-05 8.3745324778528038e-05 8.1375151663454215e-06 0.00028165806902573641 2.5961574139754531e-06 -1.9066993098404428e-05 0.0001193982078400065 0.00012716954572365065 -0.00060363127506418148 0.00015209036925247779 -0.0044172857116278217 -0.00071510880728768993 -0.00033752884637215934 -4.5593286127757855e-05 -0.00033809591402158559 -0.00010523977297891563 -6.2008561738879924e-06 -1.8612679921622043e-05 0.00010304680618820617
leaf_weight=27859 5935 357 508758 353 112 197 928 672 2843 120 897 373 364 355 140 4737 126 574 179 163 324 147 303 161 115 635 1108 416 466 333
leaf_count=27859 3535 175 376456 161 54 95 496 348 1615 56 481 195 182 193 74 2699 74 280 93 103 174 71 173 65 65 313 538 216 226 167
internal_value=-0.00120802 3.74396e-05 2.63702e-06 -0.00380025 0.000917329 -0.00995146 0.00108576 0.000612869 0.00166459 -0.00502473 -0.000794587 0.00287402 0.0033215 -0.000807702 -0.00152248 0.00264164 0.00366149 0.00640556 -0.000409836 0.00836475 0.00395277 -0.00563445 -0.0050507 -0.0107759 -0.00201541 -0.00378571 -0.00206485 -0.00161859 0.00149102 0.00319191
internal_weight=560050 532191 511942 3184 20249 309 19940 16847 9642 2831 7205 1270 5773 3869 3514 5101 3093 1366 305 1061 487 2711 2564 464 3374 2100 1465 3259 1727 1261
internal_count=417232 389373 378008 1552 11365 149 11216 9603 5392 1391 4211 676 3229 2163 1970 2881 1613 724 167 557 277 1335 1264 238 1896 1026 713 1831 889 663
is_linear=0
shrinkage=0.05


Tree=206
num_leaves=31
num_cat=0
split_feature=10 10 10 4 7 3 10 7 3 4 3 10 4 3 7 11 7 1 7 4 6 3 3 3 7 6 6 6 7 3
split_gain=6611.99 8.128 25.8887 23.3048 21.9415 17.1474 14.7627 11.0585 14.5332 13.0595 11.8736 10.0446 8.35439 7.69084 8.86457 8.24568 7.0714 6.51048 6.48096 16.3548 11.3474 11.4168 10.1927 6.40674 9.95988 5.99895 17.2379 9.4414 8.63679 10.8066
threshold=1.0000000180025095e-35 0.71170035736632797 0.76340990904344486 4.5000000000000009 36.650000000000013 88.500000000000014 0.51550959266527385 30.650000000000002 76.500000000000014 1.5000000000000002 68.500000000000014 0.64054847581383256 2.5000000000000004 67.500000000000014 27.750000000000004 10.500000000000002 31.050000000000004 1.0000000180025095e-35 30.450000000000003 4.5000000000000009 1.0000000180025095e-35 38.500000000000007 37.500000000000007 37.500000000000007 28.950000000000003 4.0000000000000009 1.2500000000000002 0.45000000000000007 26.650000000000002 55.500000000000007
decision_type=2 2 2 2 2 2 2 2 2 2 2 2 2 2 2 2 2 2 2 2 2 2 2 2 2 2 2 2 2 2
left_child=-1 4 3 5 11 7 -6 8 9 10 -3 25 -7 18 17 -16 -5 -15 20 -20 23 22 -22 24 -13 26 27 -2 -29 -30
right_child=1 2 -4 16 6 12 -8 -9 -10 -11 -12 13 -14 14 15 -17 -18 -19 19 -21 21 -23 -24 -25 -26 -27 -28 28 29 -31
leaf_value=-9.7588220723433737e-06 2.0129919869253204e-06 -0.00011517646345960976 2.5548647691420181e-05 0.00033353644992696331 -5.0956530351031764e-06 -0.0023822679084721469 -3.1277758519743239e-06 -0.0053133503493039474 -0.00034224728520727555 -0.00037078188158142975 0.00029840365610680488 6.9937364113553671e-05 6.9713628915529791e-05 -1.8113643443484764e-05 0.00011527875130192823 -5.2831414562972326e-05 -0.00011544203257031206 0.00011336670215842949 -0.0013473539727459904 9.2533831551194767e-05 -7.9792285284319142e-05 -2.2554262905875402e-05 9.5299357674621946e-05 0.00017068594856657165 -0.00010119063206383007 -4.6773153433399274e-05 0.00026327987376968491 8.5495028020365915e-05 -4.5925454649342613e-05 -3.1118649368000464e-06
leaf_weight=27758 13896 211 508820 503 130 116 184 667 505 493 141 237 126 132 923 97 329 182 231 186 371 166 166 224 125 337 907 314 621 865
leaf_count=27758 7974 93 376478 279 60 62 90 315 235 273 57 109 48 76 483 53 165 96 129 100 213 82 82 104 65 179 469 184 359 465
internal_value=-0.00120959 3.1238e-05 -7.66735e-06 -0.00456972 0.00101261 -0.00720452 -0.0121019 -0.00871344 -0.00611111 -0.00210059 0.00525568 0.00121872 0.0053719 0.00386513 0.00670915 0.00897059 0.00258413 -0.000636943 0.00164127 -0.00377698 0.0033941 -0.000889047 0.00265363 0.00853242 0.00441989 0.000743802 0.000877853 0.000490571 -0.00291667 -0.00450875
internal_weight=559963 532205 511911 3091 20294 2259 314 2017 1350 845 352 19980 242 3040 1334 1020 832 314 1706 417 1289 703 537 586 362 16940 16603 15696 1800 1486
internal_count=417135 389377 378005 1527 11372 1083 150 973 658 423 150 11222 110 1592 708 536 444 172 884 229 655 377 295 278 174 9630 9451 8982 1008 824
is_linear=0
shrinkage=0.05


Tree=207
num_leaves=31
num_cat=0
split_feature=10 10 7 10 4 3 10 7 3 4 3 10 3 7 6 10 6 4 10 3 7 3 7 6 4 3 7 3 4 7
split_gain=6601.22 10.7499 21.9668 20.9948 22.3943 24.0419 13.9757 10.9346 18.2345 12.4158 11.0297 10.5711 11.0798 8.93828 9.70932 7.62195 7.10246 18.9837 11.334 10.9602 6.85824 6.73949 6.55475 6.36265 10.692 6.3108 6.0893 6.11725 5.94576 17.1107
threshold=1.0000000180025095e-35 0.71170035736632797 36.650000000000013 0.76340990904344486 4.5000000000000009 88.500000000000014 0.51550959266527385 30.650000000000002 76.500000000000014 1.5000000000000002 68.500000000000014 0.64054847581383256 67.500000000000014 28.950000000000003 1.1500000000000001 0.53869740972179747 0.45000000000000007 3.5000000000000004 0.49808169478095882 54.500000000000007 26.650000000000002 42.500000000000007 27.850000000000005 4.0000000000000009 3.5000000000000004 69.500000000000014 30.850000000000005 76.500000000000014 4.5000000000000009 30.450000000000003
decision_type=2 2 2 2 2 2 2 2 2 2 2 2 2 2 2 2 2 2 2 2 2 2 2 2 2 2 2 2 2 2
left_child=-1 2 11 4 5 7 -4 8 9 10 -3 13 28 15 16 23 21 18 -18 -19 -17 -15 -14 -2 -25 -9 -6 -28 29 -13
right_child=1 3 6 -5 26 -7 -8 25 -10 -11 -12 12 22 14 -16 20 17 19 -20 -21 -22 -23 -24 24 -26 -27 27 -29 -30 -31
leaf_value=-9.2708809687262046e-06 2.0664051794294648e-06 -3.1675214504800489e-05 -4.8408703833491278e-06 2.9889171270347515e-05 0.00015280872526417244 6.6235368403422262e-05 -2.9713870593806039e-06 -0.0060755609186854999 -0.00031719487308575953 -0.00034778151829363281 0.00027338724992421461 1.2247169589768571e-05 3.6928427983862201e-07 8.4197017488907289e-06 0.00045367695699644609 7.7539449609587141e-05 -4.4323732273761812e-05 -0.023222294171729226 -9.6550453506649703e-06 1.4260859581483043e-05 -1.3215684185713396e-05 2.3585408627790905e-06 0.00010936095418870862 -9.2806168124367125e-06 -0.00086843318555381856 -0.00438268611370212 6.6275986350983201e-05 -0.00023701194718906603 8.7323132502564738e-05 -0.0011992557684181357
leaf_weight=27678 3315 222 125 508943 469 238 179 314 539 480 145 1049 325 1172 266 273 103 117 296 224 1365 9657 1014 184 96 358 254 134 444 238
leaf_count=27678 2005 94 59 376553 261 110 85 162 253 262 57 515 175 630 138 151 53 77 144 114 731 5515 528 94 52 152 126 68 248 128
internal_value=-0.00119258 4.47855e-05 0.00116916 -9.76379e-08 -0.00406755 -0.00664199 -0.0121711 -0.00838192 -0.00584416 -0.00126919 0.00565395 0.00137054 0.00407166 0.000884697 0.00164554 -0.000836041 0.00142839 -0.00331081 -0.0107143 0.00535191 -0.003663 0.00175224 0.00748693 0.000452017 -0.00678571 -0.0136161 0.00282964 -0.00180412 0.00142981 -0.000291375
internal_weight=560216 532538 20442 512096 3153 2296 304 2058 1386 847 367 20138 3070 17068 11835 5233 11569 740 399 341 1638 10829 1339 3595 280 672 857 388 1731 1287
internal_count=417218 389540 11442 378098 1545 1090 144 980 666 413 151 11298 1594 9704 6671 3033 6533 388 197 191 882 6145 703 2151 146 314 455 194 891 643
is_linear=0
shrinkage=0.05


Tree=208
num_leaves=31
num_cat=0
split_feature=10 10 10 4 7 3 10 7 3 10 3 6 7 7 12 10 7 9 6 4 7 10 6 4 4 3 7 3 3 7
split_gain=6638.33 11.3811 20.8694 20.9916 20.3064 15.9414 15.0135 10.5197 17.068 10.0544 8.58916 8.49758 8.40773 7.49536 11.2005 13.9926 7.68292 6.5049 6.4345 12.9683 8.94802 6.62864 14.9895 8.40223 8.56522 7.1796 6.36657 8.55702 6.61375 5.91875
threshold=1.0000000180025095e-35 0.71170035736632797 0.76340990904344486 4.5000000000000009 36.650000000000013 88.500000000000014 0.51550959266527385 30.650000000000002 76.500000000000014 0.64054847581383256 69.500000000000014 0.25000000000000006 27.650000000000002 30.050000000000004 2.8839697584089716 0.53869740972179747 29.850000000000005 3.5000000000000004 1.0000000180025095e-35 4.5000000000000009 30.450000000000003 0.49808169478095882 0.15000000000000005 1.5000000000000002 1.0000000180025095e-35 63.500000000000007 30.550000000000004 76.500000000000014 69.500000000000014 31.550000000000004
decision_type=2 2 2 2 2 2 2 2 2 2 2 2 2 2 2 2 2 2 2 2 2 2 2 2 2 2 2 2 2 2
left_child=-1 4 3 5 9 7 -6 8 11 13 -9 17 -13 16 18 -16 -2 -3 20 21 -15 22 -20 24 -23 -25 28 -28 -5 -12
right_child=1 2 -4 26 6 -7 -8 10 -10 -11 29 12 -14 14 15 -17 -18 -19 19 -21 -22 23 -24 25 -26 -27 27 -29 -30 -31
leaf_value=-8.8073369202898941e-06 2.6570443699691638e-07 0.00011427767818896762 3.99637847189364e-05 -0.046727732495892696 -4.5988268641772306e-06 6.2916179049582471e-05 -2.8228177064160143e-06 -0.0056772967308026728 -0.00028821901040585466 6.0082148895947619e-05 -0.0062038870978773121 -1.3226625575279983e-05 -0.00047853204060994693 7.8022167843459311e-05 1.175177746404188e-06 2.3172642768456988e-05 -3.8441254475866472e-06 -0.00013348756898649746 1.9292440426421645e-06 8.6348759037568896e-06 2.2470151382569804e-06 -9.1722930831261713e-06 -3.0969593915264328e-05 -1.1291113928368901e-05 4.4833184038206579e-05 -3.1360123337749916e-05 3.3939755478540337e-05 -0.00027880289996549127 0.00030921919116740917 -0.0034806985777659396
leaf_weight=27815 7030 266 509161 155 123 264 195 309 528 3040 127 102 99 185 766 965 358 392 125 1374 4170 451 242 947 207 190 292 129 249 251
leaf_count=27815 4042 126 376565 105 57 122 95 153 240 1582 55 48 53 91 438 509 224 194 59 826 2370 241 128 517 103 104 144 75 121 109
internal_value=-0.00118736 5.60361e-05 9.95464e-06 -0.00403889 0.00121514 -0.00645851 -0.0113208 -0.00793153 -0.00542538 0.00141397 -0.0129913 -0.00107683 -0.0100746 0.000940623 0.00186032 0.0055026 -0.000257174 0.00167173 0.00106134 -0.00052319 0.00234788 -0.0029371 -0.00905995 -0.00168524 0.00281155 -0.0042876 0.00281818 -0.00148456 0.00730198 -0.00793651
internal_weight=560507 532692 512324 3163 20368 2338 318 2074 1387 20050 687 859 201 17010 9622 1731 7388 658 7891 3536 4355 2162 367 1795 658 1137 825 421 404 378
internal_count=417311 389496 378110 1545 11386 1100 152 978 661 11234 317 421 101 9652 5386 947 4266 320 4439 1978 2461 1152 187 965 344 621 445 219 226 164
is_linear=0
shrinkage=0.05


Tree=209
num_leaves=31
num_cat=0
split_feature=10 10 7 10 4 7 10 10 3 7 1 3 3 4 7 7 3 3 3 3 3 3 10 4 7 7 7 7 10 4
split_gain=6636.74 10.6058 21.765 21.3302 17.1565 15.6565 13.6178 9.565 9.71681 12.0418 12.016 8.67784 17.3076 13.8974 6.27571 6.96164 6.83382 9.53552 5.7771 5.46498 5.21657 8.63145 14.5415 11.3972 11.1912 8.64106 11.2359 8.13595 8.04225 10.7083
threshold=1.0000000180025095e-35 0.71170035736632797 36.650000000000013 0.76340990904344486 4.5000000000000009 30.150000000000002 0.51550959266527385 0.64054847581383256 67.500000000000014 27.750000000000004 1.0000000180025095e-35 88.500000000000014 76.500000000000014 1.5000000000000002 28.950000000000003 28.650000000000002 86.500000000000014 56.500000000000007 68.500000000000014 36.500000000000007 48.500000000000007 45.500000000000007 2.5465299133204282 1.0000000180025095e-35 30.850000000000005 31.450000000000003 33.250000000000007 36.800000000000004 2.1451516708369236 4.5000000000000009
decision_type=2 2 2 2 2 2 2 2 2 2 2 2 2 2 2 2 2 2 2 2 2 2 2 2 2 2 2 2 2 2
left_child=-1 2 7 4 5 11 -4 14 -9 10 -10 12 13 18 15 -2 17 -17 -3 -7 21 27 23 -23 -24 -26 -27 -5 29 -25
right_child=1 3 6 20 -6 19 -8 8 9 -11 -12 -13 -14 -15 -16 16 -18 -19 -20 -21 -22 22 24 28 25 26 -28 -29 -30 -31
leaf_value=-8.3669700742753985e-06 2.3309221857115149e-07 1.2746870364527264e-05 -4.3688855209667032e-06 -0.00012356463873033351 6.1905249714244723e-05 -0.0060993232873297054 -2.6816768210924382e-06 1.0494799644228393e-05 -0.0001394244616952145 0.00010152972369280867 0.00010532947902249419 6.4750325930013069e-05 -0.00027380805988556082 -0.00030051468120822307 2.3285684853380229e-06 6.9540367222398211e-07 0.00029789439924464704 -0.0024869117570720301 0.00028155032391417222 -0.0031470192401281461 0.00012232276901989655 0.00048885187610507867 5.4566079396752477e-05 -0.0004249983382612621 -0.043917020999988135 -0.0034132930446101107 -0.028461362126942016 0.046406018894867646 0.00052861958181440463 0.0012585439189955361
leaf_weight=27870 4814 190 122 143753 838 123 189 1715 115 1079 167 217 487 406 11667 126 151 231 146 759 340365 570 6927 1250 2606 6674 5006 307 938 585
leaf_count=27870 2788 80 58 107837 444 65 91 887 71 553 91 105 221 216 6557 72 79 141 60 351 250749 290 4803 744 2036 5156 3968 165 550 385
internal_value=-0.00121508 2.9717e-05 0.00114841 -1.47907e-05 -0.00410613 -0.00631443 -0.0119775 0.00135186 0.00391743 0.00707201 -0.00212766 -0.00311203 -0.00473963 6.73854e-05 0.000887339 -0.000535513 -0.00610236 -0.00987395 0.00758929 -0.0115646 1.06586e-05 -0.000216765 -0.00108324 0.00198175 -0.00156626 -0.00236595 -0.0017851 -6.90684e-05 0.000658132 -0.00126703
internal_weight=560393 532523 20376 512147 3166 2328 311 20065 3076 1361 282 1446 1229 742 16989 5322 508 357 336 882 508981 168616 24556 3343 21213 14286 11680 144060 2773 1835
internal_count=417483 389613 11388 378225 1542 1098 149 11239 1602 715 162 682 577 356 9637 3080 292 213 140 416 376683 125934 17932 1969 15963 11160 9124 108002 1679 1129
is_linear=0
shrinkage=0.05


Tree=210
num_leaves=31
num_cat=1
split_feature=10 10 7 10 3 0 3 3 7 10 3 7 7 7 7 6 12 3 3 6 10 10 10 6 7 7 3 3 7 7
split_gain=6595.81 7.66702 16.8507 14.5097 15.0841 10.2156 15.6375 10.166 9.74855 9.5091 7.54652 6.41911 7.36594 7.03072 11.5552 6.54116 7.33232 8.11562 9.90679 6.65261 18.473 11.6302 10.3246 6.34454 8.54467 6.19584 6.01576 5.96125 17.0684 9.32346
threshold=1.0000000180025095e-35 0.71170035736632797 36.650000000000013 0.95850667735212247 25.500000000000004 0 75.500000000000014 58.500000000000007 36.550000000000004 1.4227507702095894 77.500000000000014 27.850000000000005 26.650000000000002 26.050000000000004 25.450000000000003 1.2500000000000002 2.8839697584089716 67.500000000000014 82.500000000000014 0.15000000000000005 0.49808169478095882 0.57943257550478033 0.49808169478095882 0.35000000000000003 29.850000000000005 35.750000000000007 48.500000000000007 68.500000000000014 30.750000000000004 29.150000000000002
decision_type=2 2 2 2 2 1 2 2 2 2 2 2 2 2 2 2 2 2 2 2 2 2 2 2 2 2 2 2 2 2
left_child=-1 2 11 4 -3 -6 8 -4 27 -5 -8 12 13 14 -2 16 17 19 -19 22 -21 23 -13 24 -22 -24 -25 28 29 -7
right_child=1 3 7 9 5 6 10 -9 -10 -11 -12 15 -14 -15 -16 -17 -18 18 -20 20 21 -23 25 26 -26 -27 -28 -29 -30 -31
leaf_value=-7.9486215705616283e-06 8.3458839996547471e-05 0.00017923150097727363 -4.1504412449211435e-06 0.00015593220469072486 0.0001173683838158468 -0.00042709585672880417 -0.0008978973004327151 -2.5475929800400366e-06 -0.0033828991184366611 -2.6688080682713002e-05 -0.0002812407407582207 2.0189937196157805e-06 -1.1870476220306644e-05 6.6727864684140722e-05 -0.00059606388480238758 0.00043102563449209751 4.2268452500326958e-06 0.00012494844165309994 0.00017307288019332548 -3.475924333772307e-05 -0.0023711558125148581 -5.5184173931577263e-06 -4.6975731826659484e-07 -0.036715134897667479 6.9944457945151724e-06 2.4150992299678174e-05 1.0021287806566415e-05 2.6428589762703126e-05 -0.0053011923191778358 0.00042436138931754576
leaf_weight=27735 240 133 116 7829 872 1001 707 181 87 496709 1339 1044 2698 700 433 371 4427 387 1144 399 92 570 5522 113 842 404 605 2395 355 585
leaf_count=27735 120 61 62 4831 542 595 435 81 47 368721 877 598 1526 384 277 197 2449 187 738 237 54 282 3106 75 480 228 305 1479 209 337
internal_value=-0.00122827 1.03325e-05 0.000963624 -2.74408e-05 -0.00221434 -0.00251669 -0.0031988 -0.0108586 -0.00153177 4.95503e-06 -0.00681818 0.00113926 -0.000632523 0.00234887 -0.00130015 0.00159234 0.00143578 0.000750764 0.00413129 0.000211135 -0.00193628 -0.000157516 0.00101865 0.00196731 -0.000749465 0.000210935 0.00550139 -0.00119926 -0.00325863 -0.00104035
internal_weight=560035 532300 20288 512012 7474 7341 6469 297 4423 504538 2046 19991 4071 1373 673 15920 15549 11122 1531 9591 2621 2222 6970 1652 934 5926 718 4336 1941 1586
internal_count=417255 389520 11386 378134 4582 4521 3979 143 2667 373552 1312 11243 2307 781 397 8936 8739 6290 925 5365 1433 1196 3932 914 534 3334 380 2620 1141 932
cat_boundaries=0 1
cat_threshold=1
is_linear=0
shrinkage=0.05


Tree=211
num_leaves=31
num_cat=0
split_feature=10 10 7 10 10 4 7 6 3 3 3 6 6 6 7 7 7 4 7 3 12 6 3 4 6 7 7 3 7 3
split_gain=6648.71 8.09154 21.1638 15.5262 11.3042 23.1686 15.4656 7.21261 6.89112 14.1163 10.4018 8.73944 5.76301 5.66405 5.51207 9.194 8.54794 6.29874 6.22453 5.38422 5.26196 5.20573 10.1426 9.5109 19.4511 14.888 14.9809 13.4729 11.9007 26.6483
threshold=1.0000000180025095e-35 0.71170035736632797 36.650000000000013 0.51550959266527385 0.76340990904344486 4.5000000000000009 30.450000000000003 10.15 69.500000000000014 88.500000000000014 68.500000000000014 0.35000000000000003 1.0000000180025095e-35 1.0000000180025095e-35 26.050000000000004 26.350000000000005 25.450000000000003 3.5000000000000004 27.850000000000005 77.500000000000014 2.8839697584089716 1.0000000180025095e-35 90.500000000000014 1.5000000000000002 0.25000000000000006 28.450000000000003 33.150000000000013 85.500000000000014 27.850000000000005 75.500000000000014
decision_type=2 2 2 2 2 2 2 2 2 2 2 2 2 2 2 2 2 2 2 2 2 2 2 2 2 2 2 2 2 2
left_child=-1 2 7 -4 5 6 8 14 10 12 11 -3 20 19 16 -16 -2 -18 -17 -8 -10 -6 23 24 25 -23 -27 -26 -25 -30
right_child=1 4 3 -5 21 -7 13 -9 9 -11 -12 -13 -14 -15 15 18 17 -19 -20 -21 -22 22 -24 28 27 26 -28 -29 29 -31
leaf_value=-7.5511904920335472e-06 7.4163258765558299e-05 2.9128043773796189e-05 -3.9429191826756421e-06 -2.4202133310335941e-06 -0.00011202773579255254 0.00015229227724280388 -0.0034223638715471742 1.8891752720665938e-05 5.9905421208927837e-06 5.068298694397844e-05 0.00024655097613475175 -0.00053427457472450632 -0.00045093420712137111 -0.00084959318934242363 0.00014394706018386143 -4.8464350201338213e-06 6.2239502108152323e-05 -0.00080066097723383587 2.3306176023936885e-06 -0.0057589914815475013 -0.00023872783821511369 -0.00062745851295170629 -0.016402960755157445 0.0019051643210244108 -0.00013496933386421736 0.010460284070034506 -0.00059156264243795571 0.0097430089058785224 -0.00011720756936722809 -0.030362064714889826
leaf_weight=27849 223 380 130 195 279447 827 575 89 136 205 151 145 278 111 290 3034 144 284 15877 116 202 5015 637 52157 41392 16819 3737 2216 101539 6172
leaf_count=27849 119 180 62 93 210989 443 257 37 68 103 75 67 130 59 148 1714 86 194 8951 54 96 3547 449 36531 27332 11263 2659 1278 77549 4856
internal_value=-0.00118421 6.1265e-05 0.00104115 -0.0116154 2.24985e-05 -0.00297505 -0.00555676 0.00124743 -0.00255511 -0.00563337 0.00118343 -0.00214286 -0.00941558 -0.0111596 0.00118376 0.00133717 -0.00334101 -0.00747664 0.00120168 -0.0128437 -0.00502959 4.0903e-05 0.000217255 0.000234777 0.00072457 0.00181944 0.00241535 8.25537e-05 2.28313e-05 -0.000277363
internal_weight=560372 532523 20266 325 512257 3126 2299 19941 1497 821 676 525 616 802 19852 19201 651 428 18911 691 338 509131 229684 229047 69179 25571 20556 43608 159868 107711
internal_count=417238 389389 11404 155 377985 1532 1089 11249 719 397 322 247 294 370 11212 10813 399 280 10665 311 164 376453 165464 165015 46079 17469 13922 28610 118936 82405
is_linear=0
shrinkage=0.05


Tree=212
num_leaves=31
num_cat=1
split_feature=12 11 4 4 7 12 11 12 7 12 12 11 4 6 11 12 11 12 11 7 7 3 3 7 3 4 3 12 2 4
split_gain=6616.07 4.42786 6.26104 6.87764 6.50305 5.70023 7.79266 9.33034 7.60673 8.72903 6.50412 9.06 6.95698 7.76676 6.8961 6.37222 7.95458 11.2898 10.2286 8.95877 8.13927 8.64457 10.0491 7.78921 9.4327 10.9614 10.7002 12.0972 10.3819 10.2559
threshold=1.0000000180025095e-35 175.50000000000003 4.5000000000000009 1.0000000180025095e-35 30.850000000000005 145.1325398666697 132.50000000000003 96.918101475722523 33.45000000000001 114.45851174185576 109.41128370308739 101.50000000000001 4.5000000000000009 4.8500000000000005 77.500000000000014 79.506182294132401 59.500000000000007 42.227187031407645 41.500000000000007 31.550000000000004 32.750000000000007 40.500000000000007 57.500000000000007 31.850000000000005 56.500000000000007 3.5000000000000004 36.500000000000007 17.438283367712987 0 1.5000000000000002
decision_type=2 2 2 2 2 2 2 2 2 2 2 2 2 2 2 2 2 2 2 2 2 2 2 2 2 2 2 2 1 2
left_child=-1 5 3 -3 -4 6 10 -8 -9 -10 11 15 13 -12 -14 16 17 18 19 -2 21 -20 -23 24 25 26 -21 -28 29 -26
right_child=1 2 4 -5 -6 -7 7 8 9 -11 12 -13 14 -15 -16 -17 -18 -19 20 23 -22 22 -24 -25 28 -27 27 -29 -30 -31
leaf_value=-7.1736309674318695e-06 2.4523052714853223e-05 -0.062644626043418528 0.0071543572506150184 0.053363157276115208 -0.21508304187371297 -0.016088423303128162 -0.11500988079923663 0.042575547201599839 -0.1737435865460486 -0.019812096627488798 -0.027835939300634927 0.022539369311241765 -0.033340352845576286 0.12229996423890371 0.016170903398360005 -0.0092172010329624864 0.0092444251518202236 -0.0056893049612197549 0.047615543562921303 -0.049665592691204498 0.033753337336392832 -0.013894853767244442 0.0068304019392028794 -3.2901668588936063e-06 0.01678599778415301 -0.016089967627140989 0.00082881019873150003 -0.0061702385435512992 -0.011890361446789767 -0.0069865692896838643
leaf_weight=27739 220236 705 174 2669 98 9807 115 6334 87 325 10142 9771 885 154 4431 29820 34226 67457 2302 218 2851 2724 9454 104067 804 2269 2012 1475 6223 1062
leaf_count=27739 150204 551 144 1931 96 9021 77 4586 73 269 8882 7175 879 84 4317 26464 25084 55255 1568 162 1845 1780 6190 73233 488 1819 1134 1041 4449 780
internal_value=-0.00119293 4.63035e-05 0.00178278 0.00237107 -0.00551471 3.4341e-05 5.68877e-05 0.0017308 0.00197154 -0.00461165 3.44822e-05 6.60501e-05 -0.000970407 -0.00172883 0.000498495 3.58169e-05 8.19887e-05 2.26868e-05 0.000135157 7.44756e-05 0.00131989 0.000839088 0.000307932 -0.000276814 -0.00138128 0.000125544 0.00180162 0.00247347 -0.00249413 0.000777063
internal_weight=560636 532897 3646 3374 272 529251 519444 6861 6746 412 512583 496971 15612 10296 5316 487200 457380 423154 355697 338366 17331 14480 12178 118130 14063 5974 3705 3487 8089 1866
internal_count=417320 389581 2722 2482 240 386859 377838 5005 4928 342 372833 358671 14162 8966 5196 351496 325032 299948 244693 233310 11383 9538 7970 83106 9873 4156 2337 2175 5717 1268
cat_boundaries=0 1
cat_threshold=1
is_linear=0
shrinkage=0.05


Tree=213
num_leaves=31
num_cat=3
split_feature=10 11 12 11 7 4 7 3 4 11 12 7 11 4 6 7 4 3 0 4 0 7 6 10 7 3 10 3 12 0
split_gain=6615.55 4.23556 6.93465 10.4763 5.37938 7.09672 6.76297 8.61496 7.60613 6.04413 5.15476 4.77103 8.1784 13.5004 12.8087 11.5121 11.2398 10.8945 9.47061 8.42879 18.9662 30.6636 10.263 9.64229 9.05113 8.87982 8.82601 7.99706 7.94018 7.73602
threshold=1.0000000180025095e-35 179.50000000000003 139.17532916821509 140.50000000000003 27.650000000000002 3.5000000000000004 30.250000000000004 82.500000000000014 4.5000000000000009 226.50000000000003 98.826875809392959 33.050000000000004 30.500000000000004 5.5000000000000009 0.35000000000000003 35.900000000000006 1.0000000180025095e-35 70.500000000000014 0 3.5000000000000004 1 33.250000000000007 0.25000000000000006 21.938385526759273 34.150000000000013 57.500000000000007 18.213214273438592 70.500000000000014 42.522865303550297 2
decision_type=2 2 2 2 2 2 2 2 2 2 2 2 2 2 2 2 2 2 1 2 1 2 2 2 2 2 2 2 2 1
left_child=-1 2 3 11 5 -3 7 -6 9 -8 -5 -2 13 14 15 18 -14 -17 -13 20 23 -22 25 24 -18 -21 -26 -23 -29 -27
right_child=1 4 -4 10 6 -7 8 -9 -10 -11 -12 12 16 -15 -16 17 19 -19 -20 22 21 27 -24 -25 26 29 -28 28 -30 -31
leaf_value=-6.8149494190602761e-06 -8.444725316973194e-06 -0.091750123308418224 -0.016276988473681888 -0.12023043528616069 0.12753851206878455 0.049806825844483531 0.037414945938379775 -0.013824223594124519 -0.2143235221721482 -0.18486121981008063 0.054248373331234667 6.3095466565932243e-05 -0.011709705816342298 -0.005340051510699606 -0.078877807806179465 -0.00028933441779706027 0.011563701413308286 0.032156272089277849 -0.013035362159584918 0.014492136786142052 0.12859444045741886 -0.026686480242478619 0.065085119900890831 0.32716897472320278 0.051314174012647366 0.0024575177138110417 -0.04371942861772915 0.008616195031368035 -0.099374098562859114 -0.030139688534645794
leaf_weight=27902 422500 454 12704 93 1223 193 556 426 102 75 3355 25779 7157 11989 203 8894 3453 448 4480 9571 675 2919 1028 309 4653 5556 397 98 266 2936
leaf_count=27902 305742 348 11580 67 885 129 376 322 100 63 2319 16575 5625 10095 175 5970 2377 270 3282 8277 485 2445 858 207 2925 5058 343 62 260 2546
internal_value=-0.00126741 -2.38501e-05 -3.45161e-05 -6.14406e-06 0.00184054 -0.00220247 0.00293871 0.00471498 -0.0010573 0.000990491 0.00274072 -2.45952e-05 0.000304203 -0.00010764 0.000335393 0.000399611 0.000850889 -0.00113466 0.000873294 0.0012531 0.00224745 -0.00063004 0.000587973 0.00353661 0.00322533 0.00031141 0.00457426 -0.00262717 -0.00961538 -0.00086552
internal_weight=560394 532492 529463 516759 3029 647 2382 1649 733 631 3448 513311 90811 51793 39804 39601 39018 9342 30259 31861 12770 3958 19091 8812 8503 18063 5050 3283 364 8492
internal_count=417668 389766 387543 375963 2223 477 1746 1207 539 439 2386 373577 67835 36367 26272 26097 31468 6240 19857 25843 9104 3252 16739 5852 5645 15881 3268 2767 322 7604
cat_boundaries=0 1 2 3
cat_threshold=25 11 12
is_linear=0
shrinkage=0.05


Tree=214
num_leaves=31
num_cat=0
split_feature=10 10 7 10 3 1 10 3 6 6 3 3 6 7 3 7 7 12 3 7 7 11 6 7 7 3 7 10 3 12
split_gain=6621.49 5.79338 28.181 13.7688 14.1618 12.2627 5.51034 12.9725 5.56896 9.68364 7.25122 12.1065 10.1333 10.7681 10.1276 20.9165 17.2406 9.83361 9.26317 9.13774 8.83705 7.73839 7.02432 6.76451 5.80637 8.20194 10.1171 5.95364 7.31635 6.8103
threshold=1.0000000180025095e-35 0.71170035736632797 36.550000000000004 0.76340990904344486 88.500000000000014 1.0000000180025095e-35 0.64054847581383256 37.500000000000007 1.2500000000000002 4.0000000000000009 44.500000000000007 55.500000000000007 0.45000000000000007 31.450000000000003 59.500000000000007 32.45000000000001 34.850000000000001 2.8839697584089716 57.500000000000007 30.950000000000003 30.450000000000003 5.5000000000000009 0.75000000000000011 27.750000000000004 30.050000000000004 61.500000000000007 34.150000000000013 0.53869740972179747 79.500000000000014 5.7578494514952849
decision_type=2 2 2 2 2 2 2 2 2 2 2 2 2 2 2 2 2 2 2 2 2 2 2 2 2 2 2 2 2 2
left_child=-1 2 6 4 5 -3 8 -8 10 -10 17 12 20 19 15 -13 18 -2 -17 22 -12 -22 -14 -24 27 26 -26 29 -29 -16
right_child=1 3 -4 -5 -6 -7 7 -9 9 -11 11 14 13 -15 24 16 -18 -19 -20 -21 21 -23 23 -25 25 -27 -28 28 -30 -31
leaf_value=-6.4742019481072628e-06 1.1975346457804292e-06 -0.00024625351868159397 1.2050765438292866e-05 -3.8712809883101332e-06 0.00010516720097800136 0.00018567590680609316 -5.0347994008848042e-05 8.6652045454804766e-05 0.00015817024778879698 -3.3754978635014425e-05 4.0977435783401407e-05 9.9904371449133236e-06 -0.044535138617799425 -3.9617666185354233e-05 -2.8913719449574774e-06 -7.3630152350734337e-07 0.0023725150879447933 9.8984672259068887e-06 -0.045257803205075095 0.0012286650013606127 -2.5913386776210692e-06 -3.4535496986028612e-05 -2.7867266013514858e-05 1.0396056422681821e-05 -7.6032689542704368e-06 9.5545832210497394e-06 -0.045419201805801973 3.7941112142059201e-07 -1.2796712052010051e-05 4.2887751723025283e-05
leaf_weight=27851 1910 2654 391 509331 352 110 819 2215 883 356 394 818 80 93 2305 214 214 988 121 98 2745 94 111 99 426 3026 89 524 999 300
leaf_count=27851 1086 1320 175 376835 158 54 449 1165 467 186 202 426 56 49 1477 126 120 518 115 48 1565 60 71 53 228 1676 83 284 549 170
internal_value=-0.00123366 8.77507e-06 0.000836944 -2.40513e-05 -0.00333761 -0.00454052 0.000576025 0.0025379 0.000223545 0.00345036 -3.1953e-05 -0.000545098 -0.0029483 -0.00971933 0.000442674 0.00440746 -0.00314208 0.00222567 -0.0102239 -0.0060567 -0.00194092 -0.00291476 -0.0105172 -0.00571429 -0.00026405 0.00122141 -0.00461165 -0.00153828 -0.00402167 -8.63724e-05
internal_weight=560610 532759 20312 512447 3116 2764 19921 3034 16887 1239 15648 12750 3714 481 9036 1367 549 2898 335 388 3233 2839 290 210 7669 3541 515 4128 1523 2605
internal_count=417622 389771 11404 378367 1532 1374 11229 1614 9615 653 8962 7358 2104 277 5254 787 361 1604 241 228 1827 1625 180 124 4467 1987 311 2480 833 1647
is_linear=0
shrinkage=0.05


Tree=215
num_leaves=31
num_cat=0
split_feature=10 10 7 10 7 4 3 7 7 7 3 10 4 7 3 7 3 12 9 4 3 11 3 7 7 7 7 6 6 11
split_gain=6632.71 6.09153 18.2383 9.57146 10.2316 23.6877 21.6261 11.0242 9.38783 8.5143 8.09423 8.06798 20.4863 20.0306 9.94529 10.4852 7.74896 12.8192 10.6744 8.32065 7.12136 6.80615 6.80261 8.43763 12.5952 7.94308 6.7152 6.67393 6.42669 9.14517
threshold=1.0000000180025095e-35 0.71170035736632797 36.550000000000004 0.53869740972179747 33.150000000000013 4.5000000000000009 56.500000000000007 35.750000000000007 27.950000000000003 33.95000000000001 59.500000000000007 0.76340990904344486 4.5000000000000009 30.650000000000002 69.500000000000014 31.550000000000004 88.500000000000014 2.8839697584089716 1.5000000000000002 1.5000000000000002 57.500000000000007 1.0000000180025095e-35 55.500000000000007 31.650000000000002 32.350000000000001 32.750000000000007 31.250000000000004 1.3500000000000003 1.3500000000000003 5.5000000000000009
decision_type=2 2 2 2 2 2 2 2 2 2 2 2 2 2 2 2 2 2 2 2 2 2 2 2 2 2 2 2 2 2
left_child=-1 2 3 4 21 7 -7 10 -5 -8 -6 12 13 16 -15 -16 17 18 -3 -20 -4 -2 28 26 -25 -26 -24 -10 29 -23
right_child=1 11 20 8 5 6 9 -9 27 -11 -12 -13 -14 14 15 -17 -18 -19 19 -21 -22 22 23 24 25 -27 -28 -29 -30 -31
leaf_value=-6.1504918507018995e-06 4.4122417773156952e-05 0.00018426961622107775 1.0282917737347575e-05 -6.5328354732607792e-06 -5.868296670263895e-06 6.2746346686459736e-06 -0.044967195467769394 1.5370729552183215e-05 9.2182783570149421e-06 -0.00011314137059245296 -7.7614738043241265e-07 -8.9957582044257009e-06 0.00018101898976419968 -0.0029381132593105045 -0.0057244972409863822 -0.0026685699452403512 5.8265682092708187e-05 -0.00022438740600192096 3.1405995471761597e-05 -0.00024858383630694262 1.4671565429941193e-05 -5.9012216069076476e-06 1.7460012181623003e-06 1.189278609136646e-05 -0.044546494692999344 0.00016663646098716845 -0.048189170289018569 0.00079473322002114328 1.7509322495057322e-05 -3.7182545805547477e-05
leaf_weight=27898 1181 119 149 1775 833 620 70 201 7264 149 162 509130 821 342 130 273 232 422 330 465 231 2692 3415 509 84 131 98 109 479 148
leaf_count=27898 683 53 79 961 471 350 70 123 3898 91 84 376592 441 172 56 117 112 202 144 249 101 1560 2103 265 56 81 80 51 247 90
internal_value=-0.00123478 1.01396e-05 0.000859606 0.00065261 -0.000357408 -0.00355037 0.00289035 -0.00806856 0.00184193 -0.0106164 -0.0102261 -2.3523e-05 -0.00255265 -0.00496109 -0.0117114 -0.00638958 -0.00175383 -0.00321856 0.000109409 -0.00198113 0.0117105 0.000386288 -0.000165431 0.00116238 0.00607735 -0.00406977 0.000149445 0.00262783 -0.0018605 -0.00276408
internal_weight=560462 532564 20300 19920 10772 2035 839 1196 9148 219 995 512264 3134 2313 745 403 1568 1336 914 795 380 8737 7556 4237 724 215 3513 7373 3319 2840
internal_count=417480 389582 11444 11264 6354 1189 511 678 4910 161 555 378138 1546 1105 345 173 760 648 446 393 180 5165 4482 2585 402 137 2183 3949 1897 1650
is_linear=0
shrinkage=0.05


Tree=216
num_leaves=31
num_cat=0
split_feature=10 10 10 4 7 10 3 7 7 4 10 7 3 3 3 3 7 3 4 7 12 7 7 4 6 3 3 7 7 3
split_gain=6639.7 7.40072 12.7731 20.5665 22.189 10.3055 9.46696 8.49855 9.44034 10.8964 21.1094 19.4065 8.50076 7.87891 10.3336 8.54328 6.62831 5.8661 5.84131 8.36815 5.57157 5.49459 11.9629 14.0701 9.1192 8.20161 12.632 8.69288 6.41074 5.36592
threshold=1.0000000180025095e-35 0.71170035736632797 0.76340990904344486 4.5000000000000009 30.450000000000003 0.64054847581383256 37.500000000000007 36.550000000000004 33.850000000000001 4.5000000000000009 0.53869740972179747 35.750000000000007 58.500000000000007 69.500000000000014 88.500000000000014 68.500000000000014 29.850000000000005 57.500000000000007 4.5000000000000009 28.150000000000002 1.4949741266361742 32.850000000000001 30.450000000000003 4.5000000000000009 1.0000000180025095e-35 38.500000000000007 67.500000000000014 27.950000000000003 31.050000000000004 77.500000000000014
decision_type=2 2 2 2 2 2 2 2 2 2 2 2 2 2 2 2 2 2 2 2 2 2 2 2 2 2 2 2 2 2
left_child=-1 5 3 4 13 7 18 8 -2 10 11 -10 -11 15 -15 16 20 -9 19 -7 -3 22 24 28 -8 -26 -27 -28 -24 -6
right_child=1 2 -4 -5 29 6 21 17 9 12 -12 -13 -14 14 -16 -17 -18 -19 -20 -21 -22 -23 23 -25 25 26 27 -29 -30 -31
leaf_value=-5.8429672581668039e-06 2.6210457742749844e-06 3.6662689201260219e-05 4.7752260882383273e-06 0.00017107957146424437 -0.0029712428084134809 1.0584607222885457e-05 9.2965469885580859e-05 5.6809851984825549e-06 -6.5692535259638987e-06 0.00026859237944755384 3.348472748610498e-05 1.4602193074575443e-05 -0.042686515747579812 -0.00021139109807832845 9.3419763787638843e-05 0.00013772351180657373 0.00017715320557958327 1.5015269771989637e-05 7.0972581292248302e-05 -0.00011188226093418925 -0.00035101691142128691 0.0001892480297067678 -0.0010125022916696181 9.4354883648210361e-05 8.717499251225114e-05 -3.4900816485960996e-05 -1.9237864067641241e-05 6.6534481018992728e-05 -0.0012065092628496385 -0.004941478875890918
leaf_weight=27902 15095 125 509388 807 658 329 809 139 586 472 388 207 267 613 192 148 107 178 194 311 301 249 121 256 159 151 134 125 205 122
leaf_count=27902 8533 57 376860 431 312 159 397 75 352 260 214 127 189 297 94 74 47 78 112 163 149 121 73 136 81 79 84 59 127 52
internal_value=-0.00122374 2.13011e-05 -1.58549e-05 -0.00322974 -0.00567079 0.000955828 0.0036395 0.000484653 0.000333529 -0.00296875 -0.00594835 -0.0106242 0.00179296 -0.00208614 -0.00543478 0.00187225 -0.0010788 0.00859621 -0.000899281 -0.00320312 -0.00387324 0.0053531 0.00446429 -0.00154639 0.0070029 0.0021529 -0.00158537 0.00511583 -0.00843558 -0.0125
internal_weight=560738 532836 512461 3073 2266 20375 3043 17332 17015 1920 1181 793 739 1486 805 681 533 317 834 640 426 2209 1960 582 1378 569 410 259 326 780
internal_count=417694 389792 378373 1513 1082 11419 1591 9828 9675 1142 693 479 449 718 391 327 253 153 434 322 206 1157 1036 336 700 303 222 143 200 364
is_linear=0
shrinkage=0.05


Tree=217
num_leaves=31
num_cat=1
split_feature=10 10 7 10 4 7 3 7 7 0 3 3 3 7 10 3 10 6 6 6 7 7 7 10 4 7 7 7 6 3
split_gain=6628.37 6.73618 12.4865 10.3382 12.6362 18.6386 21.562 9.86368 8.11884 7.82855 12.6708 7.58993 9.78954 11.959 7.53 9.49273 6.9824 6.97306 12.4374 6.79439 11.2179 8.78572 6.60049 6.52201 6.27536 13.9296 13.0763 9.85469 8.70861 6.3465
threshold=1.0000000180025095e-35 0.71170035736632797 36.550000000000004 0.95850667735212247 4.5000000000000009 30.450000000000003 69.500000000000014 30.250000000000004 26.650000000000002 0 76.500000000000014 74.500000000000014 77.500000000000014 32.350000000000001 0.64054847581383256 67.500000000000014 1.4227507702095894 1.2500000000000002 3.6500000000000004 3.6500000000000004 26.550000000000004 27.250000000000004 27.050000000000004 0.57943257550478033 4.5000000000000009 30.450000000000003 29.650000000000002 31.650000000000002 1.0000000180025095e-35 38.500000000000007
decision_type=2 2 2 2 2 2 2 2 2 1 2 2 2 2 2 2 2 2 2 2 2 2 2 2 2 2 2 2 2 2
left_child=-1 2 14 4 5 7 -7 9 -6 -3 19 -8 13 -13 17 24 -5 -2 23 20 -11 22 -22 -19 25 26 29 -27 -26 -16
right_child=1 3 -4 16 8 6 11 -9 -10 10 -12 12 -14 -15 15 -17 -18 18 -20 -21 21 -23 -24 -25 28 27 -28 -29 -30 -31
leaf_value=-5.5508188952584635e-06 6.2196438003573695e-08 9.4668617099115862e-05 9.78058363244605e-06 0.00011951316410313551 -0.0035234878880925913 -0.0025750393088290451 -0.00014529956928780453 0.00025191387694779946 0.00026508653957033057 0.001579571984444624 -0.0002643565730330644 -0.0049727070584134692 -0.0046223340714183769 -0.0023409504894171596 7.1080267401102409e-06 8.5098591539967133e-05 7.1297903055415435e-06 0.00042342961160840673 -2.729601705364626e-05 -0.0030963244791030061 -0.0011350211734230565 6.7375318823892367e-06 -0.0010676406885313683 -1.2434219110997922e-05 7.5025744938038902e-05 -0.0020625499205367457 0.049845169572508799 -0.0011479792707297339 -0.04468799347406207 -2.2719504126766933e-05
leaf_weight=27820 15719 552 368 7781 104 468 609 150 1888 162 1048 146 258 89 687 1331 497110 715 360 85 141 1773 84 124 289 118 160 109 156 176
leaf_count=27820 9011 340 174 4827 86 254 341 84 1258 82 646 98 146 49 349 703 368830 367 194 53 89 1081 54 66 145 70 72 59 106 78
internal_value=-0.00120741 3.50064e-05 0.000928023 -3.90284e-07 -0.00183605 -0.0030593 -0.00767516 -0.00124531 0.00158133 -0.00173602 -0.00265668 -0.00385662 -0.00846856 -0.0158511 0.000759627 0.00305684 2.70851e-05 0.000348741 0.00402419 -0.000545657 0 -0.00102603 -0.0103333 0.00735995 0.000575221 -0.00124 0.00124633 -0.0124449 0.00567416 -0.00118772
internal_weight=560580 532760 20312 512448 7557 5565 1570 3995 1992 3845 3293 1102 493 235 19944 3026 504891 16918 1199 2245 2160 1998 225 839 1695 1250 1023 227 445 863
internal_count=417532 389712 11394 378318 4661 3317 888 2429 1344 2345 2005 634 293 147 11220 1582 373657 9638 627 1359 1306 1224 143 433 879 628 499 129 251 427
cat_boundaries=0 1
cat_threshold=1
is_linear=0
shrinkage=0.05


Tree=218
num_leaves=31
num_cat=4
split_feature=10 7 0 4 10 10 10 10 10 7 10 12 3 7 6 12 7 3 7 0 7 7 11 1 3 0 0 12 12 7
split_gain=6620.91 4.91187 13.9447 22.0142 12.9156 6.32587 6.89332 6.66912 11.4196 7.27093 4.9234 5.11331 4.60376 9.55328 10.7223 23.7415 9.303 15.4335 13.6091 21.5882 11.4606 9.87326 9.70201 9.6139 9.30335 9.68327 8.39917 8.10783 7.96806 9.50857
threshold=1.0000000180025095e-35 37.050000000000004 0 3.5000000000000004 0.71170035736632797 1.4227507702095894 2.4767249108613618 11.749554492686221 18.12492189873802 37.150000000000013 6.5500887704814126 14.706483581252707 63.500000000000007 28.750000000000004 1.0500000000000003 5.7578494514952849 28.650000000000002 71.500000000000014 28.550000000000004 1 26.950000000000003 26.950000000000003 14.500000000000002 1.0000000180025095e-35 67.500000000000014 2 3 41.606614141298316 24.860198950289913 26.450000000000003
decision_type=2 2 1 2 2 2 2 2 2 2 2 2 2 2 2 2 2 2 2 1 2 2 2 2 2 1 1 2 2 2
left_child=-1 12 3 -3 -4 -6 -7 9 -9 -8 11 -11 -2 16 -15 -16 17 21 20 -20 28 24 23 -18 25 -14 -24 -27 29 -19
right_child=1 2 4 -5 5 6 7 8 -10 10 -12 -13 13 14 15 -17 22 18 19 -21 -22 -23 26 -25 -26 27 -28 -29 -30 -31
leaf_value=-5.2732779504955412e-06 -1.0215216002196215e-05 0.048681894731630676 9.2915544508243027e-06 -0.049401245623269377 -0.0016735587744924564 0.0037466550656783284 -0.090541413483340577 0.10382259066007454 -0.073779275024614857 -0.0028752556758749217 -0.081712162397581972 0.033909723458863894 0.093602913420718026 0.00018303688025206045 0.0023106574540682047 -0.03400141552253233 -0.0029531312244596084 -0.00023688144317561278 0.07121341801409814 0.0002470382391001206 -0.001191446854164672 0.0061052721357905742 -0.027102261541227704 0.0028163416896736407 -0.065668322814666974 -0.048351354331226795 -0.060069039592493927 0.028196251613089987 -0.0011439842761948426 0.00253074015264122
leaf_weight=27837 302636 1416 160 402 53 153 195 316 414 276 236 167 120 143563 186 2500 495 2195 554 2455 48233 7686 1786 453 438 175 947 124 10089 3809
leaf_count=27837 220720 764 78 316 23 83 167 214 380 178 202 101 74 107875 86 2060 343 1437 284 1667 34449 5388 1364 259 370 157 759 118 7291 2227
internal_value=-0.001229 1.42795e-05 0.00180834 0.00495077 -0.00111111 -0.00232044 -0.00180706 -0.00277431 0.000753425 -0.00572082 -0.00327688 -0.0001693 1.41926e-06 0.00017227 0.00041214 -0.0027178 -0.000268669 -0.000149582 -0.000403579 0.00288302 -0.000557317 0.00185239 -0.00272344 0.00163502 -0.00323804 0.00208831 -0.00423527 -0.00283172 0.000598086 0.00204031
internal_weight=560069 532232 3788 1818 1970 1810 1757 1604 730 874 679 443 528444 225808 146249 2686 79559 75878 67335 3009 64326 8543 3681 948 857 419 2733 299 16093 6004
internal_count=417271 389434 2506 1080 1426 1348 1325 1242 594 648 481 279 386928 166208 110021 2146 56187 53462 47355 1951 45404 6107 2725 602 719 349 2123 275 10955 3664
cat_boundaries=0 1 2 3 4
cat_threshold=3 8 1 13
is_linear=0
shrinkage=0.05


Tree=219
num_leaves=31
num_cat=0
split_feature=10 10 10 4 7 7 1 3 3 3 6 7 7 9 6 7 7 4 4 7 4 3 7 3 3 10 4 7 6 10
split_gain=6629.41 5.16364 13.8049 20.5181 16.2936 13.7129 11.0241 9.70615 9.44765 7.78926 7.76651 7.61767 12.8006 6.38045 6.01981 5.50879 5.33241 10.7718 10.4581 10.2202 8.81452 15.2559 13.844 17.331 12.2526 10.3664 8.11016 14.1684 13.4195 13.823
threshold=1.0000000180025095e-35 0.71170035736632797 0.76340990904344486 4.5000000000000009 30.650000000000002 36.550000000000004 1.0000000180025095e-35 69.500000000000014 88.500000000000014 69.500000000000014 0.35000000000000003 36.800000000000004 37.150000000000013 3.5000000000000004 1.0000000180025095e-35 31.850000000000005 27.850000000000005 4.5000000000000009 5.5000000000000009 26.550000000000004 4.5000000000000009 55.500000000000007 31.350000000000005 41.500000000000007 47.500000000000007 0.53869740972179747 3.5000000000000004 29.250000000000004 0.55000000000000016 0.43519700344886553
decision_type=2 2 2 2 2 2 2 2 2 2 2 2 2 2 2 2 2 2 2 2 2 2 2 2 2 2 2 2 2 2
left_child=-1 5 3 4 7 6 16 10 14 -6 13 -7 -13 -3 -9 -11 17 -2 -19 -20 21 22 23 -18 -22 -24 -23 -28 29 -29
right_child=1 2 -4 -5 9 11 -8 8 -10 15 -12 12 -14 -15 -16 -17 20 18 19 -21 24 26 25 -25 -26 -27 27 28 -30 -31
leaf_value=-5.0096140529707641e-06 -2.0685120023881495e-07 7.9791769150649091e-05 3.8236623599585684e-06 0.00018344780535237048 -0.0028761686202917417 1.0454257881548079e-05 7.1925855956223028e-05 -0.00012356899892831027 2.1792474542919883e-05 -0.0044792006781143928 -0.00030517059257121341 -1.0700483395209572e-05 9.291539632150237e-06 -4.1324278514470736e-05 -0.00032599785523451663 -0.0024531697316749687 -2.4628336102516802e-05 -0.0022997006645203797 4.0075428874175592e-05 -0.0028439200910575133 5.2601708642306212e-05 1.5968971821533894e-05 -1.3283111043072005e-05 6.8510437229607481e-06 7.8646963811657141e-06 4.7904504650198023e-06 -0.042983351046872398 0.00076975618286656555 0.00086312669421337784 -1.4313554984568545e-05
leaf_weight=27872 2960 253 508621 823 329 130 1022 347 212 182 162 122 132 309 295 197 1317 359 289 85 1426 4464 1847 1354 3005 600 243 154 133 676
leaf_count=27872 1654 121 376371 437 165 52 542 171 104 78 74 68 58 153 141 87 699 251 169 61 768 2482 1033 724 1853 338 163 78 61 390
internal_value=-0.00122964 1.56001e-05 -1.54378e-05 -0.00333709 -0.00577428 0.000797323 0.000617036 -0.00294677 -0.00655738 -0.0120763 0.00131215 0.0101563 0.00511811 0.00409253 -0.00957944 -0.00718997 0.000343697 -0.00136068 -0.00678718 -0.000935829 0.000757277 -1.39043e-05 -0.00199297 0.000496069 0.00263485 -0.00470985 0.00177249 -0.00186567 0.000856698 -0.00150602
internal_weight=559920 532048 511730 3109 2286 20318 19934 1578 854 708 724 384 254 562 642 379 18912 3693 733 374 15219 10788 5118 2671 4431 2447 5670 1206 963 830
internal_count=417218 389346 377902 1531 1094 11444 11266 764 416 330 348 178 126 274 312 165 10724 2135 481 230 8589 5968 2794 1423 2621 1371 3174 692 529 468
is_linear=0
shrinkage=0.05


Tree=220
num_leaves=31
num_cat=1
split_feature=10 10 7 10 10 0 3 12 4 7 3 7 7 3 7 7 7 3 7 6 6 4 5 7 11 3 4 7 6 4
split_gain=6632.95 10.302 13.1391 12.0865 12.1773 11.2459 13.6586 8.98173 7.20115 17.8901 15.7897 6.88015 7.57526 6.50377 6.41299 9.05662 6.96581 22.0444 6.28148 5.66495 9.51177 9.26081 7.41772 6.50312 8.49193 7.45772 9.67742 8.04111 6.66151 6.91363
threshold=1.0000000180025095e-35 0.71170035736632797 36.550000000000004 0.95850667735212247 1.4227507702095894 0 75.500000000000014 5.7578494514952849 4.5000000000000009 31.850000000000005 69.500000000000014 30.750000000000004 28.550000000000004 89.500000000000014 28.950000000000003 26.550000000000004 30.450000000000003 36.500000000000007 36.800000000000004 3.4500000000000006 0.55000000000000016 4.5000000000000009 1.0000000180025095e-35 29.750000000000004 8.5000000000000018 85.500000000000014 4.5000000000000009 30.350000000000005 1.0000000180025095e-35 1.0000000180025095e-35
decision_type=2 2 2 2 2 1 2 2 2 2 2 2 2 2 2 2 2 2 2 2 2 2 2 2 2 2 2 2 2 2
left_child=-1 2 7 5 19 11 8 13 9 14 -11 12 -3 -2 15 -7 -16 -18 -4 20 22 -22 23 24 -5 28 27 -27 29 -25
right_child=1 3 18 4 -6 6 -8 -9 -10 10 -12 -13 -14 -15 16 -17 17 -19 -20 -21 21 -23 -24 25 -26 26 -28 -29 -30 -31
leaf_value=-4.7591333503222257e-06 2.2483610841728119e-06 1.434428070644552e-05 1.0284662855125638e-05 6.0455540425793935e-05 -2.3016261128897911e-05 0.00016931825896876473 -0.00031813344510978059 6.6840656337963108e-05 0.00028746822479616685 -0.0021303163306935382 -0.0022633722432553907 -0.0045356375408612485 0.00032839142187132502 -0.002118833392961142 0.0002194294698302124 -0.00040417505930353165 -0.049939157559886149 0.00021196319355235583 8.3623997466752982e-06 0.00016019916089020649 -0.00036800147698841102 0.016113516374689364 0.016407085703657943 0.00022379195506109598 0.00049133530522775808 -0.049719383635415108 0.0015605322170874571 -0.0098104826758477204 -0.00056930239170158712 0.00010180473031335958
leaf_weight=27859 18065 403 124 1503 496405 191 2034 1528 1230 221 350 100 372 376 875 1202 93 465 229 171 813 138 168 287 2503 104 523 366 447 858
leaf_count=27859 10139 271 50 975 368541 101 1328 814 794 113 220 68 206 280 493 734 69 255 117 83 477 76 90 149 1467 96 363 266 283 526
internal_value=-0.00121736 2.77181e-05 0.00113178 -1.61189e-05 1.35836e-05 -0.00200372 -0.00270199 0.000962742 -0.00120488 -0.00239182 -0.0104641 0.00330508 0.00493548 0.000657502 -0.000760793 -0.0031766 0.00158758 -0.00277778 0.0106941 0.00196358 0.00176394 -0.00291798 0.0024227 0.00215825 0.00341987 0.000203095 -0.00319738 -0.00840426 0.00232412 0.00434498
internal_weight=560003 532144 20322 511822 504286 7536 6661 19969 4627 3397 571 875 775 18441 2826 1393 1433 558 353 7881 7710 951 6759 6591 4006 2585 993 470 1592 1145
internal_count=417303 389444 11400 378044 373392 4652 4107 11233 2779 1985 333 545 477 10419 1652 835 817 324 167 4851 4768 553 4215 4125 2442 1683 725 362 958 675
cat_boundaries=0 1
cat_threshold=1
is_linear=0
shrinkage=0.05


Tree=221
num_leaves=31
num_cat=0
split_feature=10 10 7 12 3 7 10 3 4 7 3 9 4 7 4 3 4 7 3 7 7 7 10 4 4 7 7 7 11 7
split_gain=6603.98 7.80299 9.08456 9.26474 6.36066 7.00327 5.76952 20.2718 18.6311 13.6866 16.5734 10.1601 8.06289 6.40132 5.62069 4.37693 19.6201 11.1795 7.80198 10.5308 9.23421 11.0712 6.62799 6.21209 9.64403 8.50336 8.04428 7.8259 8.82318 6.57848
threshold=1.0000000180025095e-35 0.71170035736632797 37.150000000000013 5.7578494514952849 89.500000000000014 27.650000000000002 0.76340990904344486 88.500000000000014 4.5000000000000009 30.650000000000002 69.500000000000014 3.5000000000000004 3.5000000000000004 28.450000000000003 3.5000000000000004 55.500000000000007 4.5000000000000009 26.650000000000002 60.500000000000007 32.350000000000001 31.150000000000002 30.250000000000004 0.51550959266527385 3.5000000000000004 1.5000000000000002 34.250000000000007 35.550000000000004 27.450000000000003 2.5000000000000004 29.450000000000003
decision_type=2 2 2 2 2 2 2 2 2 2 2 2 2 2 2 2 2 2 2 2 2 2 2 2 2 2 2 2 2 2
left_child=-1 2 3 4 15 -6 7 8 9 10 11 -3 -9 -13 -11 16 17 -2 19 20 21 -17 -18 24 25 27 -26 -19 -29 -25
right_child=1 6 -4 -5 5 -7 -8 12 -10 14 -12 13 -14 -15 -16 18 22 23 -20 -21 -22 -23 -24 29 26 -27 -28 28 -30 -31
leaf_value=-4.5211766828061144e-06 4.1472578735466768e-05 8.2815611127901037e-05 8.4088426632100702e-06 5.9116387259457637e-05 -0.044575012121000457 -0.0016419057148381691 2.6245477122414471e-05 1.8735116596518833e-05 0.00012734149439493913 -0.0024072031248780954 -0.00017467043633345725 -0.00044883718400994259 0.00029000185175638847 3.9574429956651395e-05 -0.0046421239670452639 6.1778441506417831e-06 4.1305319020301658e-06 -0.016170850767539127 8.2072104001851279e-06 -0.00010718004559290284 0.00059712320175846494 -4.2496642416001154e-05 6.0392002286990822e-05 0.00012393976897093762 -2.2884167524472867e-05 -4.0617916267193797e-06 8.648019868823242e-06 -5.0482376585780926e-06 1.1101289912104906e-05 -3.5218270290071629e-06
leaf_weight=27674 649 343 121 1570 88 283 509232 186 726 545 608 132 181 272 154 478 971 140 7248 732 522 102 1566 375 2217 309 138 1205 843 868
leaf_count=27674 341 163 55 834 80 199 376632 90 392 245 296 64 75 128 80 250 595 92 4122 478 262 64 864 195 1215 165 80 633 441 490
internal_value=-0.00118551 5.1426e-05 0.00100979 0.000928388 0.000619195 -0.00586253 1.32226e-05 -0.00212107 -0.00357914 -0.00601266 -0.00308118 0.00190763 0.00892371 -0.00346535 -0.0116953 0.00075015 -1.34684e-05 -0.00142349 0.0015305 0.00444384 0.00753176 0.00318966 0.00373473 -0.00208778 -0.00289571 -0.000730877 -0.00519108 0.000365631 0.00114746 0.00106597
internal_weight=560478 532804 20425 20304 18734 371 512379 3147 2780 2054 1355 747 367 404 699 18363 9281 6744 9082 1834 1102 580 2537 6095 4852 2497 2355 2188 2048 1243
internal_count=417294 389620 11455 11400 10566 279 378165 1533 1368 976 651 355 165 192 325 10287 5111 3652 5176 1054 576 314 1459 3311 2626 1331 1295 1166 1074 685
is_linear=0
shrinkage=0.05


Tree=222
num_leaves=31
num_cat=0
split_feature=10 10 7 10 4 6 6 7 3 12 6 3 6 7 5 3 3 11 5 7 7 10 7 10 3 1 9 7 3 4
split_gain=6606.75 6.6134 10.6226 10.3653 21.6402 10.3118 10.8787 11.3154 13.758 8.43108 11.0824 6.86366 6.75422 13.1014 7.25621 6.76743 6.58913 6.15038 6.04399 5.70413 7.87557 8.26532 8.59139 5.55549 5.52247 5.33736 5.096 5.0326 14.8641 14.5345
threshold=1.0000000180025095e-35 0.71170035736632797 37.150000000000013 0.76340990904344486 4.5000000000000009 1.1500000000000001 0.35000000000000003 30.650000000000002 69.500000000000014 2.8839697584089716 1.0500000000000003 77.500000000000014 0.25000000000000006 31.650000000000002 1.0000000180025095e-35 60.500000000000007 88.500000000000014 11.500000000000002 1.0000000180025095e-35 33.45000000000001 34.150000000000013 0.53869740972179747 34.45000000000001 0.57943257550478033 88.500000000000014 1.0000000180025095e-35 3.5000000000000004 29.150000000000002 80.500000000000014 4.5000000000000009
decision_type=2 2 2 2 2 2 2 2 2 2 2 2 2 2 2 2 2 2 2 2 2 2 2 2 2 2 2 2 2 2
left_child=-1 2 9 4 5 6 7 8 26 10 12 -9 14 18 19 -16 -10 25 -14 -2 -21 22 -22 -15 -6 27 -3 -11 -29 -30
right_child=1 3 -4 -5 24 -7 -8 11 16 17 -12 -13 13 23 15 -17 -18 -19 -20 20 21 -23 -24 -25 -26 -27 -28 28 29 -31
leaf_value=-4.2951178486658087e-06 -1.8464154160513503e-06 7.1240113001847885e-05 7.9884005300512324e-06 -4.4613795640032389e-05 0.00011287195210797353 0.00015859452978916888 -0.00045683251631515324 -0.0024842176103574698 -0.00015860913287852886 5.4081472245537393e-05 4.6231185827036449e-05 0.012200719987544462 -5.3812770850851042e-07 -3.5352486012307781e-05 0.00073309228892721187 -3.0675233918942003e-05 4.7787049883720359e-06 -0.00011301751320359859 -0.045396915714961045 5.9327890503446671e-06 -0.027081429913367795 4.869214972572829e-05 -3.3640830168213401e-07 -7.0811513153551386e-06 0.00027544105042913712 6.2031710978538443e-05 -2.3607945763970407e-05 6.6177417578019055e-06 -1.3646828191349326e-05 0.00012582876140432853
leaf_weight=27860 7862 245 122 509075 765 197 179 567 491 2004 1367 118 1831 374 130 118 173 154 91 839 196 566 853 101 111 889 312 1661 625 430
leaf_count=27860 4502 121 54 376985 419 81 93 261 241 1120 719 52 1009 236 58 66 83 84 77 469 130 318 503 49 47 471 152 901 327 272
internal_value=-0.00126449 -2.25375e-05 0.000864543 -5.75422e-05 -0.00291324 -0.00547765 -0.00651079 -0.00540399 -0.00251843 0.000775223 0.000125628 -0.0105474 -0.000325978 -0.00272215 0.000217721 0.00866935 -0.00737952 0.00239025 -0.000884495 1.45405e-05 0.00211899 7.73994e-05 -0.00255005 -0.0101579 0.00376712 0.0026609 0.00327648 0.00199153 0.000589102 -0.00405213
internal_weight=560306 532446 20213 512233 3158 2282 2085 1906 1221 20091 14328 685 12961 2397 10564 248 664 5763 1922 10316 2454 1615 1049 475 876 5609 557 4720 2716 1055
internal_count=417760 389900 11365 378535 1550 1084 1003 910 597 11311 8136 313 7417 1371 6046 124 324 3175 1086 5922 1420 951 633 285 466 3091 273 2620 1500 599
is_linear=0
shrinkage=0.05


Tree=223
num_leaves=31
num_cat=1
split_feature=10 10 7 12 10 4 10 3 0 12 7 4 3 7 7 6 7 4 4 11 6 7 10 6 3 6 7 7 9 4
split_gain=6618.94 5.78418 16.5225 11.3418 5.83029 14.9024 10.3072 8.21535 8.1348 9.60193 10.2898 11.3337 13.8352 8.03932 7.67205 7.1273 6.89941 8.35726 5.74731 5.12164 5.04819 6.27243 6.31902 7.2811 5.27194 5.64303 6.45487 6.22419 6.01194 5.72647
threshold=1.0000000180025095e-35 0.71170035736632797 37.150000000000013 5.7578494514952849 0.95850667735212247 5.5000000000000009 1.4227507702095894 25.500000000000004 0 2.8839697584089716 31.850000000000005 4.5000000000000009 69.500000000000014 27.450000000000003 28.950000000000003 0.35000000000000003 30.050000000000004 4.5000000000000009 3.5000000000000004 11.500000000000002 1.3500000000000003 27.650000000000002 0.57943257550478033 3.6500000000000004 89.500000000000014 1.0000000180025095e-35 28.950000000000003 36.550000000000004 1.5000000000000002 4.5000000000000009
decision_type=2 2 2 2 2 2 2 2 1 2 2 2 2 2 2 2 2 2 2 2 2 2 2 2 2 2 2 2 2 2
left_child=-1 2 3 20 5 7 -6 -3 -9 10 14 12 -12 -7 18 16 -16 -18 -10 -5 24 22 23 -22 25 26 -2 29 -27 -28
right_child=1 4 -4 19 6 13 -8 8 9 -11 11 -13 -14 -15 15 -17 17 -19 -20 -21 21 -23 -24 -25 -26 28 27 -29 -30 -31
leaf_value=-4.0803619562325186e-06 4.7991454624202184e-05 0.00013009564005402873 7.5889805035478378e-06 5.8930125429612626e-05 0.00015646988800812242 -0.00064587292245293915 -7.2076574282172373e-05 7.9865788037549368e-05 -0.00040355369899368614 -0.00041062106083439298 -0.0019262238146347127 0.00022073771929604914 -0.0018518010505497913 0.00053124149009448616 0.00021949964711224791 0.0028399978920541748 -0.00028867868356522813 -0.041545709241594508 0.00042664409780455536 -4.07605157740724e-05 0.00010053394229741129 0.00038287148380863336 -1.3650421518107692e-05 -2.1672113747791177e-05 -0.0017941395392743976 -2.0200636945311157e-05 -2.2033062516653898e-06 8.2324392904675751e-06 -8.5772716799104034e-07 6.8128716507642737e-05
leaf_weight=27891 2172 107 131 1409 7778 72 496999 736 1112 1818 232 175 346 920 706 168 678 100 366 179 391 337 209 269 349 931 5092 208 6454 2331
leaf_count=27891 1262 49 55 745 4810 58 368989 458 670 1184 118 103 208 590 402 82 388 80 216 91 201 183 109 137 265 537 2840 100 3592 1353
internal_value=-0.0012561 -1.30918e-05 0.00081126 0.000697211 -4.60168e-05 -0.00142649 -2.54073e-05 -0.00229218 -0.00252058 -0.00315619 -0.00175766 -0.00700531 -0.0103806 0.00428427 -0.000495208 0.00184625 0.00074124 -0.00250643 -0.00311231 0.00475441 0.000353465 0.00348259 0.00123705 0.00363636 0.000138279 0.000261811 0.00104815 0.000363648 -0.000781991 0.000124613
internal_weight=560666 532775 20462 20331 512313 7536 504777 6544 6437 5701 3883 753 578 992 3130 1652 1484 778 1478 1588 18743 1206 869 660 17537 17188 9803 7631 7385 7423
internal_count=417766 389875 11470 11415 378405 4606 373799 3958 3909 3451 2267 429 326 648 1838 952 870 468 886 836 10579 630 447 338 9949 9684 5555 4293 4129 4193
cat_boundaries=0 1
cat_threshold=1
is_linear=0
shrinkage=0.05


Tree=224
num_leaves=31
num_cat=0
split_feature=10 3 3 12 10 11 3 9 7 4 11 4 6 10 5 6 7 3 12 10 10 7 4 7 10 10 9 6 4 6
split_gain=6651.61 6.58515 9.93473 8.97586 13.6824 10.777 11.8998 13.4337 10.1368 9.05354 8.9628 7.79809 11.5275 12.9621 7.74937 7.18762 8.04967 7.22129 10.0557 7.09166 7.61353 12.235 11.6335 6.78327 6.77017 6.70166 6.42349 6.51409 8.4468 9.12514
threshold=1.0000000180025095e-35 33.500000000000007 48.500000000000007 2.2363309441816805 2.9356540960527169 13.500000000000002 41.500000000000007 7.5000000000000009 31.250000000000004 3.5000000000000004 133.50000000000003 1.5000000000000002 0.25000000000000006 0.53869740972179747 1.0000000180025095e-35 0.8500000000000002 28.850000000000005 46.500000000000007 11.499468932237189 2.8067442809617451 2.5465299133204282 31.050000000000004 5.5000000000000009 28.750000000000004 3.7252477528043588 1.5862281902591664 3.5000000000000004 0.45000000000000007 5.5000000000000009 0.35000000000000003
decision_type=2 2 2 2 2 2 2 2 2 2 2 2 2 2 2 2 2 2 2 2 2 2 2 2 2 2 2 2 2 2
left_child=-1 14 3 -3 11 -6 7 8 10 -8 -7 12 13 -5 26 16 23 18 -17 20 -18 -22 -23 -13 -10 -19 27 28 29 -2
right_child=1 2 -4 4 5 6 9 -9 24 -11 -12 15 -14 -15 -16 17 19 25 -20 -21 21 22 -24 -25 -26 -27 -28 -29 -30 -31
leaf_value=-3.8763438584208933e-06 0.00071542909482689163 -0.00023512950087642241 1.3145313223204372e-05 -1.2699683437500388e-05 -0.013244448100734508 -0.0077193511836933792 -0.010718039385553003 0.030267871616562837 0.016456765201515743 -0.00086988892365886812 0.049167652950803033 -0.00013170751379222673 -0.00017726498119887692 0.00015669177833657069 -0.019329171636816734 0.0007478043463193659 4.4927452411229014e-06 -3.3789592651545243e-06 -0.003861606087529894 0.0065549649823341662 -0.045907349637299748 0.0015926777190378976 -0.010015123575179663 -0.050006334165212808 0.0082595782278895424 0.051909106789448579 0.0026015024781299357 -0.00088150535923136415 -0.01062329349472322 0.027427109763880284
leaf_weight=27917 15520 1646 356309 334 11712 30175 26554 4834 769 17015 1490 1743 1079 4555 1184 684 8736 129 398 773 604 1327 294 93 10219 301 22628 7744 2701 1280
leaf_count=27917 11000 992 259493 210 8646 23519 18996 3750 449 14073 1178 1073 657 2663 1096 362 5372 67 258 453 474 841 250 69 8309 153 16560 5348 2399 770
internal_value=-0.00120915 3.73477e-05 -1.98745e-05 -0.000402506 -0.000353745 -0.000591624 -0.000407991 0.000139512 -0.000143601 -0.00100473 -0.000597663 0.000807601 0.00233747 0.00336981 0.000577296 0.000202228 -0.000162122 0.00347222 0.0012939 0.000319584 -6.84244e-06 -0.00261798 -0.000354719 -0.00324074 0.00116491 0.00895349 0.000672207 0.000155074 0.000642275 0.00105952
internal_weight=560747 532830 481773 125464 123818 102768 91056 47487 42653 43569 31665 21050 5968 4889 51057 15082 13570 1512 1082 11734 10961 2225 1621 1836 10988 430 49873 27245 19501 16800
internal_count=417397 389480 352307 92814 91822 78920 70274 37205 33455 33069 24697 12902 3530 2873 37173 9372 8532 840 620 7390 6937 1565 1091 1142 8758 220 36077 19517 14169 11770
is_linear=0
shrinkage=0.05


Tree=225
num_leaves=31
num_cat=1
split_feature=10 10 0 7 7 4 1 4 7 4 6 6 7 7 7 5 12 11 11 8 4 7 10 7 11 7 12 10 6 10
split_gain=6626.48 3.93086 12.1653 10.3327 7.85401 9.4978 14.8467 7.63469 11.1974 10.9846 17.7047 9.51364 8.66458 8.84728 15.7792 9.19 7.44825 18.8693 11.2354 7.88391 7.66356 7.41035 7.21802 7.10768 11.0683 9.6765 11.3413 10.8623 11.1809 8.56502
threshold=1.0000000180025095e-35 19.492436693744434 0 25.550000000000004 26.850000000000005 3.5000000000000004 1.0000000180025095e-35 4.5000000000000009 26.950000000000003 2.5000000000000004 0.15000000000000005 0.95000000000000007 31.350000000000005 29.950000000000003 28.950000000000003 1.0000000180025095e-35 72.733987305007673 62.500000000000007 72.500000000000014 2.0162962962962969 1.0000000180025095e-35 31.850000000000005 7.9730934831758242 33.350000000000001 37.500000000000007 31.550000000000004 51.830064558920299 0.51550959266527385 0.25000000000000006 2.4985521801307087
decision_type=2 2 1 2 2 2 2 2 2 2 2 2 2 2 2 2 2 2 2 2 2 2 2 2 2 2 2 2 2 2
left_child=-1 2 3 -2 5 6 -5 8 22 -10 -11 -9 13 14 -12 -16 17 -3 19 -18 -19 -14 -6 25 29 26 -4 28 -27 -25
right_child=1 16 23 4 7 -7 -8 11 9 10 12 -13 21 -15 15 -17 18 20 -20 -21 -22 -23 -24 24 -26 27 -28 -29 -30 -31
leaf_value=-3.6825266654998485e-06 0.041363168640713405 0.0037877051939448239 3.4879829944933771e-05 -0.076271585659772753 0.060304538764653873 -0.0010775446193816837 -0.02224072093875238 0.0062209864779758208 -0.0054658115871320419 -0.037996420460645199 0.041713899478104173 -0.064940238408313672 -0.114576480069932 0.086670828410413764 -0.09216252362081577 0.026670596831694926 -0.024256998086431027 -0.0087325303207423498 0.0048548526231462219 0.17764566218288744 0.082258852221539239 -0.0029018539670455645 0.0137657133636238 2.0967715903835729e-05 0.018617630425904964 -1.880311878453093e-05 -0.007649236879220301 -0.00017903114588993703 -2.4328814766072516e-05 -0.00087968867913201798
leaf_weight=27823 778 12258 238438 995 186 1402 1016 9620 17634 7756 1270 213 253 584 310 115 6387 728 52737 72 3874 451 450 13869 13977 1242 30144 80079 168 35823
leaf_count=27823 494 10834 162044 787 88 1146 734 8856 13208 6482 852 201 221 382 280 107 6167 608 45447 24 2934 349 298 8569 10403 748 23116 57977 100 26355
internal_value=-0.00121207 3.00753e-05 -2.53408e-05 -0.000825337 -0.000930659 -0.0032303 -0.00543262 -0.000728593 -0.00113672 -0.00128379 -0.00254446 0.00047544 0.000729132 0.00222685 0.00039823 -0.00794118 0.000362891 0.00129004 9.88242e-05 -0.00186948 0.00401999 -0.00411932 0.00542453 5.78852e-05 0.000543828 -3.04938e-05 0.000114304 -0.000507737 -0.00485816 0.000194196
internal_weight=560652 532829 456773 43033 42255 3413 2011 38842 29009 28373 10739 9833 2983 2279 1695 425 76056 16860 59196 6459 4602 704 636 413740 63669 350071 268582 81489 1410 49692
internal_count=417634 389811 323797 34485 33991 2667 1521 31324 22267 21881 8673 9057 2191 1621 1239 387 66014 14376 51638 6191 3542 570 386 289312 45327 243985 185160 58825 848 34924
cat_boundaries=0 1
cat_threshold=4
is_linear=0
shrinkage=0.05


Tree=226
num_leaves=31
num_cat=5
split_feature=12 12 3 7 7 6 3 7 3 7 7 0 0 8 7 0 7 11 3 6 6 0 3 4 4 0 4 6 6 4
split_gain=6612.2 8.59702 17.2691 6.25498 8.58868 6.09453 5.0359 4.10364 4.07983 5.86389 10.9764 10.9856 9.40699 10.1446 9.09322 18.6769 9.52726 9.93398 13.4451 13.3462 11.7578 12.9383 15.0878 11.7404 10.7702 17.0188 11.6395 23.7307 10.1387 9.20386
threshold=1.0000000180025095e-35 1.4949741266361742 28.500000000000004 29.750000000000004 26.650000000000002 1.2500000000000002 29.500000000000004 27.150000000000002 65.500000000000014 28.550000000000004 28.450000000000003 0 1 1.5207142857142861 28.650000000000002 2 28.750000000000004 16.500000000000004 78.500000000000014 1.0500000000000003 0.45000000000000007 3 75.500000000000014 4.5000000000000009 1.0000000180025095e-35 4 1.5000000000000002 0.15000000000000005 1.0000000180025095e-35 1.0000000180025095e-35
decision_type=2 2 2 2 2 2 2 2 2 2 2 1 1 2 2 1 2 2 2 2 2 1 2 2 2 1 2 2 2 2
left_child=-1 2 -2 4 5 -4 -6 -8 -3 10 12 -12 -10 -14 15 -11 -16 28 19 20 24 22 23 -22 25 -19 27 -26 -18 -30
right_child=1 8 3 -5 6 -7 7 -9 9 14 11 -13 13 -15 16 -17 17 18 -20 -21 21 -23 -24 -25 26 -27 -28 -29 29 -31
leaf_value=-3.4984003322248561e-06 0.00022870950052228205 -7.3549825818530758e-06 5.7931278675223602e-05 0.00017134408106997032 -0.0021743901990257 -0.00034123150642958457 -0.0020555606730713457 -0.00015201091172467596 5.5468739434827446e-05 0.076477769141508889 -0.0015191155240305693 -0.051259184523212611 -0.0090202996751381267 0.40560163473779592 -0.025318108584979716 0.00059679100549702899 1.9919330108641997e-05 0.014535829501572374 -0.00014495695311583789 -0.03614158622393502 0.093058963179549092 0.019790707028833544 -0.10686859533742062 -0.027417426737873996 0.025091267162749516 -0.038854501284125889 0.011150594726146235 0.11661758005087997 -0.0059177743033358658 -0.00057094657013997963
leaf_weight=27813 939 318854 268 409 210 134 169 866 45571 534 2391 1182 21676 135 3414 2484 29099 4884 38789 1466 1097 2257 87 227 4996 3535 36596 750 803 8035
leaf_count=27813 569 233126 144 239 132 78 111 500 30525 274 1739 952 16896 45 2532 1676 19701 3698 29583 1234 607 1765 73 205 3616 2937 29692 404 561 5667
internal_value=-0.0012343 8.50793e-06 -0.00266277 -0.0052286 -0.00660291 -0.000248756 -0.00865462 -0.00722222 2.36357e-05 0.000194754 -0.000175111 -0.00287573 -3.19076e-05 -0.000885615 0.000383487 0.00309808 0.000323262 0.000390398 0.000664315 0.00116066 0.00128746 0.00402126 0.00775862 0.00913897 0.00108991 -0.000543414 0.00141467 0.00350679 -0.000293249 -0.00177642
internal_weight=559670 531857 2995 2056 1647 402 1245 1035 528862 210008 70955 3573 67382 21811 139053 3018 136035 132621 94684 55895 54429 3668 1411 1324 50761 8419 42342 5746 37937 8838
internal_count=417094 389281 1773 1204 965 222 743 611 387508 154382 50157 2691 47466 16941 104225 1950 102275 99743 73814 44231 42997 2650 885 812 40347 6635 33712 4020 25929 6228
cat_boundaries=0 1 2 3 4 5
cat_threshold=22 19 8 18 21
is_linear=0
shrinkage=0.05


Tree=227
num_leaves=31
num_cat=0
split_feature=10 12 10 10 7 3 7 3 6 3 7 11 3 10 3 12 7 7 11 7 3 3 6 3 3 6 11 7 7 7
split_gain=6619.96 6.73188 8.70207 8.55066 15.9844 11.5979 11.4323 8.11673 7.8495 7.37115 8.09732 7.12552 6.55886 6.54484 12.2892 8.82999 9.66562 6.43951 6.60126 6.33902 8.87367 8.84219 10.0155 7.7717 9.43308 7.4182 7.37757 5.67053 10.8494 8.46899
threshold=1.0000000180025095e-35 1.9868533539064621 0.71170035736632797 0.57943257550478033 31.150000000000002 42.500000000000007 29.450000000000003 85.500000000000014 0.35000000000000003 28.500000000000004 29.150000000000002 5.5000000000000009 63.500000000000007 0.76340990904344486 88.500000000000014 2.8839697584089716 31.950000000000003 33.850000000000001 2.5000000000000004 27.750000000000004 65.500000000000014 38.500000000000007 0.15000000000000005 40.500000000000007 79.500000000000014 0.15000000000000005 1.5000000000000002 31.950000000000003 31.550000000000004 31.150000000000002
decision_type=2 2 2 2 2 2 2 2 2 2 2 2 2 2 2 2 2 2 2 2 2 2 2 2 2 2 2 2 2 2
left_child=-1 9 3 5 19 -3 -7 11 -6 -2 -11 12 -8 14 15 16 -4 27 -19 23 21 -21 26 -5 -25 -22 -23 28 29 -14
right_child=1 2 13 4 8 6 7 -9 -10 10 -12 -13 17 -15 -16 -17 -18 18 -20 20 25 22 -24 24 -26 -27 -28 -29 -30 -31
leaf_value=-3.323480315613613e-06 0.00018914634378200957 3.4806255714371165e-05 1.2058855641966516e-05 0.00018113400447669072 2.6249446273435285e-05 1.6387243026771969e-05 -4.1239493541178619e-07 0.00019287213022584071 0.00020500537824853413 -0.00013556345982399521 -3.258271204653607e-06 -2.6505306704257177e-05 -1.5827496056319833e-05 2.5215978351256219e-05 0.00011653061918796004 -0.00016487849550142302 -0.0011260107332257277 0.0021440304446596727 -1.4514973555930975e-05 6.5599616378914102e-05 4.6405837773940323e-05 -0.00082059015713476305 -2.2219216845816479e-05 -0.00031026260957628393 -6.8781572135686217e-05 0.00010936806154995815 6.7148539489636508e-06 -3.9318381435767458e-05 0.00068470334344498127 -0.045202276344116034
leaf_weight=27791 1292 409 1092 112 1632 3958 5633 658 131 2578 1754 284 655 507259 384 812 437 155 102 243 1132 109 269 219 340 277 334 250 114 126
leaf_count=27791 806 225 560 54 886 2264 3197 390 53 1536 1050 166 349 375545 172 386 215 81 46 123 606 65 129 135 182 129 176 154 60 90
internal_value=-0.0012095 3.15345e-05 4.98932e-05 0.00115797 0.00294915 0.000461763 0.000178048 -0.000911997 0.00673568 -0.00168919 -0.00267775 -0.00139022 -0.00107676 1.26475e-05 -0.00243119 -0.00379111 -0.0015533 -0.00413695 0.00301556 0.000749588 0.00196701 -0.00175393 -0.00456461 -0.00353949 -0.00594812 0.004489 5.64334e-05 -0.00574236 -0.00388268 -0.00598592
internal_weight=560541 532750 527126 17142 4798 12344 11935 7977 1763 5624 4332 7319 7035 509984 2725 2341 1529 1402 257 3035 2364 955 712 671 559 1409 443 1145 895 781
internal_count=417621 389830 386438 9560 2538 7022 6797 4533 939 3392 2586 4143 3977 376878 1333 1161 775 780 127 1599 1228 493 370 371 317 735 241 653 499 439
is_linear=0
shrinkage=0.05


Tree=228
num_leaves=31
num_cat=0
split_feature=10 10 3 1 7 9 7 10 4 7 3 3 7 6 6 6 3 10 7 3 7 3 6 7 7 5 10 4 10 4
split_gain=6643.94 6.57895 14.9707 10.1871 10.1315 9.57113 7.82437 7.76128 24.7729 12.5035 10.2335 9.4758 10.8006 8.06798 7.51928 8.74484 7.38879 7.32318 19.9612 10.2759 12.1285 8.95434 10.7249 7.31559 12.1285 6.43656 6.84679 6.38914 5.87942 5.63544
threshold=1.0000000180025095e-35 0.71170035736632797 37.500000000000007 1.0000000180025095e-35 37.150000000000013 4.5000000000000009 25.450000000000003 0.76340990904344486 4.5000000000000009 30.650000000000002 69.500000000000014 68.500000000000014 29.950000000000003 1.0000000180025095e-35 0.95000000000000007 0.15000000000000005 77.500000000000014 0.57943257550478033 27.750000000000004 44.500000000000007 29.750000000000004 65.500000000000014 0.15000000000000005 36.800000000000004 36.550000000000004 1.0000000180025095e-35 0.49808169478095882 4.5000000000000009 0.53869740972179747 4.5000000000000009
decision_type=2 2 2 2 2 2 2 2 2 2 2 2 2 2 2 2 2 2 2 2 2 2 2 2 2 2 2 2 2 2
left_child=-1 2 5 4 6 -2 -4 8 9 10 11 12 -3 16 15 -12 -11 19 -19 20 -8 22 -20 24 25 -21 -27 -7 29 -22
right_child=1 7 3 -5 -6 27 17 -9 -10 13 14 -13 -14 -15 -16 -17 -18 18 21 23 28 -23 -24 -25 -26 26 -28 -29 -30 -31
leaf_value=-3.1573062998329323e-06 -3.5216722478011624e-05 -0.00011206020482275038 0.00015251964258649331 7.2330726221067623e-05 5.5462641718971124e-06 -0.00015201977254525694 4.5199074108698282e-05 3.5016492320834773e-05 0.00018929245020102571 -0.0022217706654004132 -8.6738154352150604e-05 0.00012303946450031855 0.00022764291612748235 5.2590798256424431e-05 0.00019467148376751305 -0.0004667799907375203 -0.0046290490323080968 -0.00015188508616923075 2.3863006012153633e-05 -1.04232629233314e-06 -1.339735659259452e-05 4.3881149373005876e-05 -1.7419206625920079e-05 -1.1668643208939678e-05 6.7438887439985606e-06 -0.002076508987195616 0.00054596484212078307 -5.6472750162443276e-05 1.9457959346663724e-05 1.4708297201275014e-05
leaf_weight=27843 1312 432 177 1065 127 430 320 509099 849 501 642 175 123 112 106 112 114 482 1494 10791 197 1940 425 87 86 104 246 170 628 92
leaf_count=27843 762 206 75 555 57 232 150 376573 449 227 316 81 59 58 44 58 52 266 794 6287 113 1042 213 49 36 76 116 100 342 46
internal_value=-0.00119016 5.4936e-05 0.000940614 0.00138136 0.00108746 -0.00326883 0.000982776 2.0058e-05 -0.00244788 -0.00512516 -0.00264151 0.00171233 -0.00148649 -0.0105571 -0.00633721 -0.00809019 -0.0128049 0.000873194 0.0026434 0.000260935 0.00458771 0.00384167 0.00142001 -0.000212127 -0.000100205 -0.000244592 0.00642857 -0.0085 0.00166303 -0.00423875
internal_weight=560281 532438 20173 18261 17196 1912 17069 512265 3166 2317 1590 730 555 727 860 754 615 16892 4341 12551 1237 3859 1919 11314 11227 11141 350 600 917 289
internal_count=417277 389434 11311 10217 9662 1094 9605 378123 1550 1101 764 346 265 337 418 374 279 9530 2315 7215 651 2049 1007 6564 6515 6479 192 332 501 159
is_linear=0
shrinkage=0.05


Tree=229
num_leaves=31
num_cat=3
split_feature=12 7 3 3 7 12 3 7 7 4 11 7 0 3 12 3 6 12 6 0 3 6 7 12 3 7 7 0 3 11
split_gain=6641.41 5.25503 6.27893 4.60246 5.80779 10.9003 10.1716 14.1846 12.0201 11.3757 11.0495 8.32511 16.3906 7.35433 10.4238 6.9818 6.72181 19.0621 8.87071 19.9943 14.8418 8.48341 8.03686 12.6448 10.2831 8.53438 8.2668 7.45929 8.12864 11.3575
threshold=1.0000000180025095e-35 25.050000000000004 33.500000000000007 63.500000000000007 28.550000000000004 24.860198950289913 71.500000000000014 26.950000000000003 27.250000000000004 1.5000000000000002 44.500000000000007 28.650000000000002 0 66.500000000000014 88.796475276490753 68.500000000000014 1.0500000000000003 2.5967959110769154 0.45000000000000007 1 82.500000000000014 0.8500000000000002 28.750000000000004 9.3985207503902348 84.500000000000014 31.550000000000004 32.050000000000004 2 67.500000000000014 46.500000000000007
decision_type=2 2 2 2 2 2 2 2 2 2 2 2 1 2 2 2 2 2 2 1 2 2 2 2 2 2 2 1 2 2
left_child=-1 2 -2 -3 5 -5 7 -7 13 -10 15 12 -6 14 -9 -11 18 -18 22 21 -21 -20 23 -13 27 -24 -27 28 29 -25
right_child=1 3 -4 4 11 6 -8 8 9 10 -12 16 -14 -15 -16 -17 17 -19 19 20 -22 -23 25 24 -26 26 -28 -29 -30 -31
leaf_value=-2.9994409848412859e-06 -0.016364765396004934 -7.9627574514740125e-06 -0.042879050812651177 6.2891946389798117e-05 0.072534894438054373 -0.057059504992084079 -0.006548882784687112 -0.011715453465590865 -0.048709325574104415 -0.056892094988419475 0.086516300579774372 0.0014282763130857913 0.00058946643785374737 0.11183277885462879 0.26024848446005422 0.024066345850533868 0.0013186046926077352 -0.025968979447330478 -0.017956574374211498 0.027117984663879352 -0.043905758553925783 -0.13148404622822338 0.00030690754910964548 -0.14598153959933022 0.001253916944872824 -0.0087925422322354015 3.7680476052309733e-05 -0.082310964924919724 -0.052298105080436398 0.19327476021472345
leaf_weight=27912 1200 304164 181 27104 539 434 40722 343 1072 346 1019 405 2465 846 97 471 172 3025 1294 5262 360 82 83364 83 1015 12301 42309 916 540 115
leaf_count=27912 968 221448 181 17340 275 412 30368 245 870 314 801 241 1657 524 61 391 82 2417 968 3586 284 76 62018 65 711 9535 32407 772 442 65
internal_value=-0.00122581 2.0949e-05 -0.00305938 2.89622e-05 0.000199492 -0.000169763 -0.000643881 0.00157736 0.00246781 0.000687758 0.00307734 0.000372941 0.00297936 0.006493 0.00125 -0.00125459 0.000321172 -0.00194714 0.000370155 0.00210775 0.00342685 -0.00328283 0.000283946 -0.00224463 -0.00349382 0.000340282 -0.000145578 -0.00592503 -0.00207219 0.00656566
internal_weight=560158 532246 1381 530865 226701 72454 45350 4628 4194 2908 1836 154247 3004 1286 440 817 151243 3197 148046 6998 5622 1376 141048 3074 2669 137974 54610 1654 738 198
internal_count=417436 389524 1149 388375 166927 51326 33986 3618 3206 2376 1506 115601 1932 830 306 705 113669 2499 111170 4914 3870 1044 106256 2296 2055 103960 41942 1344 572 130
cat_boundaries=0 1 2 3
cat_threshold=8 1 5
is_linear=0
shrinkage=0.05


Tree=230
num_leaves=31
num_cat=0
split_feature=12 12 11 11 12 4 6 4 4 11 11 1 7 3 7 3 7 11 3 12 12 11 12 12 4 11 12 4 7 11
split_gain=6622.95 4.62597 7.4218 6.40546 15.0089 8.01023 5.71868 6.4601 11.4957 7.83991 5.1671 4.27446 4.55518 5.58781 4.86318 4.2096 3.79869 5.16475 5.2751 4.11223 3.73561 7.39404 12.3072 9.54879 8.44363 7.97846 7.44597 9.23569 7.13672 6.54179
threshold=1.0000000180025095e-35 153.61360024719701 163.50000000000003 156.50000000000003 114.45851174185576 1.0000000180025095e-35 0.25000000000000006 4.5000000000000009 1.0000000180025095e-35 127.50000000000001 157.50000000000003 1.0000000180025095e-35 28.550000000000004 77.500000000000014 28.950000000000003 85.500000000000014 31.750000000000004 182.50000000000003 40.500000000000007 150.84780021967296 124.27904564315354 74.500000000000014 63.629654527088711 75.41633546513107 5.5000000000000009 103.50000000000001 98.826875809392959 4.5000000000000009 26.250000000000004 58.500000000000007
decision_type=2 2 2 2 2 2 2 2 2 2 2 2 2 2 2 2 2 2 2 2 2 2 2 2 2 2 2 2 2 2
left_child=-1 3 6 20 -5 -6 7 8 -3 -9 -7 12 13 -4 -14 -15 17 18 -12 -20 21 22 29 -23 25 26 -25 -28 -26 -2
right_child=1 2 11 4 5 10 -8 9 -10 -11 16 -13 14 15 -16 -17 -18 -19 19 -21 -22 23 -24 24 28 -27 27 -29 -30 -31
leaf_value=-2.8494689355992217e-06 -1.4452951786092518e-06 0.050034356625723669 0.064001938239666781 -0.15315343550336102 -0.049632953346519675 0.16057889097818104 -0.080645217429122174 -0.03401717143663241 -0.074047120528196869 0.057807742770252447 0.14637802207137315 0.034131594400769495 0.15890936157131919 -0.10381262459619203 -0.015788449672651961 0.018625333524921663 0.14417651241057453 0.091140034154742727 0.039842227819578468 -0.083273219481661803 -0.010573350253361903 0.022853729878660103 -0.012470230780192316 0.0017939091831484788 -0.037267616578986827 0.014307740966102191 -0.037694162744199837 0.015428940821666438 0.044892626454777408 0.010811564407531076
leaf_weight=27898 413977 463 193 136 409 223 510 762 1838 900 193 1684 291 673 1041 106 294 486 1054 318 12380 8059 25097 19006 203 16007 5775 1874 2194 15626
leaf_count=27898 292593 387 145 94 323 135 484 756 1778 862 119 1352 203 597 893 80 182 254 738 274 11180 5547 22477 15488 203 12149 5235 1814 2136 10736
internal_value=-0.00125315 -7.33397e-06 -0.00116712 1.14177e-05 0.00227273 0.00301478 -0.00256539 -0.00192405 -0.00363972 0.000451264 0.00404984 0.000401204 -0.000998264 -0.00360082 0.000900901 -0.0054878 0.00335821 0.00259629 0.00119808 0.000109329 -2.11458e-06 1.8806e-05 -4.64042e-05 0.000577017 0.000293504 0.000131264 -0.000398612 -0.00171591 0.00318106 1.64687e-05
internal_weight=559670 531772 8461 523311 3113 2977 4473 3963 2301 1662 2568 3988 2304 972 1332 779 2345 2051 1565 1372 520198 507818 454700 53118 45059 42662 26655 7649 2397 429603
internal_count=417112 389214 7537 381677 2119 2025 4267 3783 2165 1618 1702 3270 1918 822 1096 677 1567 1385 1131 1012 379558 368378 325806 42572 37025 34686 22537 7049 2339 303329
is_linear=0
shrinkage=0.05


Tree=231
num_leaves=31
num_cat=4
split_feature=10 6 10 6 2 6 10 3 3 0 4 3 4 3 6 7 10 3 3 10 10 2 10 10 7 1 7 10 2 10
split_gain=6613.5 3.39364 10.4168 8.09609 6.74842 6.46983 17.4393 7.23056 6.57722 6.45243 14.3366 9.04352 10.0485 10.6956 13.4971 9.80096 10.2546 9.6405 6.75735 6.47715 11.1034 6.43409 6.36269 6.19782 6.15025 7.95898 6.0584 9.14463 6.11262 9.60761
threshold=1.0000000180025095e-35 2.1500000000000008 30.05503264583842 3.0500000000000003 0 1.1500000000000001 1.368997220645094 39.500000000000007 32.500000000000007 1 1.0000000180025095e-35 41.500000000000007 2.5000000000000004 62.500000000000007 1.2500000000000002 27.250000000000004 4.138539666811174 70.500000000000014 49.500000000000007 6.637514249058321 5.4329401144986091 2 1.6387204138730584 6.637514249058321 28.350000000000005 1.0000000180025095e-35 25.650000000000002 0.76340990904344486 3 2.6565660251464798
decision_type=2 2 2 2 1 2 2 2 2 1 2 2 2 2 2 2 2 2 2 2 2 1 2 2 2 2 2 2 1 2
left_child=-1 5 -3 -4 -5 26 24 8 -8 10 18 -12 13 14 -13 16 -15 -17 -9 20 22 -19 -14 -16 25 -7 27 -2 29 -29
right_child=1 2 3 4 -6 6 7 9 -10 -11 11 12 19 15 23 17 -18 21 -20 -21 -22 -23 -24 -25 -26 -27 -28 28 -30 -31
leaf_value=-2.7069954888192607e-06 -0.00081830129480454635 0.000237780150869805 0.19107879145798021 0.16737004437973299 -0.06561161112314054 5.5282450877464084e-06 -0.015979159430667612 0.065439724476526281 -0.056247144735463696 -0.00042895635560133986 0.032760273777541316 0.022524198702964085 0.0068603009613319556 0.03065206686455136 -0.048571771971948507 0.041322130702750752 0.012805523192943266 0.034423282980324425 0.0028880088660975024 -0.095759460741160221 0.018879293004676768 -0.090386752568812706 -0.042748152825976465 -0.15458411453423967 0.00050028964527681723 0.0037659290903618416 2.9168885712749229e-06 -0.072250649373834769 0.023233845215807524 0.0048054812177583308
leaf_weight=27757 120 21935 272 333 339 677 2415 89 563 12029 124 164 101 109 435 171 155 81 465 382 191 146 564 75 346 194 486604 49 1911 941
leaf_count=27757 82 13579 162 243 269 391 1735 39 501 8405 78 82 69 41 317 99 103 55 291 342 125 120 466 75 174 108 359228 47 1255 679
internal_value=-0.00120668 3.47757e-05 0.000630491 0.00577331 0.00282738 8.00431e-06 -0.000885705 -0.00127198 -0.00352586 -0.000832733 -0.00280503 -0.00431801 -0.00495338 -0.00194611 -0.00637982 0.00256798 0.0100379 -0.00238693 0.00451264 -0.00819871 -0.00578271 -0.00914097 -0.00883459 -0.0103922 0.00490961 0.00266935 4.35537e-05 0.00227574 0.00283523 -0.000353535
internal_weight=559737 531980 22879 944 672 509101 19476 18259 2978 15281 3252 2698 2574 1336 674 662 264 398 554 1238 856 227 665 510 1217 871 489625 3021 2901 990
internal_count=416917 389160 14253 674 512 374907 13616 12943 2236 10707 2302 1972 1894 892 474 418 144 274 330 1002 660 175 535 392 673 499 361291 2063 1981 726
cat_boundaries=0 1 2 3 4
cat_threshold=2 1 2 1
is_linear=0
shrinkage=0.05


Tree=232
num_leaves=31
num_cat=2
split_feature=10 3 8 7 10 3 7 7 10 3 3 10 10 10 3 3 0 10 10 3 10 2 3 11 4 10 10 10 3 6
split_gain=6661.32 3.51735 6.01656 6.19869 8.85532 6.85522 8.50824 5.72212 6.7421 7.22272 17.5189 8.58358 10.1106 5.99419 6.031 11.9366 8.69709 7.45843 6.11359 5.99234 5.61169 4.40876 3.97927 12.0725 8.47232 9.06234 9.18496 7.73352 24.8204 7.29935
threshold=1.0000000180025095e-35 63.500000000000007 1.5296978021978027 32.650000000000013 5.1643658385228113 52.500000000000007 31.850000000000005 36.650000000000013 1.368997220645094 45.500000000000007 49.500000000000007 5.9579248578226593 10.68452566783734 1.5862281902591664 57.500000000000007 58.500000000000007 0 1.7302951845011556 10.363083932572797 55.500000000000007 2.337425468972977 1 75.500000000000014 22.500000000000004 1.0000000180025095e-35 46.321527184525273 7.6440124045096036 1.6636761477057405 78.500000000000014 3.1500000000000008
decision_type=2 2 2 2 2 2 2 2 2 2 2 2 2 2 2 2 1 2 2 2 2 1 2 2 2 2 2 2 2 2
left_child=-1 2 7 5 -5 6 -4 -2 19 -10 11 -11 -13 -12 16 21 -15 -17 -18 -9 -19 -16 23 -3 25 26 -25 28 -24 -26
right_child=1 22 3 4 -6 -7 -8 8 9 10 13 12 -14 14 15 17 18 20 -20 -21 -22 -23 27 24 29 -27 -28 -29 -30 -31
leaf_value=-2.5716457143782977e-06 -6.0320174289918427e-06 -1.6023798180619942e-05 -0.0087263722565550147 -0.051617815274530458 -0.049572605635190128 0.048956441175575356 0.037097001852353005 -1.7387705007532174e-06 0.044727471312829503 -0.049488059676120869 -9.9302346286322959e-05 0.027666506250683162 -0.12788789594886812 0.025596813001136115 -0.012143492171971816 0.030341887740920167 -0.069392515116349252 -0.024532095253066231 0.028194554062153723 5.4749309883639354e-06 0.0090629369592432948 -0.10007813348098585 -0.00017477939367579467 0.033703037499420142 0.014157139154413346 0.11205510678770986 -0.017137315270132271 -0.00049893877270883462 5.8358707634374267e-05 0.055013096671364808
leaf_weight=27906 300192 42293 158 134 227 229 131 111 318 195 177 147 110 1183 104 97 154 65 366 150 1547 123 1191 804 46679 234 7531 110601 16692 767
leaf_count=27906 219224 29391 54 74 95 89 59 57 178 139 115 93 106 661 72 45 134 43 296 68 1097 105 661 482 37269 208 6123 81795 10352 457
internal_value=-0.001187 6.04456e-05 -5.01768e-05 -0.00418089 -0.00921053 -0.000675676 -0.00579585 -3.82738e-05 0.00166598 0.00122111 0.000679475 -0.00862832 -0.00262646 0.00178197 0.00221902 0.000309917 0.00438931 0.00174078 -0.00103774 0.00948276 0.000930521 -0.0104626 0.000209663 0.000449099 0.000930554 -0.000516396 -0.000788842 2.64624e-05 0.000991165 0.00119188
internal_weight=560616 532710 305918 879 361 518 289 305039 4847 4586 4268 452 257 3816 3639 1936 1703 1709 520 261 1612 227 226792 98308 56015 8569 8335 128484 17883 47446
internal_count=417448 389542 222804 371 169 202 113 222433 3209 3084 2906 338 199 2568 2453 1362 1091 1185 430 125 1140 177 166738 73930 44539 6813 6605 92808 11013 37726
cat_boundaries=0 1 2
cat_threshold=19 2
is_linear=0
shrinkage=0.05


Tree=233
num_leaves=31
num_cat=0
split_feature=10 12 3 10 7 10 4 7 1 7 7 3 3 3 3 6 3 4 3 12 6 6 6 7 7 3 6 5 3 3
split_gain=6664.87 6.32744 8.39923 5.30503 15.207 9.23956 19.7332 11.2429 8.68247 6.88089 11.414 6.64125 6.43546 7.17309 5.94522 7.75242 5.37805 7.64932 6.59201 4.9504 4.94296 16.4723 5.93098 9.63512 8.45444 9.86093 8.17412 7.61409 7.99807 6.73415
threshold=1.0000000180025095e-35 1.4949741266361742 28.500000000000004 0.71170035736632797 36.550000000000004 0.76340990904344486 4.5000000000000009 32.250000000000007 1.0000000180025095e-35 36.800000000000004 37.150000000000013 69.500000000000014 69.500000000000014 77.500000000000014 68.500000000000014 0.35000000000000003 44.500000000000007 5.5000000000000009 37.500000000000007 2.8839697584089716 1.3500000000000003 3.6500000000000004 0.25000000000000006 31.450000000000003 30.350000000000005 57.500000000000007 0.55000000000000016 1.0000000180025095e-35 60.500000000000007 50.500000000000007
decision_type=2 2 2 2 2 2 2 2 2 2 2 2 2 2 2 2 2 2 2 2 2 2 2 2 2 2 2 2 2 2
left_child=-1 2 -2 4 8 6 7 12 16 -6 -11 -9 14 19 15 -5 17 18 -3 -14 22 -22 27 24 26 -26 -24 29 -29 -18
right_child=1 3 -4 5 9 -7 -8 11 -10 10 -12 -13 13 -15 -16 -17 20 -19 -20 -21 21 -23 23 -25 25 -27 -28 28 -30 -31
leaf_value=-2.4430634286593828e-06 0.00018182614421156836 -0.00011551692212636856 -0.00012618573337805917 -5.7734206296733427e-06 1.1754573526104317e-05 6.5385079633717424e-05 0.00016116579963419421 -0.0013568155566587858 5.9987407945309261e-05 -1.0670134779933172e-05 5.4509012825424788e-06 -0.0018861628395481778 -0.00019396310434067384 -7.6880453939887072e-05 0.00011447050419521876 -0.00036458016814104881 -5.7658868013972991e-06 0.00024087972801370243 6.6082638063291732e-06 -0.00042293748573304745 0.00042092912590645519 -1.698683660102951e-05 -8.2355135963019252e-05 -3.5549514189647804e-05 0.0010622842441804356 -1.3771699755127377e-05 2.527096924775929e-07 0.0015220606857775229 0.00019285760205107195 4.7325618707405594e-06
leaf_weight=27917 877 177 2070 385 145 508148 786 171 1051 105 112 152 274 568 239 98 1690 470 2478 241 574 328 534 540 284 185 942 92 152 8895
leaf_count=27917 537 91 1216 199 59 375988 416 83 555 59 50 68 140 258 105 44 956 246 1308 111 292 154 322 320 134 91 510 36 84 5221
internal_value=-0.00118552 6.23636e-05 -0.00224805 7.52148e-05 0.000901141 4.49065e-05 -0.00276253 -0.00526316 0.000701392 0.0110497 0.00541475 -0.0138545 -0.00372576 -0.00616343 -6.92521e-05 -0.00326087 0.000433943 0.002312 0.00127119 -0.0104369 2.1103e-05 0.0036031 -0.000221571 -0.00242455 -0.000784062 0.00506397 -0.00264228 0.00028396 0.00901639 8.26641e-05
internal_weight=560680 532763 2947 529816 18754 511062 2914 2128 18392 362 217 323 1805 1083 722 483 17341 3125 2655 515 14216 902 13314 2485 1945 469 1476 10829 244 10585
internal_count=417570 389653 1753 387900 10488 377412 1424 1008 10320 168 109 151 857 509 348 243 9765 1645 1399 251 8120 446 7674 1377 1057 225 832 6297 120 6177
is_linear=0
shrinkage=0.05


Tree=234
num_leaves=31
num_cat=3
split_feature=10 12 3 10 4 7 11 7 4 3 11 12 11 7 11 0 0 6 7 4 7 4 4 3 0 4 10 6 4 10
split_gain=6655.7 4.51262 9.94935 4.54585 6.4354 11.0722 6.59524 7.35458 5.7647 4.82143 4.53393 4.46385 14.2975 12.7972 11.9727 12.4877 11.4118 8.66113 8.304 8.22649 7.8133 11.2988 15.7389 14.6294 9.52938 19.1978 13.7458 13.5744 12.1256 13.1313
threshold=1.0000000180025095e-35 1.4949741266361742 28.500000000000004 0.76340990904344486 3.5000000000000004 26.950000000000003 1.5000000000000002 27.750000000000004 1.5000000000000002 30.500000000000004 1.5000000000000002 30.018419434246638 33.500000000000007 25.450000000000003 26.500000000000004 0 1 0.25000000000000006 29.450000000000003 4.5000000000000009 32.550000000000004 1.0000000180025095e-35 2.5000000000000004 57.500000000000007 2 4.5000000000000009 46.321527184525273 0.25000000000000006 3.5000000000000004 21.938385526759273
decision_type=2 2 2 2 2 2 2 2 2 2 2 2 2 2 2 1 1 2 2 2 2 2 2 2 1 2 2 2 2 2
left_child=-1 2 10 4 6 -6 7 8 -4 -7 -2 14 16 -14 -3 17 18 -16 -13 -19 -15 -22 23 -23 28 26 27 -26 29 -24
right_child=1 11 3 -5 5 9 -8 -9 -10 -11 -12 12 13 20 15 -17 -18 19 -20 -21 21 22 24 -25 25 -27 -28 -29 -30 -31
leaf_value=-2.3209102572264139e-06 0.0013379964337386302 3.2385677060699693e-06 2.9129260132368386e-05 -0.00090792681261563373 -0.043496320726453569 0.00029991467301957456 -1.8346764107627737e-05 -0.00031341052838245917 -0.00017681637440425022 -5.4222934947822934e-05 -5.561047486274026e-05 -0.013896564257290845 -0.033922549206224818 -0.00072405992105331054 0.013246898814359387 0.0021937139413150675 -0.01702926043114248 0.026348226965968502 0.0038620599765053056 0.11085656188175114 -0.013014124448333676 0.011519201470008955 0.036950577692237994 0.067335645480225817 -0.026886294881728647 0.015875599956875819 0.85390644448390818 0.094635309977893434 0.0048796041151254249 0.36413194468260929
leaf_weight=27952 716 249987 97 791 93 180 227 293 179 252 216 6351 1759 164383 3339 21958 20330 1841 13849 187 8009 5123 2903 4015 8623 9225 106 321 6789 235
leaf_count=27952 426 168809 51 505 75 100 113 155 95 144 134 4991 1325 129057 2301 14286 17416 1107 11313 97 6363 3679 1931 2859 7317 8767 62 217 5711 145
internal_value=-0.00121799 3.06644e-05 -0.00188896 -0.00378788 -0.00558289 -0.00128571 -0.00841709 -0.0112917 -0.00543478 0.00208333 0.00241416 4.17034e-05 -0.000110606 5.42576e-05 0.000180122 0.00117383 -0.000970886 0.00333364 -0.000128649 0.00591716 8.98766e-05 0.000670908 0.00103642 0.00283979 0.000452096 -0.000225595 -0.00186188 -0.00207402 0.0016982 0.00427024
internal_weight=560329 532377 3044 2112 1321 525 796 569 276 432 932 529333 252021 211491 277312 27325 40530 5367 20200 2028 209732 45349 37340 9138 28202 18275 9050 8944 9927 3138
internal_count=417503 389551 1798 1238 733 319 414 301 146 244 560 387753 201153 167433 186600 17791 33720 3505 16304 1204 166108 37051 30688 6538 24150 16363 7596 7534 7787 2076
cat_boundaries=0 1 2 3
cat_threshold=6 9 3
is_linear=0
shrinkage=0.05


Tree=235
num_leaves=31
num_cat=3
split_feature=10 12 11 11 3 0 2 7 7 3 7 3 4 3 7 10 10 7 6 4 0 10 8 12 11 4 7 7 4 12
split_gain=6610.08 5.66036 14.3451 8.71229 9.56453 8.58272 8.34081 8.51579 8.0344 8.50619 9.96698 7.84662 9.83721 15.2086 8.46082 7.70187 7.52507 7.28119 7.26322 6.76503 15.2268 10.554 17.1257 11.3344 13.7157 14.2293 9.65697 10.8529 10.4475 9.46286
threshold=1.0000000180025095e-35 42.227187031407645 47.500000000000007 39.500000000000007 39.500000000000007 0 1 30.050000000000004 32.550000000000004 48.500000000000007 32.750000000000007 85.500000000000014 1.0000000180025095e-35 86.500000000000014 31.150000000000002 8.9162354434110132 1.5575311628460653 36.350000000000001 4.8500000000000005 3.5000000000000004 2 33.597254758644205 1.415980148883375 69.196973395167205 81.500000000000014 1.5000000000000002 32.350000000000001 32.150000000000013 5.5000000000000009 90.365295321670956
decision_type=2 2 2 2 2 1 1 2 2 2 2 2 2 2 2 2 2 2 2 2 1 2 2 2 2 2 2 2 2 2
left_child=-1 3 5 11 -5 -3 7 -6 19 -10 -11 -2 13 16 -15 -12 -13 -17 -7 21 -21 23 -23 -4 25 -25 27 -22 -29 -26
right_child=1 2 8 4 6 18 -8 -9 9 10 15 12 -14 14 -16 17 -18 -19 -20 20 26 22 -24 24 29 -27 -28 28 -30 -31
leaf_value=-2.2048647443650927e-06 1.7740917042458061e-06 -0.00088855093449344844 0.00081891369434652363 0.053803957690968456 -0.030118768947256271 -0.015829992048758436 0.0084688941256030326 0.010272007833576692 -0.0054505914790324191 0.078496777991164682 -0.038555395688134556 -0.0072961041686008367 6.5958646231246515e-05 0.0002770629178862727 -0.041100673035429185 0.021216580571427991 0.006191720569310122 -0.025162218182340813 0.083968393417914913 0.0201060123819536 -0.0019834102566267833 0.015501359941294625 0.3801255470177401 -0.010816409527093552 0.012068082571308647 -0.064329945807930056 -0.048517500690434992 -0.013539289428421598 0.13497526331541324 -0.018989188865140783
leaf_weight=27688 305709 14106 29053 3058 1915 21977 16497 1938 8943 1547 480 155 22649 3002 441 15980 687 2163 196 10443 24415 8528 277 4126 8267 4318 1093 374 467 19822
leaf_count=27688 211673 11810 20645 2128 1319 19133 10783 1342 7363 1205 374 105 15077 1818 313 13452 359 1883 106 8379 21823 7534 95 3402 5973 3714 1071 346 449 15808
internal_value=-0.00118103 5.71696e-05 -0.000174289 0.000171956 0.00110432 -0.00106053 0.000712531 -0.00138204 5.4884e-05 0.000794319 0.00136341 0.000106345 0.000924482 0.00312135 0.00164827 0.00104307 0.00914489 0.00120846 -0.00167358 -0.000138735 0.000415851 -0.00041302 0.00121238 -0.000631232 -0.00121739 -0.00298437 -0.000224781 -2.57365e-05 0.00555886 -0.000686212
internal_weight=560314 532626 176575 356051 23408 36279 20350 3853 140296 29113 20170 332643 26934 4285 3443 18623 842 18143 22173 111183 36792 74391 8805 65586 36533 8444 26349 25256 841 28089
internal_count=417170 389482 144565 244917 15572 31049 13444 2661 113516 24277 16914 229345 17672 2595 2131 15709 464 15335 19239 89239 32068 57171 7629 49542 28897 7116 23689 22618 795 21781
cat_boundaries=0 1 2 3
cat_threshold=9 1 3
is_linear=0
shrinkage=0.05


Tree=236
num_leaves=31
num_cat=2
split_feature=10 12 9 10 4 3 8 3 10 3 6 4 7 7 0 3 10 10 3 4 10 10 10 6 6 7 0 6 10 7
split_gain=6596.18 6.59608 11.5548 3.80571 6.08712 3.79205 8.62239 7.77838 5.11934 8.47465 7.46606 10.8718 5.45645 5.35931 8.81638 5.30734 5.07473 7.84783 4.78961 12.4126 10.7247 14.241 11.7747 22.5675 10.6957 10.6518 10.5507 11.5926 10.1235 9.68903
threshold=1.0000000180025095e-35 1.4949741266361742 3.5000000000000004 0.71170035736632797 4.5000000000000009 58.500000000000007 1.4991603854594031 46.500000000000007 0.49808169478095882 52.500000000000007 0.35000000000000003 2.5000000000000004 31.450000000000003 36.800000000000004 0 57.500000000000007 4.3922884480981041 2.5465299133204282 40.500000000000007 3.5000000000000004 3.6315943295383799 2.1451516708369236 2.337425468972977 1.0000000180025095e-35 10.15 35.550000000000004 1 4.6500000000000012 2.0850013981335267 31.750000000000004
decision_type=2 2 2 2 2 2 2 2 2 2 2 2 2 2 1 2 2 2 2 2 2 2 2 2 2 2 1 2 2 2
left_child=-1 2 -2 4 -4 6 8 -8 9 12 -11 -12 -3 18 15 -15 17 -9 25 20 21 28 23 -23 29 -10 27 -21 -20 -22
right_child=1 5 3 -5 -6 -7 7 16 13 10 11 -13 -14 14 -16 -17 -18 -19 19 26 24 22 -24 -25 -26 -27 -28 -29 -30 -31
leaf_value=-2.0946215071468383e-06 4.9470200371226629e-05 4.1974695275809326e-05 -0.00014062299483910505 -0.0008626191765700675 -4.1045124986605068e-05 3.1063603660116032e-05 -0.11413007962665836 -0.0030233919334326843 4.1765576310506815e-05 -2.5111856405413135e-06 -0.00034276915708397748 -0.00065875596664525258 -5.1456995602272577e-07 0.014172587565293042 -0.016030253030247056 -0.034892239500971554 0.026459492201756519 -0.031357318227793973 -5.4892879902790355e-06 0.0022540661325812189 -0.012608595631586214 0.00049895026268285123 0.00057526916554179566 -4.1065061736023094e-05 0.03669035388244124 0.032885090148068043 -2.1852718040848985e-05 0.038256840930673802 -0.00062023828855940115 -0.0019674283204373032
leaf_weight=27824 1110 141 608 972 232 269249 137 225 104849 812 127 198 257 1571 689 151 285 120 10680 26208 33400 856 12958 687 456 288 33668 789 1172 29000
leaf_count=27824 658 67 340 612 140 197659 53 93 78625 474 77 126 151 885 579 107 121 56 6248 20006 23720 444 8150 411 236 178 26784 419 740 21154
internal_value=-0.001268 -2.6556e-05 -0.00239562 -0.00485651 -0.00732143 -1.34695e-05 -0.000149774 -0.00544329 -0.000134096 -0.00301303 -0.00521108 -0.0116154 0.00326633 -0.000116929 0.00222937 0.00412818 -0.00309524 -0.00717391 -0.000139112 -0.000320603 -0.000695838 0.000150837 0.00120164 0.00533052 -0.00105081 0.000119606 0.000231188 0.000967342 -0.00113483 -0.00110657
internal_weight=559719 531895 2922 1812 840 528973 259724 767 258957 1535 1137 325 398 257422 2411 1722 630 345 255011 149874 89209 26353 14501 1543 62856 105137 60665 26997 11852 62400
internal_count=417137 389313 1750 1092 480 387563 189904 323 189581 895 677 203 218 188686 1571 992 270 149 187115 108312 61103 15993 9005 855 45110 78803 47209 20425 6988 44874
cat_boundaries=0 1 2
cat_threshold=19 3
is_linear=0
shrinkage=0.05


Tree=237
num_leaves=31
num_cat=1
split_feature=10 12 9 7 11 10 4 11 12 11 12 4 6 11 7 7 10 3 10 11 8 7 7 11 7 0 6 3 10 11
split_gain=6617.84 4.78835 5.06633 4.99045 4.68215 3.7364 5.10942 6.6419 3.07811 5.48337 9.23686 5.96381 4.2392 3.79928 4.91718 5.33418 4.72828 7.67323 4.66385 4.20713 4.19688 4.05043 3.77714 3.77751 3.91306 3.35825 10.534 5.26346 3.92377 3.33615
threshold=1.0000000180025095e-35 1.9868533539064621 3.5000000000000004 33.150000000000013 1.0000000180025095e-35 47.58293034537467 1.0000000180025095e-35 129.50000000000003 153.61360024719701 156.50000000000003 111.6900290949787 1.0000000180025095e-35 0.15000000000000005 120.50000000000001 28.350000000000005 28.150000000000002 22.973295426278984 81.500000000000014 40.249197973088776 241.00000000000003 1.2981868131868135 25.850000000000005 29.650000000000002 179.50000000000003 28.850000000000005 0 0.55000000000000016 82.500000000000014 45.060124023675868 74.500000000000014
decision_type=2 2 2 2 2 2 2 2 2 2 2 2 2 2 2 2 2 2 2 2 2 2 2 2 2 1 2 2 2 2
left_child=-1 2 4 -4 -2 8 -7 -8 9 29 -11 12 -12 18 15 19 -16 22 -10 21 -19 -15 23 -18 -25 26 27 -13 -27 -3
right_child=1 5 3 -5 -6 6 7 -9 13 10 11 25 -14 14 16 -17 17 20 -20 -21 -22 -23 -24 24 -26 28 -28 -29 -30 -31
leaf_value=-1.9898904317894964e-06 0.00010938084852513315 -2.1835150323020378e-06 -8.8270310657723172e-05 0.0010199796614396405 -4.9571440705864506e-05 0.2770036566937179 -0.078670175995759456 0.14470635716293109 -0.026563832657679323 -0.18997344890327558 -0.10242880658587046 0.15646022538411694 0.10865978347293909 0.057510604913847102 -0.046014404619305171 -0.1502835107724006 0.00028737805952161466 0.070703761299514764 -0.19313881984686374 0.27874756266603956 0.1387116948274599 -0.035213343687543031 -0.018389365627983167 0.0032846826529548071 0.2184216915883834 0.034056855569193092 -0.082824310268669349 -0.014492272364038784 0.27513747687369733 0.0047714143131098122
leaf_weight=27832 690 450039 3228 175 1488 72 163 266 652 99 303 378 135 107 506 185 723 856 120 66 64 1906 2732 173 206 1744 87 99 220 65271
leaf_count=27832 392 323021 1954 101 904 64 161 218 652 75 243 230 93 63 446 181 659 738 118 38 26 1684 2472 145 146 1168 63 69 152 53517
internal_value=-0.0012317 9.99525e-06 -0.00144687 -0.00265207 0.00043618 2.54186e-05 0.00434132 0.00227273 2.13131e-05 3.66048e-05 0.00214519 0.00264666 -0.00273973 -0.000934185 -0.000591441 -0.00253975 0.000247148 0.000736222 -0.00427461 -0.00181578 0.00483696 -0.00222305 -0.000247783 0.00222323 0.00626649 0.00357991 0.00696864 0.0100105 0.00255826 2.40632e-05
internal_weight=560585 532753 5581 3403 2178 527172 501 429 526671 518375 3065 2966 438 8296 7524 2264 5260 4754 772 2079 920 2013 3834 1102 379 2528 564 477 1964 515310
internal_count=417625 389793 3351 2055 1296 386442 443 379 385999 378631 2093 2018 336 7368 6598 1966 4632 4186 770 1785 764 1747 3422 950 291 1682 362 299 1320 376538
cat_boundaries=0 1
cat_threshold=2
is_linear=0
shrinkage=0.05


Tree=238
num_leaves=31
num_cat=3
split_feature=10 12 7 4 9 10 4 7 7 7 7 4 10 12 7 0 4 6 6 3 7 2 3 12 10 8 10 4 4 0
split_gain=6604.36 5.21769 6.5955 9.86419 6.6474 5.59752 6.19571 4.3661 4.13803 8.80032 9.9205 17.5347 13.9418 9.92685 7.98943 13.9589 12.59 10.7983 15.9607 13.0566 9.12773 8.97901 11.0178 9.92637 8.66623 15.2997 13.8689 11.5764 13.9768 12.0422
threshold=1.0000000180025095e-35 1.4949741266361742 26.750000000000004 3.5000000000000004 4.5000000000000009 0.71170035736632797 1.5000000000000002 25.650000000000002 30.550000000000004 29.850000000000005 29.750000000000004 1.0000000180025095e-35 15.473964207823633 2.2363309441816805 32.650000000000013 0 2.5000000000000004 1.3500000000000003 0.45000000000000007 54.500000000000007 32.750000000000007 1 71.500000000000014 109.41128370308739 5.0843254529964357 1.4991603854594031 3.6315943295383799 1.0000000180025095e-35 3.5000000000000004 2
decision_type=2 2 2 2 2 2 2 2 2 2 2 2 2 2 2 1 2 2 2 2 2 1 2 2 2 2 2 2 2 1
left_child=-1 2 7 5 -5 6 -4 -2 9 10 -3 -12 13 -13 15 16 17 18 -10 -20 21 23 -23 -16 25 26 -22 29 -29 -26
right_child=1 8 3 4 -6 -7 -8 -9 14 -11 11 12 -14 -15 20 -17 -18 -19 19 -21 24 22 -24 -25 27 -27 -28 28 -30 -31
leaf_value=-1.8903959102000215e-06 -0.0060744217532611037 1.2275573455696374e-05 -0.00016851330183597821 0.00027153173510605831 -8.4574983533869386e-05 -0.00015216918289201836 -0.00031725290647491858 0.00010866677909849021 -0.033206108309054953 0.00058550128327892754 0.030220105581565584 0.00071853231250473826 0.030276615521712416 -0.027290898367979377 0.064836172752028007 -1.2957088795539918e-05 -0.0032146712858125426 -0.15949933542614067 -0.050637624698782524 0.072082000246093444 3.2439017311147734e-06 -0.006310284607120087 0.045248941395455683 -0.14288352245353311 0.00032702332043146323 -0.048527368530734957 -0.0051743499119793705 0.018994932501168772 0.0013279092616077738 -0.034240868639374165
leaf_weight=27765 147 229112 380 451 512 580 258 647 11389 48219 1065 69 1063 3754 1202 107474 15006 171 174 555 30503 1513 674 77 8251 214 12009 20413 34376 3088
leaf_count=27765 105 162564 214 269 334 336 148 361 8689 35513 709 35 927 2946 816 79878 12464 159 140 325 19643 1127 472 73 6215 96 8535 14605 29968 2540
internal_value=-0.0012252 1.24685e-05 -0.00207563 -0.0034961 0.000285566 -0.00648604 -0.00971787 0.0018262 2.41812e-05 0.000154616 2.83966e-05 -0.00198706 -0.0032542 -0.00466257 -0.00012536 -0.000384918 -0.00139443 -0.00258158 -0.00240551 0.0047668 0.000186075 0.00271206 0.000765889 0.00603987 0.000105646 -0.000449375 -0.000382245 0.000464251 0.000765208 -0.000989946
internal_weight=561111 533346 2975 2181 963 1218 638 794 530371 283282 235063 5951 4886 3823 247089 134769 27295 12289 12118 729 112320 3466 2187 1279 108854 42726 42512 66128 54789 11339
internal_count=417971 390206 1767 1301 603 698 362 466 388439 202694 167181 4617 3908 2981 185745 101655 21777 9313 9154 465 84090 2488 1599 889 81602 28274 28178 53328 44573 8755
cat_boundaries=0 1 2 3
cat_threshold=2 1 13
is_linear=0
shrinkage=0.05


Tree=239
num_leaves=31
num_cat=2
split_feature=10 10 11 12 11 7 11 10 6 6 0 12 4 7 3 7 7 7 7 4 3 10 12 12 6 0 8 4 4 4
split_gain=6644.84 3.68322 5.59798 3.80016 8.4719 10.1237 8.17062 11.2752 7.9605 10.9745 8.6828 7.89967 7.11034 9.66169 6.79468 6.75137 6.49552 9.01795 6.99346 6.46645 8.53739 5.90574 5.63571 5.60608 5.8337 8.46234 5.48014 6.29448 5.31071 5.22157
threshold=1.0000000180025095e-35 47.58293034537467 121.50000000000001 85.071187741763552 105.50000000000001 29.650000000000002 62.500000000000007 22.56992163755055 4.8500000000000005 3.4500000000000006 0 58.64657091756181 5.5000000000000009 31.850000000000005 42.500000000000007 33.650000000000013 36.550000000000004 34.45000000000001 33.95000000000001 3.5000000000000004 83.500000000000014 32.878914303538146 67.329368104244608 56.399596897713678 0.55000000000000016 1 2.0162962962962969 3.5000000000000004 5.5000000000000009 1.5000000000000002
decision_type=2 2 2 2 2 2 2 2 2 2 1 2 2 2 2 2 2 2 2 2 2 2 2 2 2 1 2 2 2 2
left_child=-1 3 -3 6 5 14 11 23 9 10 16 -2 15 21 -5 -12 17 18 19 -6 -21 -14 -9 24 25 -8 27 29 -25 -13
right_child=1 2 -4 4 8 -7 7 22 -10 -11 12 26 13 -15 -16 -17 -18 -19 -20 20 -22 -23 -24 28 -26 -27 -28 -29 -30 -31
leaf_value=-1.7958761146900206e-06 5.9976888195478757e-06 -0.058443605979528891 0.15880389900329953 -0.062243978160464897 0.010172844335179577 -0.0042799508272283408 0.04274596239925859 0.13168346415683896 0.067016201736772724 -0.10609043245734782 -0.0014403144616959907 -0.010027685714444436 0.040021734993656022 0.11719574245286531 -0.021964649562297645 -0.040518078574902111 0.36346773789183523 -0.12186245576092124 0.15687815125254512 0.097760375806094049 -0.029066735942428146 -0.036698936805201136 0.039493025031857878 0.00046854700056897514 -0.00501116698292865 -0.023083298464800131 0.18978510496439807 -0.0031368429896798666 0.050976997606853619 -0.040525655569610741
leaf_weight=27879 412646 153 363 1341 3448 20470 2983 1003 643 289 25279 3535 658 454 7853 2183 67 100 134 1134 298 515 4332 25771 1372 523 57 10696 597 3524
leaf_count=27879 290256 153 305 1267 2608 18896 1871 769 371 209 20805 2897 632 422 6811 1907 37 92 80 874 230 511 3686 19193 808 365 19 10034 559 2924
internal_value=-0.00120471 4.12737e-05 0.00426357 3.71777e-05 -0.000321432 -0.000943905 8.69842e-05 0.000804379 0.000203113 0.000100553 0.000182375 2.60188e-05 -0.000153785 0.00305778 -0.00232217 -0.000344112 0.00206608 0.00186742 0.00216394 0.00185451 0.00467877 0.000660699 0.00292877 0.000441657 0.00199877 0.00308043 -0.00100494 -0.00105463 0.000153595 -0.00221349
internal_weight=560300 532421 516 531905 64866 29664 467039 36581 35202 34559 34270 430458 29089 1627 9194 27462 5181 5114 5014 4880 1432 1173 5335 31246 4878 3506 17812 17755 26368 7059
internal_count=417470 389591 458 389133 55752 26974 333381 27251 28778 28407 28198 306130 24277 1565 8078 22712 3921 3884 3792 3712 1104 1143 4455 22796 3044 2236 15874 15855 19752 5821
cat_boundaries=0 1 2
cat_threshold=2 10
is_linear=0
shrinkage=0.05


Tree=240
num_leaves=31
num_cat=4
split_feature=10 12 3 4 3 7 3 9 11 12 7 0 4 7 11 10 12 1 2 2 7 11 3 0 7 7 3 7 7 4
split_gain=6613 3.07585 4.56606 4.57839 5.10912 4.68276 3.3154 6.94455 8.6556 5.9057 5.5986 5.2805 6.40998 5.56984 5.18621 6.47797 4.97975 4.37916 5.85027 4.12614 4.08607 3.93104 3.64787 3.58687 3.293 4.25145 6.7533 5.62437 6.42542 5.12281
threshold=1.0000000180025095e-35 1.9868533539064621 28.500000000000004 2.5000000000000004 56.500000000000007 30.750000000000004 33.500000000000007 3.5000000000000004 24.500000000000004 24.307038598807711 25.150000000000002 0 1.0000000180025095e-35 32.750000000000007 3.5000000000000004 5.2555789293671333 20.684236407324935 1.0000000180025095e-35 1 2 31.150000000000002 46.500000000000007 29.500000000000004 3 29.950000000000003 26.050000000000004 29.500000000000004 26.950000000000003 27.050000000000004 3.5000000000000004
decision_type=2 2 2 2 2 2 2 2 2 2 2 1 2 2 2 2 2 2 1 1 2 2 2 1 2 2 2 2 2 2
left_child=-1 2 -2 4 5 -4 7 19 9 11 -8 13 17 14 15 20 -10 -13 -19 23 -9 -18 -20 -3 25 26 -16 -27 -29 -30
right_child=1 6 3 -5 -6 -7 10 8 16 -11 -12 12 -14 -15 24 -17 21 18 22 -21 -22 -23 -24 -25 -26 27 -28 28 29 -31
leaf_value=-1.7060823089555195e-06 0.00021659839738641571 -0.00011174874498338651 -9.9633709376412144e-05 -1.6568924708038058e-05 4.2690372320982241e-06 -0.0023305873667400297 -0.026755284489090148 0.0028543087497028608 0.17057369761351282 -0.057692526628187003 -4.0482891017212808e-07 -0.0058256446037094015 0.0021199127109698735 -0.047465299689933231 -0.030228573653131943 -0.049410646638424406 0.033680128624144601 -7.0453022011918169e-07 -0.0007539336256919011 0.00051802756273036101 -0.026997613196757933 0.11995150138993083 -0.069597758939324392 -0.019134217894798678 0.024564095343415936 -0.015189214221318982 0.058935980586238501 0.092133887269619311 0.021814642369765672 -0.0053407079260152646
leaf_weight=27793 1244 5726 1286 2468 518 95 177 1971 163 581 478498 483 5931 96 183 400 2283 178 81 16460 160 501 237 3738 1074 1298 627 211 2963 1515
leaf_count=27793 766 4258 738 1486 304 59 177 1337 95 533 350558 355 4461 94 149 338 1903 134 55 11904 124 413 199 2846 798 980 403 139 2021 1245
internal_value=-0.00122469 1.9392e-05 -0.00114507 -0.00190634 -0.00375197 -0.00534033 3.18247e-05 0.000433205 0.00111053 0.000699038 -7.46853e-06 0.000864545 -0.000209538 0.00157023 0.00168237 -0.000286448 0.00362233 -0.00395812 -0.00725806 -0.000113794 0.000809479 0.003125 -0.0113208 -0.000945689 0.00231546 0.00190893 0.00530864 0.00144897 0.00225528 0.00185351
internal_weight=558939 531146 5611 4367 1899 1381 525535 46860 20936 17989 478675 17408 6910 10498 10402 2531 2947 979 496 25924 2131 2784 318 9464 7871 6797 810 5987 4689 4478
internal_count=416665 388872 3353 2587 1101 797 385519 34784 15776 13365 350735 12832 5204 7628 7534 1799 2411 743 388 19008 1461 2316 254 7104 5735 4937 552 4385 3405 3266
cat_boundaries=0 1 2 3 4
cat_threshold=26 1 2 28
is_linear=0
shrinkage=0.05


Tree=241
num_leaves=31
num_cat=1
split_feature=10 12 11 4 7 10 7 11 10 6 7 11 7 7 4 7 11 12 11 10 12 11 10 6 2 6 4 4 7 7
split_gain=6633.23 3.32134 6.64619 8.3327 7.62894 5.98334 5.29271 4.98874 4.95461 4.10337 4.23064 3.89035 3.76471 4.52748 3.64327 4.15097 3.38944 8.21487 8.3405 10.2976 8.10412 12.6363 9.36226 7.84723 8.1974 7.80905 7.25982 8.49337 10.6047 7.86397
threshold=1.0000000180025095e-35 124.27904564315354 121.50000000000001 5.5000000000000009 31.550000000000004 41.784480259946307 31.650000000000002 130.50000000000003 46.321527184525273 0.25000000000000006 31.550000000000004 76.500000000000014 30.250000000000004 27.650000000000002 2.5000000000000004 27.750000000000004 88.500000000000014 69.196973395167205 60.500000000000007 13.348857801519847 92.946694042868117 129.50000000000003 32.878914303538146 0.55000000000000016 0 0.75000000000000011 3.5000000000000004 1.5000000000000002 32.550000000000004 35.050000000000004
decision_type=2 2 2 2 2 2 2 2 2 2 2 2 2 2 2 2 2 2 2 2 2 2 2 2 1 2 2 2 2 2
left_child=-1 5 6 8 12 16 9 11 -4 10 14 -7 13 -5 15 -3 17 18 -2 23 21 22 25 -20 -25 -18 27 -19 -29 -30
right_child=1 2 3 4 -6 7 -8 -9 -10 -11 -12 -13 -14 -15 -16 -17 20 26 19 -21 -22 -23 -24 24 -26 -27 -28 28 29 -31
leaf_value=-1.6207781935077435e-06 -3.8458746466352171e-07 0.047593693386801576 -0.0072631938888142681 -0.018656038829554068 0.17554683276574981 -0.10038596285179367 0.00681194469315205 0.25640130732989025 0.064030467048829115 -0.074818868749942355 -0.14901927701652048 0.0682697482347078 -0.060751949396615906 0.096322018677259535 -0.010025519742596601 -0.081961385394609468 0.030312816545698774 -0.004441096439181536 0.0070349847132064273 0.039082891257456107 -0.00096867618768374801 -0.19348419213088075 0.18254593543753581 0.022681171408710319 -0.023926613394351915 -0.013459818422335821 -0.00054459289886361624 -0.042145877014983846 0.067071358770222925 -0.064635127529853523
leaf_weight=27926 421364 85 15973 77 279 93 1594 220 955 659 119 1053 253 196 2913 578 7894 8222 9371 7397 21288 103 692 558 1808 1853 18413 6846 1097 577
leaf_count=27926 298210 73 13353 77 253 91 1534 154 825 643 119 989 253 180 2851 546 5724 6728 6331 5383 17410 77 542 332 1148 1255 17423 5794 863 515
internal_value=-0.0012464 -7.51131e-07 -0.000579579 -9.44567e-05 0.00487578 2.61866e-05 -0.00202589 0.00333089 -0.000330813 -0.00292834 -0.00228011 0.00200698 0.0013308 0.00540293 -0.00197148 -0.00531674 1.72912e-05 -1.61357e-05 4.25655e-05 0.00106355 0.000516808 0.00165054 0.00182249 0.000142711 -0.00243026 0.00142351 -0.000751671 -0.0015052 -0.0026115 0.000955795
internal_weight=560456 532530 23681 17733 805 508849 5948 1366 16928 4354 3695 1146 526 273 3576 663 507483 475653 440498 19134 31830 10542 10439 11737 2366 9747 35155 16742 8520 1674
internal_count=417602 389676 20707 14941 763 368969 5766 1234 14178 4232 3589 1080 510 257 3470 619 367735 342727 311404 13194 25008 7598 7521 7811 1480 6979 31323 13900 7172 1378
cat_boundaries=0 1
cat_threshold=4
is_linear=0
shrinkage=0.05


Tree=242
num_leaves=31
num_cat=1
split_feature=10 6 10 4 6 1 6 10 10 7 10 10 11 10 10 10 4 10 7 6 0 4 10 3 7 6 11 6 10 6
split_gain=6649.03 4.63115 10.6857 8.81688 6.46867 5.6931 7.20177 6.71493 11.6335 7.00794 5.42845 8.6726 5.17254 10.6993 12.5803 6.03236 6.19049 9.53864 5.90378 13.9857 9.21892 5.74164 6.31269 5.6988 5.67793 5.26496 5.08929 6.61107 7.30366 4.90963
threshold=1.0000000180025095e-35 2.1500000000000008 30.05503264583842 3.5000000000000004 3.3000000000000003 1.0000000180025095e-35 2.7000000000000006 21.938385526759273 25.509726429033723 27.150000000000002 14.946832442660913 14.357779724907957 24.500000000000004 7.8089910019099582 10.54704322834294 10.68452566783734 3.5000000000000004 11.19462565095102 26.950000000000003 3.1500000000000008 0 1.0000000180025095e-35 27.217205837656579 49.500000000000007 25.350000000000005 8.5500000000000025 9.5000000000000018 4.3500000000000005 5.3496000346027941 3.4500000000000006
decision_type=2 2 2 2 2 2 2 2 2 2 2 2 2 2 2 2 2 2 2 2 1 2 2 2 2 2 2 2 2 2
left_child=-1 -2 5 4 -4 6 -3 10 29 -10 11 -7 18 23 -15 -16 17 -17 24 -20 -21 -19 -23 25 -8 -14 27 -26 -29 -9
right_child=1 2 3 -5 -6 7 12 8 9 -11 -12 -13 13 14 15 16 -18 21 19 20 -22 22 -24 -25 26 -27 -28 28 -30 -31
leaf_value=-1.5397392838323563e-06 2.6764374161519777e-06 0.0034069399123663226 0.15328783680591088 0.2580050209138644 -0.036053231160081189 0.0013080728123654093 -0.00031187348441974829 0.12666472868664932 0.010204349579966278 -0.12994439667120192 -0.031247881349034046 0.071678259972187422 -0.043792097563603562 0.0302893525626532 -0.19088394374457165 0.14906764751223617 0.015432788848275614 -0.1458884859717596 -0.049352963772989943 -0.0004812829086186632 0.040431839194437588 -0.024031605796244374 -0.14518126468521048 -0.0092799051022423775 0.002146602989175306 -0.012293144413310517 0.030997953453171075 -0.00065624285694304563 0.04354162851225854 0.10708614935123102
leaf_weight=27845 510407 2608 276 354 375 9228 685 305 127 72 1165 144 208 1032 85 126 579 215 174 1198 292 970 74 596 328 148 1065 355 92 325
leaf_count=27845 375653 1610 198 196 313 5548 459 157 87 60 839 72 144 614 71 70 381 199 140 704 160 654 56 346 190 80 613 225 52 203
internal_value=-0.00118064 6.23117e-05 0.0007532 0.00579602 0.00234255 0.000524869 -0.000295476 0.00130653 0.00563932 -0.0048995 0.000965645 0.00136577 -0.00102165 -0.00229978 -0.000868225 -0.00313568 -0.00257128 -0.00438628 0.00020888 -0.00210337 -0.000536913 -0.00569897 -0.00416667 -0.00693277 0.00173267 -0.0119382 0.00317935 9.67742e-05 -0.00385906 0.00896825
internal_weight=561453 533608 23201 1005 651 22196 10830 11366 829 199 10537 9372 8222 4033 3081 2049 1964 1385 4189 1664 1490 1259 1044 952 2525 356 1840 775 447 630
internal_count=417939 390094 14441 707 511 13734 6768 6966 507 147 6459 5620 5158 2615 2045 1431 1360 979 2543 1004 864 909 710 570 1539 224 1080 467 277 360
cat_boundaries=0 1
cat_threshold=21
is_linear=0
shrinkage=0.05


Tree=243
num_leaves=31
num_cat=2
split_feature=10 12 11 11 10 4 10 0 12 7 4 7 7 7 0 6 10 4 4 7 10 8 6 4 12 11 10 12 7 12
split_gain=6638.49 4.38398 10.8881 9.36986 8.27945 8.17812 7.99941 8.5951 13.1729 7.66242 7.281 6.6764 10.5299 6.71136 6.64216 10.1022 7.88264 6.85696 7.89496 8.54217 6.6094 10.7998 10.2426 14.211 7.82305 7.50326 7.41192 6.50163 6.76837 6.39692
threshold=1.0000000180025095e-35 36.932933146725496 36.500000000000007 30.500000000000004 15.917334135469892 4.5000000000000009 11.749554492686221 0 29.288342785449373 27.150000000000002 2.5000000000000004 30.850000000000005 31.850000000000005 36.650000000000013 1 2.0000000000000004 9.5677424971558978 2.5000000000000004 1.5000000000000002 32.95000000000001 28.317184603160598 1.5207142857142861 2.2500000000000004 3.5000000000000004 92.946694042868117 99.500000000000014 31.300034989276025 108.46276005306078 28.050000000000004 79.506182294132401
decision_type=2 2 2 2 2 2 2 1 2 2 2 2 2 2 1 2 2 2 2 2 2 2 2 2 2 2 2 2 2 2
left_child=-1 3 4 -2 14 20 7 8 9 -5 -9 -10 -13 -14 16 17 -3 18 -16 -20 29 22 24 26 -22 -26 -24 28 -27 -4
right_child=1 2 5 6 -6 -7 -8 10 11 -11 -12 12 13 -15 15 -17 -18 -19 19 -21 21 -23 23 -25 25 27 -28 -29 -30 -31
leaf_value=-1.4627523196407384e-06 3.309324427841487e-06 -0.0072435151678101441 -0.00090376141784167532 0.052546087379261086 -0.042126988891456121 0.0064721927464201469 0.038152685421820376 0.0044602493701843661 0.016346901139321867 0.033590521101924689 -0.0030971527263828238 -0.065718209189337531 -0.00044226411682704028 0.072476992934027248 -0.023061112283056184 0.040777354303272874 0.017733206259959469 -0.0094508184217070301 -0.088157321226959962 0.11084683058682857 0.033375244036681018 0.24770044266935851 -0.079486633945840532 0.21092885252417376 -0.043894865969266131 0.13650825070243117 0.079150178032469404 -0.0074496628564852509 0.027579995028107353 -0.011498077102065275
leaf_weight=27831 285212 5365 85996 371 2281 39532 5341 14661 3301 1423 11605 601 2452 232 2205 335 4220 8290 998 118 5472 415 143 396 2300 329 547 10451 1857 36173
leaf_count=27831 194650 4355 62648 179 2207 36804 3931 9591 2053 859 8183 489 1806 140 1737 241 3626 7424 856 80 4752 145 105 202 2212 231 425 9303 1563 28771
internal_value=-0.00119435 4.95661e-05 -0.000130048 0.00016413 -0.00113598 4.08472e-07 0.000880911 0.000603244 0.00199642 0.0057971 0.000157939 0.000964166 -0.000631659 0.000707899 -0.000832521 -0.00161843 0.000148515 -0.00186676 -0.00378651 -0.00721326 -0.000174383 0.000625285 0.00047104 0.00520258 0.000219266 -0.000373234 0.000869565 0.000104851 0.00258463 -0.000317797
internal_weight=560453 532622 207423 325199 23812 183611 39987 34646 8380 1794 26266 6586 3285 2684 21531 11946 9585 11611 3321 1116 144079 21910 21495 1086 20409 14937 690 12637 2186 122169
internal_count=417399 389568 167687 221881 20526 147161 27231 23300 5526 1038 17774 4488 2435 1946 18319 10338 7981 10097 2673 936 110357 18938 18793 732 18061 13309 530 11097 1794 91419
cat_boundaries=0 1 2
cat_threshold=2 9
is_linear=0
shrinkage=0.05


Tree=244
num_leaves=31
num_cat=1
split_feature=10 12 11 11 12 8 11 11 12 11 6 7 11 3 3 10 0 10 10 7 12 12 11 12 7 11 10 10 7 10
split_gain=6646.56 3.80033 4.73731 3.84856 4.37037 6.77674 4.88164 4.55239 6.57321 10.6042 8.63334 7.49477 10.3221 7.10638 7.22027 6.35682 6.03037 6.84652 7.25497 5.83706 5.49944 5.31821 6.69123 9.30882 7.51258 7.2721 8.4544 6.49648 6.17034 5.311
threshold=1.0000000180025095e-35 176.31613070539422 215.50000000000003 170.50000000000003 126.92518916280206 1.266648351648352 98.500000000000014 118.50000000000001 99.804933645079146 86.500000000000014 8.5500000000000025 32.150000000000013 73.500000000000014 42.500000000000007 48.500000000000007 11.897738504894724 0 18.213214273438592 16.960185598894586 33.45000000000001 92.946694042868117 79.506182294132401 66.500000000000014 53.300255939201882 33.150000000000013 50.500000000000007 14.429601974265035 22.390409850146685 29.950000000000003 4.8800130327970388
decision_type=2 2 2 2 2 2 2 2 2 2 2 2 2 2 2 2 1 2 2 2 2 2 2 2 2 2 2 2 2 2
left_child=-1 3 -3 4 7 6 -6 8 9 21 11 -10 -13 -11 -15 -9 17 18 -16 20 -17 22 23 25 -25 -2 -27 29 -23 -24
right_child=1 2 -4 -5 5 -7 -8 15 10 13 -12 12 -14 14 16 19 -18 -19 -20 -21 -22 28 27 24 -26 26 -28 -29 -30 -31
leaf_value=-1.3896147036587016e-06 2.9785589462622e-06 -0.038198643777474756 0.09692590202989565 0.026457950141688082 -0.036812196622425034 0.095235590818323779 -0.0085101892044762376 -0.034573760206513766 -0.023588399961517049 0.055334527602786926 0.1100434463093712 -0.05496521385613154 0.017465508179292356 -0.025366537958832328 0.0070358279321902639 -0.049166465525246068 0.0088894310543264684 0.073555117436582412 -0.15754903360759745 -0.056828921467671378 0.035356663127933528 -0.024572252733750324 -0.020799870724149759 -0.011310740269894827 0.0088737920211594996 0.0045650388463683187 0.046966988159632989 0.067177457832503951 -0.0012067581499776382 0.0063206819511399288
leaf_weight=27915 384777 2633 294 2816 1279 374 14873 530 10784 2074 109 555 4873 1049 1032 329 10145 2158 89 494 6680 5661 211 28784 5966 13336 3852 2139 9354 15587
leaf_count=27915 269255 2419 218 1966 1275 204 13391 370 9904 1524 55 553 4351 741 704 209 7991 1524 87 388 4730 5019 129 24246 5104 8904 2780 1699 8682 11163
internal_value=-0.00121729 2.86673e-05 -0.00176802 3.85915e-05 2.87425e-05 -0.000771512 -0.000925582 5.4645e-05 3.57687e-05 6.88997e-05 -0.000951228 -0.00104552 0.000469786 0.00131293 0.00092068 0.00123553 0.00123287 0.00309365 -6.69045e-05 0.00160936 0.0019796 2.5071e-05 5.5647e-05 1.6773e-05 -0.000768345 8.46467e-05 0.00109088 0.00100212 -0.000900766 0.000651981
internal_weight=560752 532837 2927 529910 527094 16526 16152 510568 502535 486214 16321 16212 5428 16547 14473 8033 13424 3279 1121 7503 7009 469667 454652 436715 34750 401965 17188 17937 15015 15798
internal_count=417500 389585 2637 386948 384982 14870 14666 370112 364415 349552 14863 14808 4904 12571 11047 5697 10306 2315 791 5327 4939 336981 323280 310289 29350 280939 11684 12991 13701 11292
cat_boundaries=0 1
cat_threshold=2
is_linear=0
shrinkage=0.05


Tree=245
num_leaves=31
num_cat=1
split_feature=10 0 7 8 11 12 3 4 10 10 10 12 11 11 7 7 10 10 7 7 4 4 3 12 11 3 4 12 10 4
split_gain=6619.63 3.27369 9.67336 8.93584 7.53407 12.0963 7.14918 7.74402 8.56019 11.1957 6.34896 8.95973 10.5496 8.0999 6.62296 6.78031 6.29226 6.01072 5.95972 5.86452 15.0503 13.7276 15.1191 7.11719 10.0154 8.51089 9.23628 6.73372 6.09483 5.77882
threshold=1.0000000180025095e-35 0 36.350000000000001 1.9196774193548392 86.500000000000014 83.486761273299592 52.500000000000007 3.5000000000000004 13.116159634241283 18.12492189873802 10.771206068415523 43.84459045886306 44.500000000000007 50.500000000000007 26.450000000000003 26.550000000000004 14.429601974265035 11.135892116182575 31.150000000000002 28.350000000000005 4.5000000000000009 5.5000000000000009 84.500000000000014 92.946694042868117 130.50000000000003 74.500000000000014 2.5000000000000004 64.333147109470318 15.473964207823633 2.5000000000000004
decision_type=2 1 2 2 2 2 2 2 2 2 2 2 2 2 2 2 2 2 2 2 2 2 2 2 2 2 2 2 2 2
left_child=-1 2 3 -2 5 10 -4 8 -8 -10 -3 12 -12 29 16 -16 17 -15 -7 20 27 22 -22 -21 28 -26 -27 -6 -25 -13
right_child=1 4 6 -5 19 18 7 -9 9 -11 11 13 -14 14 15 -17 -18 -19 -20 23 21 -23 -24 24 25 26 -28 -29 -30 -31
leaf_value=-1.3201339684757664e-06 -0.0020068769776519168 -7.9153425320832586e-07 -0.10002427720682956 0.37191804718258015 -0.053088213589910983 -0.039346630041645986 -0.12765524194682118 0.008861799972106699 0.18780216782917361 -0.094403988866165994 0.010589705367179826 -0.027442390781959161 0.050158392444710348 0.066133517712859344 0.066493789713007526 0.0075830924018541234 0.023469861025309593 -0.076403978550730403 -0.0037550197750518158 0.044324361160937631 0.20099445506627786 -0.086522228893278721 -0.10478077113689183 0.052941668496238527 0.10870900016067082 -0.05914144900578773 0.076320644019088404 -0.010740930153265361 -0.025594148877418378 -0.0012426198607257356
leaf_weight=27788 96833 340834 360 204 123 2778 168 723 92 496 22704 6022 3189 86 486 29000 348 362 1651 4427 336 83 72 524 524 387 507 3810 3010 12703
leaf_count=27788 81697 231984 338 68 77 2568 160 671 68 452 18016 4882 2059 56 286 22320 274 296 1551 3089 222 83 64 364 298 347 377 2710 2668 11505
internal_value=-0.00120864 3.20921e-05 -0.000227535 -0.000159475 9.12493e-05 5.34911e-05 -0.00382001 -0.00228195 -0.00582011 -0.00297619 8.11817e-05 0.000497997 0.00125034 0.000100496 0.000605971 0.000727464 -0.00389447 -0.0078125 -0.00254572 0.00124067 -0.000259946 0.00799389 0.0117647 0.0019485 0.000646204 0.00419605 0.00123043 -0.00129036 -0.000778155 -0.000716956
internal_weight=560630 532842 98876 97037 433966 420163 1839 1479 756 588 415734 74900 25893 49007 30282 29486 796 448 4429 13803 4424 491 408 9379 4952 1418 894 3933 3534 18725
internal_count=417338 389550 83454 81765 306096 295797 1689 1351 680 520 291678 59694 20075 39619 23232 22606 626 352 4119 10299 3156 369 286 7143 4054 1022 724 2787 3032 16387
cat_boundaries=0 1
cat_threshold=4
is_linear=0
shrinkage=0.05


Tree=246
num_leaves=31
num_cat=1
split_feature=10 11 2 12 1 4 12 11 11 12 6 4 11 4 11 10 6 6 7 6 7 6 12 6 11 11 6 6 3 3
split_gain=6618.74 3.72333 6.64008 4.79545 4.31814 3.67725 4.58317 3.51866 3.21777 3.31646 6.35331 4.0275 5.99835 4.79535 4.5432 3.53352 9.44676 13.5712 9.882 8.83382 6.21003 6.17776 5.78722 15.7425 5.62503 5.57658 5.35379 5.82513 5.90877 5.9141
threshold=1.0000000180025095e-35 213.00000000000003 0 176.31613070539422 1.0000000180025095e-35 1.5000000000000002 176.31613070539422 164.50000000000003 170.50000000000003 145.1325398666697 0.35000000000000003 4.5000000000000009 119.50000000000001 1.0000000180025095e-35 150.50000000000003 23.313240005300027 2.2500000000000004 3.3000000000000003 28.550000000000004 4.6500000000000012 26.450000000000003 4.2500000000000009 85.071187741763552 0.35000000000000003 91.500000000000014 96.500000000000014 4.6500000000000012 1.0500000000000003 88.500000000000014 52.500000000000007
decision_type=2 2 1 2 2 2 2 2 2 2 2 2 2 2 2 2 2 2 2 2 2 2 2 2 2 2 2 2 2 2
left_child=-1 3 5 8 -5 -3 -7 -6 9 15 11 13 -13 -11 -15 22 20 18 -18 21 -17 -19 24 -24 -2 -21 27 28 29 -25
right_child=1 2 -4 4 7 6 -8 -9 -10 10 -12 12 -14 14 -16 16 17 19 -20 25 -22 -23 23 26 -26 -27 -28 -29 -30 -31
leaf_value=-1.2541272700519782e-06 -1.4165917711639331e-06 0.16348547362974239 -0.15726507284850832 -0.060548766902853407 -0.04233298693423207 0.16183939457825147 -0.026353312961724031 0.027143658135045712 0.024040224679642376 0.025554462889011111 -0.07082030707996792 -0.019837572819381678 0.051757790880142367 -0.049653666030837408 -0.0042080523599194565 -0.046142431156474296 0.19310667232283515 -0.022107150454157322 -0.065245427802633857 -0.06941516305700289 0.0052929499461641313 -0.18030557906819666 -0.0028514717796413792 -0.079182721987272678 0.018551165904969615 0.0729537458886 0.043785417936418845 -0.069190087315642052 -0.076994111925450207 0.003916275020157167
leaf_weight=27889 452810 149 99 1263 549 128 209 776 2519 1009 895 976 1381 2098 1494 958 684 236 112 277 40260 120 16412 719 3222 520 301 1138 137 1127
leaf_count=27889 321530 89 69 1187 531 68 165 656 1791 867 801 970 1307 1992 1302 898 368 190 80 219 35770 120 13764 607 2112 310 167 878 101 779
internal_value=-0.00125578 -1.23926e-05 0.00397436 -1.67765e-05 -0.00216383 0.0063786 0.00348665 -0.000169811 -6.28064e-06 -1.4804e-05 -0.00103464 -0.000524576 0.00115613 -0.00138557 -0.00224109 6.26164e-07 0.00043378 0.0038353 0.00885678 0.000368604 0.000272939 -0.00617978 -3.86663e-05 -0.000874761 -2.30247e-06 0.0032936 -0.00395967 -0.00457385 -0.00293747 -0.00219393
internal_weight=560467 532578 585 531993 2588 486 337 1325 529405 526886 7853 6958 2357 4601 3592 519033 43167 1949 796 1153 41218 356 475866 19834 456032 797 3422 3121 1983 1846
internal_count=417577 389688 391 389297 2374 322 233 1187 386923 385132 7239 6438 2277 4161 3294 377893 37955 1287 448 839 36668 310 339938 16296 323642 529 2532 2365 1487 1386
cat_boundaries=0 1
cat_threshold=2
is_linear=0
shrinkage=0.05


Tree=247
num_leaves=31
num_cat=6
split_feature=10 4 0 6 7 11 2 10 6 2 7 7 4 0 7 0 4 10 4 10 7 8 10 10 1 0 4 10 10 10
split_gain=6612.99 3.61834 11.2083 32.8731 12.0944 10.7816 10.5254 9.16305 14.9148 11.1865 9.9099 7.82754 14.8714 17.1816 10.7853 14.3735 21.433 22.795 20.3674 13.2732 10.6675 10.7315 9.72495 9.08285 9.2375 8.97548 17.7699 12.743 15.1787 9.96791
threshold=1.0000000180025095e-35 1.5000000000000002 0 1.0000000180025095e-35 28.050000000000004 90.500000000000014 1 9.7518956884876768 1.0500000000000003 2 33.550000000000004 33.150000000000013 3.5000000000000004 3 33.350000000000001 4 2.5000000000000004 5.4329401144986091 2.5000000000000004 7.9730934831758242 32.850000000000001 1.8060776942355894 8.648099992960006 8.8657064708310411 1.0000000180025095e-35 5 2.5000000000000004 0.43519700344886553 0.95850667735212247 7.9730934831758242
decision_type=2 2 1 2 2 2 1 2 2 1 2 2 2 1 2 1 2 2 2 2 2 2 2 2 2 1 2 2 2 2
left_child=-1 2 3 -2 5 -4 -7 9 10 -5 -9 20 13 22 -15 16 19 -18 -17 -16 25 -22 -13 -24 -25 26 27 -3 -29 -27
right_child=1 11 4 7 -6 6 -8 8 -10 -11 -12 12 -14 14 15 18 17 -19 -20 -21 21 -23 23 24 -26 29 -28 28 -30 -31
leaf_value=-1.1914209065493792e-06 -0.026278363930584095 0.00068014802576045203 -1.1684760882690882e-05 -0.020291973650518092 0.00016676280303321578 -0.0020719170698889401 -0.055230994640990974 0.051990303610860523 -0.026385882583701205 0.0018014386130242865 -0.070937925619985978 0.0021482751927787962 -7.2253688121359795e-06 0.011862338488383296 -0.00082423467307535616 0.022869248092289674 7.6224934231465077e-06 0.061742538105891059 -0.081692367949918063 -0.16261915283095563 -0.0040633569626360886 -0.046868378550275751 0.13514826575543903 0.065995336865424414 0.0333542684361837 -0.011870087745304026 9.3238418100494158e-05 -2.7133520461863903e-05 -0.00094674830836654071 -0.0035967959362857016
leaf_weight=27778 16362 393 23772 2107 96008 1679 1892 5977 1783 5153 364 2202 47281 2207 3072 1326 3418 1174 1429 125 10484 150 156 2586 2153 13607 154996 3247 44486 82106
leaf_count=27778 12694 219 15370 1447 66054 1273 1404 4041 1275 3181 314 1432 37925 1399 2020 1060 1906 648 1277 117 8222 64 82 1662 1497 10239 110906 1875 30010 69360
internal_value=-0.00121735 2.51554e-05 0.000228405 -0.000609334 0.000444022 -0.00048367 -0.00304537 0.00104979 0.00220335 -0.000241047 0.00333938 -5.85505e-05 0.000430887 0.0015795 0.000479978 -0.000184939 0.000913579 0.00310322 -0.0032821 -0.00222865 -0.000164718 -0.0017209 0.00354932 0.00479571 0.00440494 -0.000109341 7.87665e-05 -0.000760504 -0.000834328 -0.000508498
internal_weight=559473 531695 155097 31746 123351 27343 3571 15384 8124 7260 6341 376598 67129 19848 12751 10544 7789 4592 2755 3197 309469 10634 7097 4895 4739 298835 203122 48126 47733 95713
internal_count=416751 388973 107053 22952 84101 18047 2677 10258 5630 4628 4355 281920 51025 13100 8427 7028 4691 2554 2337 2137 230895 8286 4673 3241 3159 222609 143010 32104 31885 79599
cat_boundaries=0 1 2 3 4 5 6
cat_threshold=2 2 2 10 17 19
is_linear=0
shrinkage=0.05


Tree=248
num_leaves=31
num_cat=0
split_feature=10 11 3 3 7 12 11 10 11 8 3 3 10 4 7 10 10 4 4 6 3 3 5 10 7 10 7 7 3 10
split_gain=6585.54 5.94962 9.44785 9.85436 6.43305 5.84258 18.9367 8.95717 11.4037 7.42388 8.23181 6.6233 9.45354 8.29964 11.5539 7.52108 8.61424 15.3465 11.4833 10.0859 9.81819 8.96136 7.05633 8.63581 10.333 7.43366 8.73342 8.14861 10.1363 9.69756
threshold=1.0000000180025095e-35 5.5000000000000009 81.500000000000014 75.500000000000014 32.550000000000004 20.306982767699733 17.500000000000004 6.637514249058321 18.500000000000004 1.9196774193548392 70.500000000000014 85.500000000000014 0.53869740972179747 1.0000000180025095e-35 29.950000000000003 1.368997220645094 1.5862281902591664 4.5000000000000009 2.5000000000000004 4.0000000000000009 50.500000000000007 52.500000000000007 1.0000000180025095e-35 5.4329401144986091 31.850000000000005 4.7747337649968919 37.150000000000013 35.900000000000006 72.500000000000014 1.7302951845011556
decision_type=2 2 2 2 2 2 2 2 2 2 2 2 2 2 2 2 2 2 2 2 2 2 2 2 2 2 2 2 2 2
left_child=-1 2 3 -2 -5 7 -7 11 -9 -8 -11 12 -3 14 -13 -14 17 18 19 -17 -19 -20 25 24 -24 27 -27 -18 29 -29
right_child=1 5 -4 4 -6 6 9 8 -10 10 -12 13 15 -15 -16 16 22 20 21 -21 -22 -23 23 -25 -26 26 -28 28 -30 -31
leaf_value=-1.1318498612219102e-06 -8.9244583935961977e-06 -3.1324377435737463e-05 6.5180521143617026e-05 -8.4999984931029751e-05 -0.0043103056469517348 -0.016290976761445732 -6.7994725314068924e-05 0.0074599647755563938 0.04083776109056219 0.0022188253313137453 0.25135947226336341 0.0014053628926389266 6.5420500704127527e-05 7.1185580440524818e-05 -0.00065321023285179751 -1.2916035253078088e-05 0.0003708850768354255 0.0022789656822539309 -0.00075201696156512732 -0.00082344309780026939 -0.012243453183073516 -0.00017835037863311864 -0.022366842110746712 0.041470194918357267 0.030325585810727931 -0.0073300149710095576 0.035124221093250425 0.028865451697897521 0.086106143958279382 -0.0054641165373037507
leaf_weight=27735 47068 369 5114 2593 129 12030 309570 12764 3268 261 177 1337 1494 10159 577 2964 95653 508 1035 166 825 1164 1703 205 391 16218 179 218 115 3809
leaf_count=27735 30034 221 3200 1553 79 10058 241204 9800 2242 87 59 749 838 6585 381 1752 62065 298 591 90 593 660 1465 179 291 11668 89 122 49 2571
internal_value=-0.00124706 -8.88053e-06 -0.000501785 -0.00071199 -0.00363703 4.78352e-05 -7.35938e-05 0.000299927 0.00141904 1.93543e-06 0.00650685 0.000170934 6.45588e-05 0.00129007 0.00431034 8.78426e-05 4.5744e-05 -0.00170369 -0.00290392 -0.000958466 0.00309452 -0.00567303 0.000144104 -0.00259896 -0.00355778 0.000198379 -0.000788254 0.000360489 -0.00181072 -0.00222871
internal_weight=559798 532063 54904 49790 2722 477159 322038 155121 16032 310008 438 139089 127016 12073 1914 126647 125153 6662 5329 3130 1333 2199 118491 2299 2094 116192 16397 99795 4142 4027
internal_count=417308 389573 34866 31666 1632 354707 251408 103299 12042 241350 146 91257 83542 7715 1130 83321 82483 3984 3093 1842 891 1251 78499 1935 1756 76564 11757 64807 2742 2693
is_linear=0
shrinkage=0.05


Tree=249
num_leaves=31
num_cat=3
split_feature=10 12 7 4 7 7 10 3 4 7 3 3 4 6 7 7 3 10 7 10 10 2 10 10 0 4 3 3 7 0
split_gain=6638.1 4.65497 6.20322 6.38656 5.12299 4.06203 5.59329 5.2472 7.70871 4.86599 4.47805 3.70121 3.58965 3.55227 3.54252 3.48903 3.89488 3.66548 3.6547 4.08365 5.65054 4.56683 4.26242 4.18144 3.50316 3.32652 3.12922 3.10177 8.09867 13.3001
threshold=1.0000000180025095e-35 1.9868533539064621 26.750000000000004 3.5000000000000004 26.150000000000002 29.650000000000002 0.76340990904344486 37.500000000000007 1.5000000000000002 28.050000000000004 34.500000000000007 30.500000000000004 1.5000000000000002 1.0000000180025095e-35 27.150000000000002 25.050000000000004 33.500000000000007 22.973295426278984 24.150000000000002 4.375108640402714 2.6010954254582912 0 14.588047216575236 10.771206068415523 1 1.5000000000000002 26.500000000000004 33.500000000000007 25.650000000000002 2
decision_type=2 2 2 2 2 2 2 2 2 2 2 2 2 2 2 2 2 2 2 2 2 1 2 2 1 2 2 2 2 1
left_child=-1 2 4 5 25 6 7 8 9 -4 -8 14 -9 -11 -5 16 17 18 24 20 -20 -21 23 -23 -3 -2 -27 28 29 -17
right_child=1 15 3 11 -6 -7 10 12 -10 13 -12 -13 -14 -15 -16 27 -18 -19 19 21 -22 22 -24 -25 -26 26 -28 -29 -30 -31
leaf_value=-1.0752573681608148e-06 9.6743366032884617e-05 0.059348356195165763 0.00010838724685536261 -0.019710173381597518 0.00015438418114690491 -1.049957063249396e-05 -0.0011954422674433345 -0.028168122230883531 -0.00027604344476444924 -0.00013384672222962839 0.046387470691673954 -4.4911688382698328e-05 1.3905094723344153e-05 -0.00026466679845901602 0.00051060989902788998 0.05068380567192992 -0.034691220775469669 -0.15283982434604726 -0.015778888071247988 0.014586609791632954 0.016901125021723831 -0.044979750569958427 0.014143689035316332 -0.21082124513003056 -0.004194598927212456 0.0015233240660533999 -0.015847399533864315 -6.8462861043228081e-06 0.00067581705007773167 -0.0037522643396078249
leaf_weight=28013 110 134 157 113 572 769 615 142 341 169 82 1256 127 116 531 713 177 106 119 109 174 223 99 65 148 116 365 479536 44407 811
leaf_count=28013 58 96 87 83 310 441 377 94 189 83 48 794 77 66 327 401 177 106 87 83 104 195 93 65 128 66 261 351222 33017 619
internal_value=-0.0012766 -2.8362e-05 -0.00146479 -0.00232005 0.00178418 -0.00397141 -0.00530303 -0.00760456 -0.00967433 -0.00531674 -0.00182927 -0.000131579 -0.00157993 -0.00921053 0.00295031 -1.31449e-05 -0.00254801 -0.00150807 -0.000630252 -0.00237643 0.00230375 -0.00514113 -0.00768734 -0.0107639 0.00425532 -0.00148054 -0.00327443 -6.61317e-06 0.000385905 0.00396982
internal_weight=560415 532402 5581 4418 1163 2518 1749 1052 783 442 697 1900 269 285 644 526821 1354 1177 1071 789 293 496 387 288 282 591 481 525467 45931 1524
internal_count=417767 389754 3361 2666 695 1462 1021 596 425 236 425 1204 171 149 410 386393 1134 957 851 627 191 436 353 260 224 385 327 385259 34037 1020
cat_boundaries=0 1 2 3
cat_threshold=4 9 18
is_linear=0
shrinkage=0.05


Tree=250
num_leaves=31
num_cat=7
split_feature=10 3 7 7 10 6 3 3 10 4 4 6 0 7 7 0 11 6 0 4 0 10 0 3 0 7 4 10 10 0
split_gain=6612.17 3.59197 6.52167 7.93099 11.5717 9.43255 8.92723 9.43256 10.9165 8.74534 17.6616 18.7047 16.5269 16.2833 10.7632 9.87614 9.88993 8.54808 8.54611 7.47976 26.3596 15.3302 8.68733 8.53796 7.8721 7.11904 7.08155 9.87687 8.45073 6.81518
threshold=1.0000000180025095e-35 64.500000000000014 29.450000000000003 30.650000000000002 2.0183626939843733 1.0500000000000003 78.500000000000014 80.500000000000014 11.749554492686221 1.0000000180025095e-35 1.5000000000000002 1.0000000180025095e-35 0 31.550000000000004 32.050000000000004 1 60.500000000000007 0.35000000000000003 2 4.5000000000000009 3 2.8067442809617451 4 77.500000000000014 5 30.550000000000004 2.5000000000000004 6.18020291432408 7.3202981793096686 6
decision_type=2 2 2 2 2 2 2 2 2 2 2 2 1 2 2 1 2 2 1 2 1 2 1 2 1 2 2 2 2 1
left_child=-1 -2 -3 4 -4 6 19 -8 26 17 11 -11 -13 -14 15 -15 -17 18 -5 23 -21 -22 -23 -6 -25 -24 27 -9 -29 -28
right_child=1 2 3 9 5 -7 7 8 -10 10 -12 12 13 14 -16 16 -18 -19 -20 20 21 22 25 24 -26 -27 29 28 -30 -31
leaf_value=-1.021494499752774e-06 -1.1128440374813532e-05 -5.2424613364961596e-05 -4.5265114481041205e-05 3.6680328056148961e-06 0.012139563052338868 -0.046552018826470178 -0.013441516725741743 0.0028723874567829323 -0.020150617306907748 -0.0044594491221737979 6.292040949342215e-05 -0.00036438201698643093 0.14882299442218458 0.043852646031528102 0.052093349849583831 -0.12508143333434615 0.053930159403833236 -0.074589278334391024 -0.030191647194939941 0.047331210194257102 -0.059568997446182603 0.0041311746823860405 -0.052453885237955536 0.027958710667552379 0.017044937690307994 0.071855978298651382 0.017702000894870198 -0.075815362468386965 -0.027533040422940847 0.0028046474512165133
leaf_weight=27823 313869 101855 4731 9251 13721 386 3161 1829 2764 1212 57684 819 602 399 1209 366 393 392 4401 1063 73 1457 1191 914 511 98 4710 245 626 2518
leaf_count=27823 228851 72163 3041 6451 9821 342 2557 1119 2454 892 45310 513 286 229 725 298 311 336 3539 749 73 1281 1147 540 409 98 3394 217 490 1910
internal_value=-0.00123819 3.4745e-06 0.000159094 0.000414218 0.000985049 0.00129654 0.00138256 0.000506213 0.00111488 0.000116646 0.000369313 0.00322 0.00494984 0.0066717 0.00482678 0.00138169 -0.00198309 -0.00101111 -0.00080208 0.00211268 0.00015456 -0.00237717 -0.00178441 0.00261455 0.00629825 -0.00475366 0.0018886 -0.000296296 -0.00467853 0.00270476
internal_weight=560273 532450 218581 116726 39998 35267 34881 15853 12692 76728 62684 5000 3788 2969 2367 1158 759 14044 13652 19028 3882 2819 2746 15146 1425 1289 9928 2700 871 7228
internal_count=417369 389546 160695 88532 29642 26601 26259 12141 9584 58890 48564 3254 2362 1849 1563 838 609 10326 9990 14118 3348 2599 2526 10770 949 1245 7130 1826 707 5304
cat_boundaries=0 1 2 3 4 5 6 7
cat_threshold=16 1 21 1 20 25 7
is_linear=0
shrinkage=0.05


Tree=251
num_leaves=31
num_cat=1
split_feature=10 7 7 12 10 4 2 11 10 10 8 10 6 10 4 3 7 4 11 7 4 3 10 7 7 6 6 3 10 10
split_gain=6620.08 2.85891 12.4258 8.21984 15.406 12.0728 8.46289 7.68012 6.64076 11.3832 11.6222 9.15961 8.96004 11.6912 9.33122 9.98074 8.77563 8.18832 11.2665 7.81899 7.70745 7.6735 7.47765 7.30363 7.56368 7.16586 7.79776 13.3508 12.0606 12.9495
threshold=1.0000000180025095e-35 32.650000000000013 32.750000000000007 25.103182446059446 9.223401354242057 2.5000000000000004 0 13.500000000000002 10.771206068415523 2.1949063639070778 1.8060776942355894 2.0850013981335267 0.15000000000000005 1.4227507702095894 4.5000000000000009 50.500000000000007 33.650000000000013 5.5000000000000009 12.500000000000002 36.45000000000001 5.5000000000000009 56.500000000000007 24.172519623648814 33.150000000000013 34.850000000000001 0.35000000000000003 1.0000000180025095e-35 69.500000000000014 2.9561289692310813 2.4216135534370511
decision_type=2 2 2 2 2 2 1 2 2 2 2 2 2 2 2 2 2 2 2 2 2 2 2 2 2 2 2 2 2 2
left_child=-1 -2 3 6 -5 -6 7 -3 9 11 17 12 14 -14 -4 -16 -15 25 -19 20 -13 -22 -10 -17 -25 26 -11 28 29 -28
right_child=1 2 8 4 5 -7 -8 -9 22 10 -12 19 13 16 15 23 -18 18 -20 -21 21 -23 -24 24 -26 -27 27 -29 -30 -31
leaf_value=-9.7041977476513524e-07 -6.7751042470476367e-06 0.0050567021395398482 1.1329114923963601e-07 -0.062953586190753003 0.085509481429666898 0.0095446761788403403 0.0010877669803195601 0.078601399772085259 0.014179324286800302 -0.0017229640072262244 -0.043894327088808804 0.00046439658523161529 8.87659124335194e-05 -0.016929350681848577 0.00024863060435955465 -0.044765183401216074 -0.0007413270650126351 -0.0092177696798594784 -0.0028449070212830385 -0.028717520824688033 0.015807148064213166 -0.048251918603925761 -0.0064876577943127961 0.00052028544236422858 -0.01163038178759589 -0.081567149525243132 -0.049044418053172369 -0.041735701846673745 0.0023839439451142901 0.0046188249584336689
leaf_weight=27829 420160 122 7372 303 276 1233 1282 327 23975 36142 186 1538 835 476 1250 205 420 4360 6963 136 256 104 9275 1867 826 198 187 213 9728 2153
leaf_count=27829 305466 86 4364 255 160 1021 832 163 19987 25352 78 840 477 346 714 165 256 3704 6227 90 170 90 8419 1223 592 164 139 171 6694 1243
internal_value=-0.00122676 1.59664e-05 0.000240179 0.00315411 0.000800221 0.00286614 0.00561814 0.0115256 0.000145171 -0.000114367 -0.000424081 0.00110402 0.000624481 -0.00272964 0.00112847 0.00302555 -0.00669643 -0.00038536 -0.00159631 0.00422812 0.00505796 -0.00152778 0.000733835 0.00141477 0.00210732 -0.00010335 -6.45354e-05 0.00102394 0.00124296 0.00446581
internal_weight=560197 532368 112208 3543 1812 1509 1731 449 108665 75415 60130 15285 13251 1731 11520 4148 896 59944 11323 2034 1898 360 33250 2898 2693 48621 48423 12281 12068 2340
internal_count=417317 389488 84022 2517 1436 1181 1081 249 81505 53099 43772 9327 8137 1079 7058 2694 602 43694 9931 1190 1100 260 28406 1980 1815 33763 33599 8247 8076 1382
cat_boundaries=0 1
cat_threshold=1
is_linear=0
shrinkage=0.05


Tree=252
num_leaves=31
num_cat=0
split_feature=12 11 7 7 5 3 3 7 12 6 3 11 3 7 12 3 7 3 7 12 7 7 4 12 7 7 3 7 7 6
split_gain=6645.74 3.69236 6.7857 9.57227 7.02282 5.83923 5.7331 5.66656 8.63805 7.82036 7.34983 5.9141 5.52844 6.40439 5.12794 16.3988 7.45783 4.91857 6.05753 8.16307 11.9605 6.48278 5.51866 7.41053 6.08169 9.35146 5.9538 5.6828 9.04484 4.86184
threshold=1.0000000180025095e-35 5.5000000000000009 32.650000000000013 32.050000000000004 1.0000000180025095e-35 47.500000000000007 84.500000000000014 31.650000000000002 2.4137623969370092 0.25000000000000006 55.500000000000007 1.5000000000000002 67.500000000000014 32.550000000000004 2.2363309441816805 65.500000000000014 32.150000000000013 50.500000000000007 35.900000000000006 2.5967959110769154 33.850000000000001 33.550000000000004 5.5000000000000009 7.6783034443138449 34.850000000000001 33.350000000000001 52.500000000000007 36.800000000000004 37.050000000000004 9.5500000000000025
decision_type=2 2 2 2 2 2 2 2 2 2 2 2 2 2 2 2 2 2 2 2 2 2 2 2 2 2 2 2 2 2
left_child=-1 2 3 7 12 -4 17 29 10 -10 11 -9 14 -14 15 16 -5 18 19 20 21 -7 27 24 25 -24 -25 -19 -29 -2
right_child=1 -3 5 4 -6 6 -8 8 9 -11 -12 -13 13 -15 -16 -17 -18 22 -20 -21 -22 -23 23 26 -26 -27 -28 28 -30 -31
leaf_value=-9.2189878602687853e-07 -1.1428978136979185e-05 7.5694537052592445e-05 2.9582261902622032e-05 -0.04771334733126862 -0.026057049811984978 -9.9912659068734932e-05 0.00010067990513026131 1.2906648233238874e-05 9.5082053079642578e-05 -0.016717676164471337 0.00062522063699563257 -2.9194783561847793e-05 -0.00070312024922050134 -0.045982038635947117 -0.00012779703223819716 1.5664761823896977e-05 -1.6457978827455479e-05 8.0532506229443382e-05 6.7049971278487774e-06 -7.3646804872836341e-06 -2.7073417826695148e-05 2.4066805560144885e-06 -0.0089634789672758952 0.046133687276380259 -0.039874490727971217 0.0002729866750631869 -0.03031519677914829 -9.9872803248775744e-05 1.1268475662166525e-06 0.00026707240427323867
leaf_weight=27902 37351 477695 1822 120 216 133 157 167 1464 183 474 220 384 123 2041 125 723 5042 156 422 141 128 420 94 255 921 606 142 340 234
leaf_count=27902 23819 354815 1036 90 170 75 85 87 930 125 238 122 250 95 1353 57 413 3110 86 284 89 60 294 64 203 599 540 78 182 118
internal_value=-0.00121354 3.3299e-05 -0.000356201 -0.00063263 -0.00305466 0.000767696 0.000242827 -0.000407178 0.00189394 -0.000227687 0.00595238 0.000839793 -0.00251706 -0.00734714 -0.00170322 -0.00470041 -0.00720641 7.38636e-05 -0.00326531 -0.00497573 -0.0100746 -0.00373563 0.000492327 -0.00156794 0.000313283 0.00165921 -0.00585714 0.00134866 -0.00383817 -0.000560729
internal_weight=560201 532299 54604 43825 3732 10779 8957 40093 2508 1647 861 387 3516 507 3009 968 843 8800 980 824 402 261 7820 2296 1596 1341 700 5524 482 37585
internal_count=417369 389467 34652 27867 2428 6785 5749 25439 1502 1055 447 209 2258 345 1913 560 503 5664 594 508 224 135 5070 1700 1096 893 604 3370 260 23937
is_linear=0
shrinkage=0.05


Tree=253
num_leaves=31
num_cat=6
split_feature=12 3 7 11 6 6 3 7 0 3 4 0 6 7 0 12 6 0 7 3 0 7 4 6 8 3 4 7 8 0
split_gain=6627.41 3.73087 5.54903 8.72793 10.1744 14.2089 18.3864 19.5797 21.6039 11.6796 17.9397 9.838 9.80491 9.67253 9.70045 8.45909 7.1201 6.96527 9.72076 9.82319 6.6086 15.2295 8.27484 24.285 8.16744 10.1303 8.15469 8.1761 8.61808 8.35461
threshold=1.0000000180025095e-35 63.500000000000007 29.450000000000003 14.500000000000002 1.0500000000000003 0.15000000000000005 71.500000000000014 30.050000000000004 0 67.500000000000014 1.5000000000000002 1 0.25000000000000006 32.050000000000004 2 16.274635465187359 1.0000000180025095e-35 3 31.750000000000004 65.500000000000014 4 29.550000000000004 1.0000000180025095e-35 1.0000000180025095e-35 1.3587841945288757 79.500000000000014 4.5000000000000009 30.250000000000004 1.5089598997493738 5
decision_type=2 2 2 2 2 2 2 2 1 2 2 1 2 2 1 2 2 1 2 2 1 2 2 2 2 2 2 2 2 1
left_child=-1 -2 -3 16 5 20 9 8 -8 12 15 -9 13 17 -15 -11 -4 -7 19 -19 21 -5 23 24 -22 -26 -23 29 -29 -28
right_child=1 2 3 4 -6 6 7 11 -10 10 -12 -13 -14 14 -16 -17 -18 18 -20 -21 22 26 -24 -25 25 -27 27 28 -30 -31
leaf_value=-8.7580384672553446e-07 -6.8011947852220093e-06 -2.8203526040071482e-05 1.275432794730913e-05 0.031643569708167264 -0.034435274367153393 0.02256325529335923 0.084813641814454943 0.011482975805150009 -0.057175527343984726 -0.013443302899422794 0.034016098474767498 -0.056045887908030959 0.034695465418669809 -0.06466667646670636 0.067480465020995029 0.11441513519239557 -0.0011261876145633788 0.018941333269450637 -0.17305865114060195 -0.12292303394771582 -0.035469006759808533 0.0011845508339605774 0.0029477923329579883 0.21658807224129026 0.26308375101325299 -0.05109513330075327 0.042478559256082904 0.0077537509820825969 0.093958694859978084 0.010603441050607065
leaf_weight=27816 304918 103450 24173 840 1482 511 827 528 442 93 2761 1176 1929 160 639 919 8009 314 162 263 5748 27061 32644 238 288 157 958 9446 171 1122
leaf_count=27816 222154 73276 16309 520 1276 367 499 408 384 57 2101 1092 1479 136 413 497 5647 230 160 235 4956 18989 27420 150 98 73 674 8120 71 954
internal_value=-0.00120882 3.64583e-05 0.000190167 0.00041707 0.000667646 0.000735763 0.00244312 -0.000899765 0.00380221 0.00372533 0.00571826 -0.00440141 0.00183509 -0.00057345 0.0037234 0.011413 -0.000290535 -0.00332 -0.00637517 -0.00342288 0.000503032 0.00095814 4.15761e-05 -0.00159773 -0.00220006 0.00432584 0.000814025 0.00191716 0.00130238 0.00475962
internal_weight=559245 531429 226511 123061 90879 89397 10724 2973 1269 7751 3773 1704 3978 2049 799 1012 32182 1250 739 577 78673 39598 39075 6431 6193 445 38758 11697 9617 2080
internal_count=416561 388745 166591 93315 71359 70083 8058 2383 883 5675 2655 1500 3020 1541 549 554 21956 992 625 465 62025 29328 32697 5277 5127 171 28808 9819 8191 1628
cat_boundaries=0 1 2 3 4 5 6
cat_threshold=26 17 2 9 25 1
is_linear=0
shrinkage=0.05


Tree=254
num_leaves=31
num_cat=2
split_feature=10 3 7 10 3 3 7 11 12 7 2 4 10 6 12 8 10 10 3 4 11 3 7 7 11 4 10 3 2 4
split_gain=6607.97 3.26225 4.84823 7.18041 21.5518 7.89495 12.0245 7.87455 9.94312 9.4396 7.62282 7.68829 10.2277 8.26219 8.57638 8.53918 7.58246 6.88283 10.143 17.6381 13.7904 8.12887 7.88255 12.3456 11.2449 8.01979 10.4604 7.31173 8.06819 7.05755
threshold=1.0000000180025095e-35 63.500000000000007 29.450000000000003 1.6636761477057405 79.500000000000014 87.500000000000014 25.950000000000003 68.500000000000014 60.96935594348912 27.250000000000004 0 3.5000000000000004 22.390409850146685 4.2500000000000009 76.257948015707015 1.5207142857142861 12.093112057252343 4.7747337649968919 85.500000000000014 1.0000000180025095e-35 19.500000000000004 65.500000000000014 26.950000000000003 26.750000000000004 25.500000000000004 5.5000000000000009 2.6956619195562888 84.500000000000014 1 4.5000000000000009
decision_type=2 2 2 2 2 2 2 2 2 2 1 2 2 2 2 2 2 2 2 2 2 2 2 2 2 2 2 2 1 2
left_child=-1 -2 3 4 -3 6 -5 8 17 16 -9 13 -13 14 -12 -16 -10 18 21 -20 -21 -8 23 24 -23 29 -27 -19 -29 -24
right_child=1 2 -4 5 -6 -7 7 10 9 -11 11 12 -14 -15 15 -17 -18 27 19 20 -22 22 25 -25 -26 26 -28 28 -30 -31
leaf_value=-8.3201365438925782e-07 -5.8586890193816167e-06 -0.000110372617644607 0.00021446724622960491 0.022438976629493693 6.900743823730163e-05 -0.0079119111358076921 0.004299420047192748 0.050807302290208557 -0.060553584007399325 -0.053773648844588087 0.030803949466036862 -0.0057281528706328196 0.071712644700858877 -0.14199108536208502 -0.011577123300896552 0.2426008252564632 0.049935545713838986 -0.0043567563671256691 0.0074477750085382606 -0.045184155791737284 0.0042034307987430797 0.0022372468089147945 -0.00086201786867616819 0.018977717977693292 -0.055682502149372787 0.084893894164473849 -0.0032550095022646722 0.013517701036124841 -0.034304687904039802 -0.034261183824363432
leaf_weight=27728 305623 1991 123656 1152 10923 13474 985 1483 154 1956 2106 1734 2426 91 11510 255 437 27797 666 1013 2155 1508 13270 866 163 280 415 888 2458 1399
leaf_count=27728 222627 1161 93770 624 6675 9404 583 1059 144 1762 1384 1450 2110 91 9336 87 405 20531 350 741 1331 948 8518 498 127 158 343 608 1850 1023
internal_value=-0.00120263 3.57522e-05 0.000179239 -7.31495e-05 0.00102989 -0.000230304 -3.5313e-05 -0.000112149 -0.000412161 -0.00346486 0.000751084 0.000469043 0.00235577 -9.31099e-05 5.40696e-06 -0.000520612 0.00207276 -0.000267809 0.000393926 0.00273865 0.00118371 -8.20714e-05 -0.000325401 0.0022566 -0.000254339 -0.000751757 0.0044964 -0.00075057 -0.00295876 -0.00100041
internal_weight=560562 532834 227211 103555 12914 90641 77167 76015 56410 2547 19605 18122 4160 13962 13871 11765 591 53863 22720 3834 3168 18886 17901 2537 1671 15364 695 31143 3346 14669
internal_count=417426 389698 167071 73301 7836 65465 56061 55437 39920 2311 15517 14458 3560 10898 10807 9423 549 37609 14620 2422 2072 12198 11615 1573 1075 10042 501 22989 2458 9541
cat_boundaries=0 1 2
cat_threshold=4 4
is_linear=0
shrinkage=0.05


Tree=255
num_leaves=31
num_cat=4
split_feature=10 11 12 11 0 11 0 7 4 7 10 7 4 3 4 4 0 7 7 7 7 3 8 7 0 4 3 10 4 10
split_gain=6619.1 3.57249 3.89611 9.66337 14.789 7.95421 9.20717 7.71578 7.93797 7.06585 7.32658 6.52986 13.0726 16.8801 10.0049 8.72682 16.8768 14.45 10.7687 14.7175 9.7915 17.5387 9.40724 8.61454 8.38065 11.6251 12.0499 10.6577 10.2011 11.8159
threshold=1.0000000180025095e-35 205.50000000000003 35.235031815497145 30.500000000000004 0 37.500000000000007 1 25.450000000000003 1.0000000180025095e-35 27.550000000000004 46.321527184525273 32.550000000000004 2.5000000000000004 57.500000000000007 1.5000000000000002 3.5000000000000004 2 28.450000000000003 26.050000000000004 26.450000000000003 30.550000000000004 43.500000000000007 1.266648351648352 27.550000000000004 3 3.5000000000000004 64.500000000000014 10.68452566783734 4.5000000000000009 46.321527184525273
decision_type=2 2 2 2 1 2 1 2 2 2 2 2 2 2 2 2 1 2 2 2 2 2 2 2 1 2 2 2 2 2
left_child=-1 2 3 -2 -5 6 -4 -7 9 -9 -11 15 13 -13 -15 16 17 -10 -18 -20 -19 -22 -21 -17 25 26 -14 -28 29 -26
right_child=1 -3 5 4 -6 7 -8 8 11 10 -12 12 24 14 -16 23 18 20 19 22 21 -23 -24 -25 28 -27 27 -29 -30 -31
leaf_value=-7.9041297166979493e-07 3.1311113916798751e-06 0.058534975761973133 0.0009354988803391695 0.025092180435758199 0.0020939286706360694 -0.029741565006010797 -0.01368182214852638 -0.035776488418799213 -0.0063686674384934696 -0.0064481999538539732 0.19433639934102659 0.0071428530551761685 0.035392453581038909 0.011183195776234812 0.078691536439316687 0.020284864592816379 0.026589851007646312 0.039003835006057669 -0.10188172076669791 -0.0098399833042228067 0.053271252388866402 -0.019597334640789655 0.10575139743822765 0.0023666515602345675 -0.021035801016541546 0.0027642608664079308 -0.019259818472763836 0.16407384958289209 0.0088214619246825172 0.77677109167565517
leaf_weight=27807 281915 866 14023 5686 26280 1568 19076 2595 6859 25080 176 4471 1530 926 2500 7241 608 6308 772 54292 1061 3699 468 40507 8620 5050 162 585 8546 100
leaf_count=27807 191829 602 11559 3662 17896 1176 16444 1987 4713 20036 152 3261 1070 710 1730 5735 352 4228 618 41786 701 2749 208 35409 7212 4344 112 333 8118 60
internal_value=-0.00121953 2.44559e-05 1.92198e-05 0.000131817 0.000955703 -0.000143781 -0.000857277 -1.52403e-05 1.48225e-05 -0.000762091 -0.00050681 0.00015505 0.000784857 0.00255477 0.00519556 -1.29294e-05 -0.000352721 0.000982606 -0.000779163 -0.000851761 0.00210065 0.000388655 -0.000755113 0.000514158 0.000216525 0.00163214 0.00460035 0.00980589 -0.000384927 -0.0015883
internal_weight=559377 531570 530704 313881 31966 216823 33099 183724 182156 27851 25256 154305 32490 7897 3426 121815 74067 17927 56140 55532 11068 4760 54760 47748 24593 7327 2277 747 17266 8720
internal_count=416599 388792 388190 213387 21558 174803 28003 146800 145624 22175 20188 123449 26950 5701 2440 96499 55355 12391 42964 42612 7678 3450 41994 41144 21249 5859 1515 445 15390 7272
cat_boundaries=0 1 2 3 4
cat_threshold=2 9 8 2
is_linear=0
shrinkage=0.05


Tree=256
num_leaves=31
num_cat=2
split_feature=10 0 11 12 8 11 6 7 7 7 4 3 10 10 10 4 10 10 3 6 0 1 4 6 6 3 7 10 4 5
split_gain=6639.26 4.14118 8.98272 9.01464 7.62829 7.11015 7.48857 7.02342 6.91794 6.55775 7.06951 6.27501 6.77199 7.85593 20.027 6.54137 6.05948 5.93714 5.82736 5.73951 5.69391 5.88746 9.68257 6.39217 5.72003 5.63671 5.62118 5.2212 10.5837 9.65396
threshold=1.0000000180025095e-35 0 87.500000000000014 63.629654527088711 1.9196774193548392 66.500000000000014 0.35000000000000003 31.150000000000002 30.550000000000004 36.550000000000004 3.5000000000000004 85.500000000000014 4.6874930103469241 4.0581111217109838 3.8782405322286877 4.5000000000000009 8.8657064708310411 9.0553433848733462 75.500000000000014 0.75000000000000011 1 1.0000000180025095e-35 3.5000000000000004 2.9000000000000004 0.35000000000000003 77.500000000000014 25.450000000000003 23.313240005300027 5.5000000000000009 1.0000000180025095e-35
decision_type=2 1 2 2 2 2 2 2 2 2 2 2 2 2 2 2 2 2 2 2 1 2 2 2 2 2 2 2 2 2
left_child=-1 4 3 5 9 11 16 8 -5 27 -11 -3 13 14 20 -16 -7 -18 -8 25 -13 22 -22 24 -23 -10 -4 28 29 -2
right_child=1 2 26 7 -6 6 18 -9 19 10 -12 12 -14 -15 15 -17 17 -19 -20 -21 21 23 -24 -25 -26 -27 -28 -29 -30 -31
leaf_value=-7.5089232308630512e-07 -0.010582667016106041 2.7546179220211409e-06 -0.21506436747367613 -0.012515164916714583 0.29423253087334461 -0.0044840930494080963 0.0046765013251703165 0.0016373128050509945 -0.087534741134868282 -0.088478449864986791 0.0064437222723993772 0.00046149357486613418 -0.0083286413546589163 0.010270364666279464 -0.1011969022722808 -0.029931163180232857 0.0622922106093593 0.038282526474069378 -0.015789128851050431 0.050637820434035197 0.00041287292815912389 -8.8475985634510013e-05 -0.00070323954244122522 -0.021611630031183146 0.0016887529624819654 -0.014281842924214683 0.019444660089267086 0.002509207006459846 0.0097029393042921581 0.030903895650456859
leaf_weight=27886 45397 360347 67 11343 195 604 1271 9069 943 798 600 9030 4376 2905 171 70 117 3643 496 93 4695 6640 3150 93 858 535 12995 44020 6613 1268
leaf_count=27886 35637 252641 57 9365 65 396 745 7929 857 734 534 5732 3220 1837 157 66 53 2379 294 77 2865 4410 2212 71 498 477 9687 38938 6325 1250
internal_value=-0.00121786 2.77985e-05 9.44014e-05 5.42872e-05 -0.000264153 0.000108667 0.00179824 -0.000931402 -0.00168035 -0.000283699 -0.00368383 8.22639e-05 0.000753408 0.00104302 0.000753835 -0.0135892 0.00291017 0.00365691 -0.000947934 -0.00478994 0.00089512 0.00031076 0.00127151 -0.000681728 -0.000520139 -0.00554804 0.0013857 -0.000234846 -0.000567777 -0.000833065
internal_weight=560288 532402 433511 420449 98891 398466 6131 21983 12914 98696 1398 392335 31988 27612 24707 241 4364 3760 1767 1571 24466 15436 7845 7591 7498 1478 13062 97298 53278 46665
internal_count=417394 389508 306025 296281 83483 277576 3867 18705 10776 83418 1268 273709 21068 17848 16011 223 2828 2432 1039 1411 15788 10056 5077 4979 4908 1334 9744 82150 43212 36887
cat_boundaries=0 1 2
cat_threshold=4 1
is_linear=0
shrinkage=0.05


Tree=257
num_leaves=31
num_cat=6
split_feature=10 7 7 7 4 10 0 6 7 11 6 0 6 10 0 4 2 10 2 3 10 10 3 11 11 7 6 10 2 7
split_gain=6655.35 3.14854 5.28192 8.24366 14.2541 17.2927 10.9228 8.10377 7.64139 6.98506 5.81234 7.59513 13.292 7.95297 6.43983 6.81968 7.50817 6.32524 5.88043 5.58985 6.95354 8.52914 6.3364 5.51569 8.85657 7.24923 7.39556 8.28444 6.86612 5.82416
threshold=1.0000000180025095e-35 25.050000000000004 26.050000000000004 26.450000000000003 3.5000000000000004 2.9561289692310813 0 10.15 26.150000000000002 16.500000000000004 0.35000000000000003 1 7.7000000000000002 7.8787412151069267 2 2.5000000000000004 3 6.326613732569478 4 50.500000000000007 4.2926212883274273 2.1949063639070778 79.500000000000014 70.500000000000014 13.500000000000002 25.950000000000003 5.5500000000000016 8.38905558530249 5 25.950000000000003
decision_type=2 2 2 2 2 2 1 2 2 2 2 1 2 2 1 2 1 2 1 2 2 2 2 2 2 2 2 2 1 2
left_child=-1 -2 10 4 5 -4 8 -5 19 -7 14 12 13 -12 17 16 -16 -3 -19 20 21 -6 -21 24 29 -26 27 28 -27 -13
right_child=1 2 3 7 6 9 -8 -9 -10 -11 11 23 -14 -15 15 -17 -18 18 -20 22 -22 -23 -24 -25 25 26 -28 -29 -30 -31
leaf_value=-7.1334770693198988e-07 -0.013599816581670749 0.014188984857746926 0.00021917051626847429 6.3682390757213721e-06 9.4180698389993267e-06 -0.015618330093761968 -0.028105573740792169 0.031758513156543038 0.017491095656477478 -0.066103156617148523 -0.042776984949358755 0.00083726145038611572 -0.18922793451290759 0.026010437842397316 -0.057614333912633597 -0.026314559123328786 0.0021859416735099057 -0.047623883858934193 0.0043342405191832967 -0.020752683264093217 0.048354034383343604 -0.046634857564772772 -0.0063833583367092113 -0.0053781774391428172 0.016492877580377076 0.017027091520411375 0.048120919142662102 0.090023073395754855 -0.060572867908154172 -0.030228728486338063
leaf_weight=27903 1427 1006 1258 507776 152 1259 1138 594 1526 2055 337 3353 250 897 84 786 235 240 394 112 372 114 249 1428 4198 68 344 321 112 652
leaf_count=27903 1179 664 750 371998 70 875 942 302 1040 1579 263 2165 224 685 70 696 147 222 346 54 246 90 223 1014 2818 42 174 207 96 468
internal_value=-0.00119631 5.0447e-05 5.67465e-05 3.01488e-05 -0.00153916 -0.00340114 0.000784876 5.55698e-05 0.00261341 -0.00529572 0.000991159 0.00146739 -0.00187416 0.000243112 -0.00108379 -0.00401345 0.00211599 0.000909091 -0.00299685 -0.000775776 0.00203762 -0.00413534 -0.00574792 0.00194068 0.00239832 0.00379239 0.00801775 0.00414172 -0.00444444 0.000642946
internal_weight=560640 532737 531310 516605 8235 4572 3663 508370 2525 3314 14705 11960 1484 1234 2745 1105 319 1640 634 999 638 266 361 10476 9048 5043 845 501 180 4005
internal_count=417552 389649 388470 378169 5869 3204 2665 372300 1723 2454 10301 8156 1172 948 2145 913 217 1232 568 683 406 160 277 6984 5970 3337 519 345 138 2633
cat_boundaries=0 1 2 3 4 5 6
cat_threshold=21 8 11 2 2 4
is_linear=0
shrinkage=0.05


Tree=258
num_leaves=31
num_cat=0
split_feature=10 3 10 4 10 3 7 10 7 3 7 6 12 10 7 3 10 3 7 12 6 7 12 3 7 10 11 3 6 11
split_gain=6634.72 3.95745 6.75345 14.4502 16.4632 14.0479 11.1947 9.33147 12.8662 11.5169 8.51428 7.91199 7.52531 7.41524 7.07938 7.091 7.82842 7.04057 7.02038 8.1955 6.5491 9.99291 10.0534 9.62407 10.9578 10.5132 9.13968 9.12619 12.012 9.41723
threshold=1.0000000180025095e-35 58.500000000000007 2.0183626939843733 4.5000000000000009 1.5575311628460653 56.500000000000007 25.950000000000003 2.337425468972977 29.850000000000005 57.500000000000007 33.650000000000013 0.15000000000000005 6.1164893908495186 1.8190678850156299 36.800000000000004 57.500000000000007 6.0089836851277889 52.500000000000007 37.250000000000007 26.955075017741716 1.0000000180025095e-35 31.750000000000004 56.797916204999289 41.500000000000007 29.950000000000003 2.4767249108613618 10.500000000000002 57.500000000000007 0.15000000000000005 11.500000000000002
decision_type=2 2 2 2 2 2 2 2 2 2 2 2 2 2 2 2 2 2 2 2 2 2 2 2 2 2 2 2 2 2
left_child=-1 2 3 -2 5 6 -5 8 9 -4 -7 13 -8 -6 20 16 -16 -10 19 -18 23 22 -22 -9 25 -25 -26 -23 -29 -30
right_child=1 -3 7 4 11 10 12 14 17 -11 -12 -13 -14 -15 15 -17 18 -19 -20 -21 21 27 -24 24 26 -27 -28 28 29 -31
leaf_value=-6.7768032158539036e-07 -1.5708031580580208e-05 5.1864523595604452e-05 -1.9827556494707763e-05 -0.00033674043053808503 -0.011544855493640149 -0.027157502155842311 0.00015076221805666035 0.00040061345096269467 0.0004809196261155946 -0.0008073511996787631 0.0004568452009459767 0.0063692137470112709 0.0015824434230098383 -0.046164687945082189 0.011497771635374314 -0.045965393343406949 -0.1207063957860018 4.613428869650882e-05 0.08161009975465619 0.0092479288754703081 0.00053975975039823878 0.0029812587530820018 -0.011578308806448235 0.010722705828948209 -0.034917089559806901 0.0028506345804148719 -0.0061040347232570909 0.044809344899603004 0.016964977200939906 -0.0020667780147807014
leaf_weight=27871 20465 269883 4026 340 930 211 3858 53424 4023 90 157 719 1066 220 749 195 57 1659 167 931 71188 25005 20586 97 3137 2729 44664 1032 194 1053
leaf_count=27871 11891 198017 2388 232 760 145 2260 41890 2377 50 101 525 626 194 399 151 53 1047 101 685 49974 19049 16540 43 2317 1915 34326 694 106 815
internal_value=-0.00121878 2.51006e-05 -0.00011294 -0.000847458 0.00102986 0.00237926 0.00303951 -2.55313e-05 0.001485 -0.000643829 -0.00706522 -0.00303638 0.00364541 -0.0056087 -9.1249e-05 0.00279895 0.00372899 0.0030271 0.00114719 -0.000455466 -0.00011844 0.000134808 -0.000114956 -0.000408213 -0.000902187 0.00212314 -0.00108104 0.00097493 0.00400395 0.000701684
internal_weight=560726 532855 262972 27966 7501 5632 5264 235006 9798 4116 368 1869 4924 1150 225208 2099 1904 5682 1155 988 223109 119058 91774 104051 50627 2826 47801 27284 2279 1247
internal_count=417542 389671 191654 16734 4843 3364 3118 174920 5862 2438 246 1479 2886 954 169058 1389 1238 3424 839 738 167669 87178 66514 80491 38601 1958 36643 20664 1615 921
is_linear=0
shrinkage=0.05


Tree=259
num_leaves=31
num_cat=4
split_feature=10 6 6 10 10 4 0 7 3 4 10 7 7 4 1 3 10 0 4 10 3 10 10 7 2 1 0 11 10 3
split_gain=6572.68 4.85066 9.3992 7.5501 7.74685 14.5932 6.69111 11.6909 9.75422 13.5759 10.3 13.5616 10.6589 8.71493 8.50464 6.59758 14.0096 6.48762 8.57379 7.57754 6.45476 6.00382 6.38912 5.80279 5.59891 9.52877 6.91557 5.30049 5.72306 6.08379
threshold=1.0000000180025095e-35 1.8500000000000003 1.6500000000000001 0.76340990904344486 34.905210870434537 1.5000000000000002 0 27.350000000000005 50.500000000000007 4.5000000000000009 10.859117072442308 27.350000000000005 27.550000000000004 1.0000000180025095e-35 1.0000000180025095e-35 51.500000000000007 3.1117326383017878 1 1.0000000180025095e-35 5.9579248578226593 36.500000000000007 21.330148634738951 14.429601974265035 28.650000000000002 2 1.0000000180025095e-35 3 84.500000000000014 14.429601974265035 41.500000000000007
decision_type=2 2 2 2 2 2 1 2 2 2 2 2 2 2 2 2 2 1 2 2 2 2 2 2 1 2 1 2 2 2
left_child=-1 2 -2 -3 6 -6 8 -8 20 10 -10 -12 14 -14 -13 16 -4 18 19 -17 -5 22 -15 -24 26 -26 -19 28 29 -22
right_child=1 3 15 4 5 -7 7 -9 9 -11 11 12 13 21 -16 17 -18 24 -20 -21 27 -23 23 -25 25 -27 -28 -29 -30 -31
leaf_value=-6.4379630550612095e-07 5.1831363473420211e-07 0.00054453982822652753 0.032463799818485232 0.0043319478361260417 -0.075812998263732834 0.29081236387061687 0.0010281538198846142 -0.0046769994653862671 0.00095376790203682837 0.046592518310083909 0.073442127726519077 -0.17385938794292086 0.077813637992681706 0.0080296304935094653 -0.002328676860528667 -0.006176678810386616 -0.1450505324487435 0.0010221438251753812 -0.065094678818784973 0.079167666894508104 -0.032133134548998042 0.094420676879595433 -0.24898858723748987 -0.012125002662551055 -0.018330206153841601 0.028024039351224356 -0.048510640967506347 -0.074973829773719566 0.058551771661620448 -0.0020724233462176816
leaf_weight=27616 503338 953 62 2971 236 441 6322 2933 5119 435 891 110 331 233 168 231 372 435 356 127 744 83 75 71 837 930 451 240 237 2358
leaf_count=27616 371008 491 30 1943 220 273 3770 1975 3023 263 481 110 173 139 122 155 324 341 310 69 476 49 71 49 617 616 345 172 147 1582
internal_value=-0.00121662 1.77602e-05 -1.57255e-05 0.000698369 0.000525044 0.00579764 0.000371982 -0.000671883 0.00105854 0.00228845 0.00176176 0.004842 0.00105042 0.00400378 -0.0073741 -0.00249277 -0.00829493 -0.00174488 -0.00593923 -0.000558659 -0.000351145 -0.0004329 -0.00310026 -0.0113014 -0.000591438 0.00103282 -0.00383747 -0.00178122 -0.00126535 -0.00183752
internal_weight=559706 532090 507139 24951 23998 677 23321 9255 14066 7516 7081 1962 1071 793 278 3801 434 3367 714 358 6550 462 379 146 2653 1767 886 3579 3339 3102
internal_count=416960 389344 373815 15529 15038 493 14545 5745 8800 4480 4217 1194 713 481 232 2807 354 2453 534 224 4320 308 259 120 1919 1233 686 2377 2205 2058
cat_boundaries=0 1 2 3 4
cat_threshold=11 1 2 12
is_linear=0
shrinkage=0.05


Tree=260
num_leaves=31
num_cat=1
split_feature=10 12 11 10 11 6 4 11 12 11 4 7 12 10 8 7 3 2 9 6 11 7 7 10 7 7 10 7 6 3
split_gain=6621.32 4.10708 12.268 8.98373 7.5187 9.06531 9.19981 8.99478 8.61201 7.44362 6.81963 7.19409 8.4992 7.10415 6.74579 6.44523 5.68983 5.27258 5.22835 5.22802 5.09896 6.41706 5.84131 7.99368 4.80029 6.05882 4.51639 4.39417 6.33768 4.09881
threshold=1.0000000180025095e-35 99.804933645079146 150.50000000000003 32.878914303538146 120.50000000000001 10.15 4.5000000000000009 72.500000000000014 142.3198916562813 100.50000000000001 5.5000000000000009 33.45000000000001 136.94467507361387 43.798720862826471 1.3292396313364059 32.150000000000013 76.500000000000014 0 6.5000000000000009 4.6500000000000012 179.50000000000003 28.350000000000005 30.450000000000003 29.510247914275634 31.550000000000004 30.250000000000004 29.510247914275634 32.650000000000013 1.0000000180025095e-35 78.500000000000014
decision_type=2 2 2 2 2 2 2 2 2 2 2 2 2 2 2 2 2 1 2 2 2 2 2 2 2 2 2 2 2 2
left_child=-1 2 3 -2 5 6 15 -8 -9 -5 11 12 13 18 27 19 -13 -11 -6 -3 -14 -22 26 -24 25 -12 -23 28 -15 -28
right_child=1 4 -4 9 10 -7 7 8 -10 17 24 16 20 14 -16 -17 -18 -19 -20 -21 21 22 23 -25 -26 -27 29 -29 -30 -31
leaf_value=-6.1160649023081482e-07 9.2720691837226244e-06 -0.038177736309115279 -0.17426701055519445 0.027140281043820647 0.02856179414634781 0.12733365220719459 -0.041889675805256446 0.017516322487096225 -0.026462540087424102 0.061565884038680713 0.074686888502470614 -0.067065309712745255 -0.016760282909647019 -0.057266077754563938 0.35338508527084711 -0.003022105558964228 0.022690060136596114 0.34601994543124148 -0.013932943123827535 0.15120602762677215 -0.016347445684477081 0.016782700277316164 0.06080847442438081 -0.10018399778469203 0.14799752988281228 -0.056875628020047843 0.07901551491450097 0.6711233753904482 0.13084579830392329 0.17706096936745208
leaf_weight=27767 483132 9259 74 3941 6332 97 1215 6030 1554 348 297 1050 9442 247 98 3652 386 203 1789 121 1158 341 197 301 290 266 383 62 333 367
leaf_count=27767 346414 8331 54 3621 4618 47 1213 5866 1544 284 281 932 8394 235 34 3138 336 125 1311 71 866 235 127 245 270 266 295 40 277 267
internal_value=-0.00119603 4.41399e-05 8.64264e-05 8.95157e-05 -0.000411448 -0.00107625 -0.00114402 0.000105126 0.000744989 0.00231523 0.000213163 4.66957e-05 0.000280285 0.00145864 0.00614865 -0.00198742 -0.00337744 0.00775862 0.00103128 -0.00268124 -0.000576339 0.00131962 0.00338263 -0.00110442 0.00460141 0.00190941 0.0054308 0.00428349 0.00293103 0.0076
internal_weight=560732 532965 487698 487624 45267 21928 21831 8799 7584 4492 23339 22486 21050 8861 740 13032 1436 551 8121 9380 12189 2747 1589 498 853 563 1091 642 580 750
internal_count=417504 389737 350498 350444 39239 20210 20163 8623 7410 4030 19029 18212 16944 6515 586 11540 1268 409 5929 8402 10429 2035 1169 372 817 547 797 552 512 562
cat_boundaries=0 1
cat_threshold=2
is_linear=0
shrinkage=0.05


Tree=261
num_leaves=31
num_cat=3
split_feature=10 7 7 11 10 10 2 3 7 3 0 3 10 7 2 11 7 3 10 11 7 10 11 10 10 3 3 10 1 3
split_gain=6627.67 4.32845 6.3392 7.02298 7.18926 5.73752 5.22886 5.08668 6.58309 4.8865 6.02934 6.95587 7.92169 5.48867 6.61616 7.02192 5.53258 5.96776 7.17596 6.58491 5.06839 6.63824 8.24907 5.0067 7.09656 6.34045 5.04789 5.83796 4.97865 4.91989
threshold=1.0000000180025095e-35 26.050000000000004 26.450000000000003 1.5000000000000002 37.109876063959632 21.121025729496047 0 47.500000000000007 25.950000000000003 29.500000000000004 1 89.500000000000014 1.1823175294197679 25.450000000000003 2 11.500000000000002 25.550000000000004 61.500000000000007 6.734092650468452 48.500000000000007 25.350000000000005 3.0231964940288112 52.500000000000007 4.3922884480981041 14.429601974265035 28.500000000000004 28.500000000000004 9.6328341043295183 1.0000000180025095e-35 33.500000000000007
decision_type=2 2 2 2 2 2 1 2 2 2 1 2 2 2 1 2 2 2 2 2 2 2 2 2 2 2 2 2 2 2
left_child=-1 5 3 -3 -5 9 -6 8 -7 23 11 12 -11 20 15 -15 -17 -18 -19 -20 21 -14 -23 -2 26 -26 -25 -28 -29 -12
right_child=1 2 -4 4 6 7 -8 -9 -10 10 29 -13 13 14 -16 16 17 18 19 -21 -22 22 -24 24 25 -27 27 28 -30 -31
leaf_value=-5.8102616571927409e-07 0.0012031853047723771 0.00070012494195225154 3.1758990130525966e-06 -0.0039181162727298883 0.011759371933550434 -0.019388826866750898 0.1807116365038052 -0.069412042138550775 0.17954933364837286 0.040768375355905245 0.0077928693753246186 -0.011003507526125778 0.023425122423658198 -0.025881668024635651 0.010591232068950429 0.054980293374168238 0.078838010812605663 0.049709219495977799 -0.051930881701935321 0.0077355258877453096 -0.02192199489167761 -0.0035899900648661111 0.075654260182443228 -0.015693900828455922 -0.010769746762086287 0.088528426609864819 -0.091721213701640159 0.019959654098907723 -0.065378712178844861 -0.00018353432985896608
leaf_weight=27835 1546 434 506258 7796 123 925 74 376 126 109 1050 338 174 131 2912 195 663 201 74 93 922 806 257 1097 256 106 130 112 67 3437
leaf_count=27835 966 236 370870 5566 113 813 50 370 80 47 704 224 84 105 2064 81 421 129 74 71 658 610 141 835 196 60 126 86 63 2461
internal_value=-0.00121759 2.95787e-05 4.32303e-06 -0.00135576 -0.00169211 0.000836801 0.00774112 -0.00218991 -0.000404377 0.0011311 0.00162383 0.00255265 0.00291801 0.00269135 0.00373038 0.00661385 0.00778956 0.00632881 0.00122283 -0.00643713 0.000636869 0.00272838 0.00124647 -0.000558238 -0.00237557 0.0038674 -0.00398293 -0.00962783 -0.00377095 0.000194574
internal_weight=558623 530788 514685 8427 7993 16103 197 1427 1051 14676 11362 6875 6537 6428 4269 1357 1226 1031 368 167 2159 1237 1063 3314 1768 362 1406 309 179 4487
internal_count=416139 388304 376835 5965 5729 11469 163 1263 893 10206 7874 4709 4485 4438 2945 881 776 695 274 145 1493 835 751 2332 1366 256 1110 275 149 3165
cat_boundaries=0 1 2 3
cat_threshold=2 7 2
is_linear=0
shrinkage=0.05


Tree=262
num_leaves=31
num_cat=2
split_feature=10 11 10 12 11 10 11 10 7 11 7 0 6 4 4 10 7 12 12 11 10 3 12 0 11 3 7 7 4 7
split_gain=6635.1 3.80098 9.68562 5.61003 9.9449 8.95407 8.11323 8.195 7.09788 9.83704 6.68709 6.94039 7.44155 6.77968 6.54487 7.11566 7.00108 5.92815 5.76609 7.15303 8.98697 8.87416 6.51969 6.4928 6.78683 5.35638 5.57399 7.52518 12.5535 5.33597
threshold=1.0000000180025095e-35 6.5000000000000009 0.53869740972179747 35.235031815497145 31.500000000000004 5.4329401144986091 34.500000000000007 15.638375446630192 29.750000000000004 39.500000000000007 35.750000000000007 0 2.0000000000000004 2.5000000000000004 1.5000000000000002 8.648099992960006 32.95000000000001 27.596100262617039 24.626702420769373 20.500000000000004 5.4329401144986091 77.500000000000014 20.684236407324935 1 18.500000000000004 49.500000000000007 36.550000000000004 33.550000000000004 1.5000000000000002 31.650000000000002
decision_type=2 2 2 2 2 2 2 2 2 2 2 1 2 2 2 2 2 2 2 2 2 2 2 1 2 2 2 2 2 2
left_child=-1 29 -3 4 18 8 7 10 -6 -10 11 -5 13 14 15 -13 -16 -7 19 22 -21 -22 -4 24 -20 -25 27 -27 -29 -2
right_child=1 2 3 6 5 17 -8 -9 9 -11 -12 12 -14 -15 16 -17 -18 -19 23 20 21 -23 -24 25 -26 26 -28 28 -30 -31
leaf_value=-5.5197485743331032e-07 -1.7333418645704147e-05 -5.9793215534046741e-05 0.00013829707132719803 0.001378795979682268 0.0012530025042734891 0.020818020212734389 0.00028907246263774059 -0.042174535764051418 -0.002990855076977095 -0.058548684538794249 0.046789057719164001 0.016702646523776333 0.040316794970684723 -0.008986110983909246 -0.08938583676077716 -0.037700735613922204 0.10092899963933576 0.010560888446843154 -0.0130941418709853 0.00012679804065576967 0.019984333890464657 0.040495105650858974 -0.0071827706927120932 -0.023420361129968661 0.0028514587000077365 -0.0059310621344404353 -0.048565890622211685 -0.032554010021837936 0.028079105016340436 3.615384691757484e-06
leaf_weight=27811 45169 320 130368 9046 3707 4873 195426 1936 1671 271 708 555 288 7976 852 1393 93 17280 2268 16456 14227 322 11839 5911 18374 16507 511 905 2570 20673
leaf_count=27811 29009 194 87282 7602 2267 3057 156038 1856 1089 211 558 379 210 7226 736 1151 63 11966 1922 10238 9961 178 9203 4961 13234 12547 423 689 2036 13145
internal_value=-0.00119158 5.18784e-05 0.000102057 0.000108024 0.000270701 0.00116179 -7.68533e-05 -0.000968398 -0.000615153 -0.00306385 -0.000680264 -0.000847646 -0.00168129 -0.001893 -0.00396647 -0.00231006 -0.00738095 0.00161491 0.000158224 0.00029155 0.000979681 0.00188501 0.000141519 -0.000332653 0.000331687 -0.000851821 -0.000469673 -0.000337804 0.00177698 -0.000303757
internal_weight=560306 532495 466653 466333 248060 27802 218273 22847 5649 1942 20911 20203 11157 10869 2893 1948 945 22153 220258 173212 31005 14549 142207 47046 20642 26404 20493 19982 3475 65842
internal_count=417242 389431 347277 347083 171264 18590 175819 19781 3567 1300 17925 17367 9765 9555 2329 1530 799 15023 152674 116862 20377 10139 96485 35812 15156 20656 15695 15272 2725 42154
cat_boundaries=0 1 2
cat_threshold=9 1
is_linear=0
shrinkage=0.05


Tree=263
num_leaves=31
num_cat=1
split_feature=10 12 11 12 11 10 12 7 11 10 12 11 11 7 4 3 6 3 7 12 11 10 7 12 11 0 4 4 10 7
split_gain=6626.8 3.24224 4.54862 9.39641 12.6159 8.49803 7.74089 9.17172 7.28528 9.37158 7.35364 7.17257 6.73094 7.54156 9.901 9.27625 8.23868 5.93575 7.45145 5.62037 11.321 10.1332 6.92208 6.63119 10.1728 10.8819 9.08041 17.6699 11.8969 9.02095
threshold=1.0000000180025095e-35 176.31613070539422 91.500000000000014 96.306901176061999 129.50000000000003 32.878914303538146 59.447807771470913 33.150000000000013 58.500000000000007 19.811411566492428 34.020058918762409 63.500000000000007 119.50000000000001 31.750000000000004 3.5000000000000004 59.500000000000007 8.5500000000000025 62.500000000000007 29.250000000000004 40.171819322136805 31.500000000000004 11.749554492686221 25.450000000000003 24.626702420769373 14.500000000000002 0 3.5000000000000004 2.5000000000000004 7.8787412151069267 34.350000000000001
decision_type=2 2 2 2 2 2 2 2 2 2 2 2 2 2 2 2 2 2 2 2 2 2 2 2 2 1 2 2 2 2
left_child=-1 2 6 4 5 -4 8 11 19 10 -10 -8 13 14 15 16 -5 18 -17 20 23 22 -22 24 -2 26 27 28 29 -26
right_child=1 -3 3 12 -6 -7 7 -9 9 -11 -12 -13 -14 -15 -16 17 -18 -19 -20 -21 21 -23 -24 -25 25 -27 -28 -29 -30 -31
leaf_value=-5.2437611456164476e-07 -4.0143131074699136e-06 -0.024939375667796783 0.021899680032046509 -0.066140733128448301 -0.15432001944943577 0.17630915304809192 -0.018017419723086903 0.0083188058430053499 -0.063685498171392893 0.096335035915696574 0.0070874450895629607 -0.004432064755521381 0.011985289085492214 0.012182626151929022 0.0057967801097198908 -0.08417706816246362 0.1011703509691903 -0.021199230851252707 0.15134233237078853 -0.003314557944008323 -0.033155432218693236 0.03462904859881686 0.003480173559195299 -0.0035255386051948889 0.00057491772552764608 4.5199518021460389e-05 -3.587691652540137e-06 0.0067383938161836481 0.060168477442433192 -0.043906510599524884
leaf_weight=27756 159636 2919 8199 2770 117 621 15250 10824 85 1254 11269 32037 21544 6446 4557 102 100 4225 187 68211 323 7014 39806 54532 17350 41091 11344 8229 1451 607
leaf_count=27756 106060 2619 5817 2496 91 477 13662 9576 51 956 7409 26643 17216 5636 4265 96 54 3581 139 54305 211 5274 26880 42262 10694 28507 8014 4735 967 431
internal_value=-0.00118218 6.0233e-05 6.93997e-05 0.000528976 0.00199452 0.00221088 2.26415e-05 -0.000518404 9.71099e-05 0.00128093 0.000827902 -0.000818935 0.000200972 -0.000501713 -0.00124571 -0.00237676 -0.0045993 -0.000963669 0.00596886 6.06698e-05 0.000143461 0.0008628 0.000556331 2.82083e-05 0.000141422 0.000601334 0.00119964 0.00168886 0.000865622 0.000513727
internal_weight=559856 532100 529181 48868 8937 8820 480313 58111 422202 12608 11354 47287 39931 18387 11941 7384 2870 4514 289 409594 341383 47143 40129 294240 239708 80072 38981 27637 19408 17957
internal_count=416880 389124 386505 39868 6385 6294 346637 49881 296756 8416 7460 40305 33483 16267 10631 6366 2550 3816 235 288340 234035 32365 27091 201670 159408 53348 24841 16827 12092 11125
cat_boundaries=0 1
cat_threshold=24
is_linear=0
shrinkage=0.05


Tree=264
num_leaves=31
num_cat=4
split_feature=10 6 4 10 2 12 6 2 10 10 7 10 10 2 3 12 3 3 12 7 12 6 0 6 7 1 6 12 10 3
split_gain=6619.02 3.09828 6.74015 11.539 8.18415 7.37979 6.16948 9.47513 8.18854 13.6425 8.50871 6.34306 11.7116 9.93495 7.81613 5.59819 5.56899 5.38509 5.35559 6.79236 4.48315 4.43403 4.52874 11.1184 6.64804 5.68595 5.10556 5.92617 5.7837 7.45797
threshold=1.0000000180025095e-35 2.1500000000000008 3.5000000000000004 35.7025352060625 0 6.8891346076111946 2.7000000000000006 1 1.5011974239266535 2.5125961487293575 27.850000000000005 10.54704322834294 3.5426744719447867 2 54.500000000000007 5.3502082417405932 52.500000000000007 75.500000000000014 1.9868533539064621 25.850000000000005 85.071187741763552 5.8500000000000005 3 4.8500000000000005 26.450000000000003 1.0000000180025095e-35 2.5500000000000003 15.166079359452871 6.326613732569478 62.500000000000007
decision_type=2 2 2 2 1 2 2 1 2 2 2 2 2 1 2 2 2 2 2 2 2 2 1 2 2 2 2 2 2 2
left_child=-1 -2 6 4 5 15 7 16 10 -10 17 12 -9 -14 -15 -4 -3 18 -8 -20 -13 22 23 -6 -24 -26 27 -27 -28 -30
right_child=1 2 3 -5 21 -7 8 11 9 -11 -12 20 13 14 -16 -17 -18 -19 19 -21 -22 -23 24 -25 25 26 28 -29 29 -31
leaf_value=-4.9815730883356246e-07 2.7516043572141842e-06 0.00077796778497850794 0.0008482758398274874 0.33866566660340536 0.0079397223712849001 0.025204400119257959 0.00047869007589482389 0.048153287782036897 -0.0035081668268936031 -0.00085426880888204168 0.00035529658200471608 0.086493725255288478 0.021293644962968906 0.0030692590371187659 -0.028376173910096076 -0.00072829180266604794 -0.0090376982679725611 0.035431340228347791 0.041399555381697012 -0.00082973609368350114 0.071156607832717475 -0.02148112070767795 0.0078440295076197767 0.078983514057764742 -0.015645607599979839 0.034501169481759145 -0.0077802393781077964 -0.034995071475253069 0.058223131773865101 -0.10524593816452908
leaf_weight=27766 510007 101 648 175 794 1747 146 228 918 10244 177 296 432 130 185 331 488 115 181 233 308 492 1759 290 1131 70 280 326 388 107
leaf_count=27766 375355 51 364 89 568 1031 76 116 614 6406 85 138 230 64 109 193 300 59 81 121 186 318 1235 156 775 36 184 254 238 85
internal_value=-0.00119997 4.04992e-05 0.000611796 0.00172171 0.00145582 0.00370506 -5.64095e-05 0.00239852 -0.000499417 -0.000860061 0.00422535 0.00441735 0.00192308 -0.00110442 -0.00785714 0.000229826 -0.00301358 0.00166667 -0.000357143 -0.00326087 0.00844371 0.000368104 0.000801749 0.00365631 3.0705e-05 -0.00173762 0.000704526 -0.00391414 0.00306452 0.00631313
internal_weight=560493 532727 22720 8538 8363 2726 14182 2168 12014 11162 852 1579 975 747 315 979 589 675 560 414 604 5637 5145 1084 4061 2302 1171 396 775 495
internal_count=417283 389517 14162 5526 5437 1588 8636 1194 7442 7020 422 843 519 403 173 557 351 337 278 202 324 3849 3531 724 2807 1572 797 290 507 323
cat_boundaries=0 1 2 3 4
cat_threshold=4 4 2 2
is_linear=0
shrinkage=0.05


Tree=265
num_leaves=31
num_cat=4
split_feature=10 3 4 10 0 3 4 7 3 12 7 7 1 10 10 10 10 0 5 7 1 10 3 0 7 10 10 3 10 0
split_gain=6614.16 3.07729 7.7823 14.12 12.4598 16.5004 9.31197 9.54335 10.7811 11.4598 9.39074 10.6627 9.53388 10.4235 7.66309 7.04198 6.82036 6.66057 10.523 7.02485 7.68371 6.21501 6.12013 5.85214 6.58898 5.81687 6.35712 5.76753 8.87986 5.69649
threshold=1.0000000180025095e-35 33.500000000000007 1.0000000180025095e-35 0.8057344511571628 0 32.500000000000007 5.5000000000000009 29.150000000000002 32.500000000000007 9.5966522311462814 28.850000000000005 28.750000000000004 1.0000000180025095e-35 11.135892116182575 18.213214273438592 14.769634104372768 0.64054847581383256 1 1.0000000180025095e-35 28.550000000000004 1.0000000180025095e-35 17.483653594870933 25.500000000000004 2 32.650000000000013 7.1553885062483333 3.9621054757080643 30.500000000000004 15.111717457121449 3
decision_type=2 2 2 2 1 2 2 2 2 2 2 2 2 2 2 2 2 1 2 2 2 2 2 1 2 2 2 2 2 1
left_child=-1 2 3 -2 22 -6 7 10 16 -10 11 17 -12 -14 -13 -15 -9 18 21 -19 -21 27 -5 25 -25 26 -18 28 -4 -22
right_child=1 -3 6 4 5 -7 -8 8 9 -11 12 14 13 15 -16 -17 23 19 -20 20 29 -23 -24 24 -26 -27 -28 -29 -30 -31
leaf_value=-4.7324944339188432e-07 -0.00049624578724539743 -3.489234142028952e-06 0.0025604402150866197 -0.043419407133865474 -0.0049330887373987943 -0.078689160551781379 -0.0079070903278929527 0.00077890912578929374 0.019449367985139382 0.033130767869401972 -0.039413477094365185 0.012244257861913804 0.037044956938085204 -0.17420304612457987 0.24076288974118754 -0.031833711205043434 0.0024650520177443183 6.4685610510695216e-05 -0.028831186428572766 -0.00099448832783091841 -0.0028712841469189956 -0.026453370494255602 0.011373016288529714 -0.00016339939490915461 -0.067254051950886323 0.072488184686463883 -0.039385535302746404 0.042245511155412266 0.19229502627933234 -0.080706338304149181
leaf_weight=27808 351 481285 5092 93 3810 657 6083 86 761 1361 722 876 447 64 200 261 500 17538 386 411 160 990 2533 1891 100 957 320 3488 280 244
leaf_count=27808 193 352209 3528 63 2884 581 5375 40 389 1057 582 576 279 64 130 219 292 12244 382 309 112 842 1669 1481 100 681 252 2326 164 212
internal_value=-0.00122844 1.42401e-05 0.000384904 -0.00110828 -0.000623855 -0.00222805 0.000642094 0.000939141 0.00276941 0.00563148 0.000588113 0.000782909 -0.00327979 0.000582902 0.00566914 -0.00623077 0.00119357 0.000599007 0.00162014 2.85901e-05 -0.0045092 0.00193909 0.00210546 0.000875796 -0.000987006 0.00295187 -0.000121951 0.00235892 0.00133098 -0.00940594
internal_weight=559755 531947 50662 7444 7093 4467 43218 37135 5976 2122 31159 29665 1494 772 1076 325 3854 28589 10236 18353 815 9850 2626 3768 1991 1777 820 8860 5372 404
internal_count=417043 389235 37026 5390 5197 3465 31636 26261 4292 1446 21969 20825 1144 562 706 283 2846 20119 7242 12877 633 6860 1732 2806 1581 1225 544 6018 3692 324
cat_boundaries=0 1 2 3 4
cat_threshold=24 10 3 1
is_linear=0
shrinkage=0.05


Tree=266
num_leaves=31
num_cat=4
split_feature=10 12 11 12 10 4 0 11 10 0 7 11 12 6 10 12 11 0 10 6 4 3 11 0 4 4 3 3 7 10
split_gain=6612.49 3.30985 9.78922 6.99148 9.12858 8.557 8.04317 6.88629 10.0162 6.71165 9.30233 8.06294 13.6276 10.4458 6.2286 6.18126 9.25113 7.55681 5.98754 5.65335 5.65161 10.83 5.53685 6.67881 12.3719 7.37152 10.2056 8.17003 6.61186 7.15674
threshold=1.0000000180025095e-35 30.574462497026722 47.500000000000007 49.520878106314939 14.429601974265035 4.5000000000000009 0 24.500000000000004 6.8410402878755763 1 28.550000000000004 34.500000000000007 42.227187031407645 2.2500000000000004 39.14886760356567 21.039073907669387 17.500000000000004 2 4.9687235835310579 0.95000000000000007 1.0000000180025095e-35 76.500000000000014 13.500000000000002 3 3.5000000000000004 1.5000000000000002 79.500000000000014 56.500000000000007 33.250000000000007 5.4329401144986091
decision_type=2 2 2 2 2 2 1 2 2 1 2 2 2 2 2 2 2 1 2 2 2 2 2 1 2 2 2 2 2 2
left_child=-1 7 9 4 5 19 -7 15 -9 10 -3 13 14 -11 -13 22 -17 -18 -14 -4 21 -19 -2 24 25 -24 27 -27 29 -29
right_child=1 2 3 -5 -6 6 -8 8 -10 11 -12 12 18 -15 -16 16 17 20 -20 -21 -22 -23 23 -25 -26 26 -28 28 -30 -31
leaf_value=-4.495869712222901e-07 -1.542344223422661e-06 -0.0091068002934158628 0.0043394924561440899 8.6720331170830894e-05 0.055110991582102503 -0.039595453310554342 0.06111088194516956 0.00018927571111516291 0.016346699134615773 -0.016836369646609596 0.0026493409285263782 0.0048403657586043375 0.015748565662376101 0.037064232686250545 0.16370964650018893 -0.01621045254261666 0.0032720356083331906 -0.060881263321743755 -0.014115201809238843 -0.015351652117172154 -0.0041312841740485775 0.0056734141453921826 -6.7539329343002665e-06 0.0010257930831295817 0.0065634542990936733 -0.0038541374495723703 0.00072157553795729017 -0.050661166658922646 0.0012076690490555821 -0.021244417077738123
leaf_weight=27781 146434 11640 12462 126537 4293 165 921 25370 17220 19671 35702 14233 444 553 162 9351 14953 1070 16787 2321 8711 406 5395 45753 6139 2308 1025 1231 354 694
leaf_count=27781 96886 8722 8306 103959 3087 147 645 16364 12014 16973 28098 10031 290 389 146 7851 10945 880 14381 1437 6543 254 3499 29557 4259 1540 631 921 204 504
internal_value=-0.00121892 2.22147e-05 -0.000112347 0.00014707 0.0010118 0.000458441 0.00474217 0.000137738 0.000724348 -0.000496008 -6.54671e-05 -0.000888932 -0.000390501 -0.00166881 0.00074505 3.52713e-05 -0.000584935 -8.55211e-05 -0.00133916 0.000143746 -0.00113514 -0.00399729 0.00013746 0.000529818 -0.000311844 -0.00131507 -0.00258375 -0.00359167 -0.00571523 -0.00687013
internal_weight=560086 532305 245891 146699 20162 15869 1086 286414 42590 99192 47342 51850 31626 20224 14395 243824 34491 25140 17231 14783 10187 1476 209333 62899 17146 11007 5612 4587 2279 1925
internal_count=417244 389463 196611 117581 13622 10535 792 192852 28378 79030 36820 42210 24848 17362 10177 164474 26473 18622 14671 9743 7677 1134 138001 41115 11558 7299 3800 3169 1629 1425
cat_boundaries=0 1 2 3 4
cat_threshold=8 9 9 1
is_linear=0
shrinkage=0.05


Tree=267
num_leaves=31
num_cat=1
split_feature=10 10 6 6 11 10 6 12 7 6 10 10 7 7 10 12 11 7 10 6 10 2 11 7 10 6 4 7 7 7
split_gain=6632.04 3.39431 6.82952 6.3614 3.8052 9.39374 6.85247 9.52655 15.4098 7.4605 7.83376 7.7426 9.41609 9.28103 5.81416 5.51108 7.88938 6.86003 6.73898 10.0337 8.55387 8.74797 8.31974 7.0955 6.55851 7.94925 8.41453 6.31214 6.24354 9.85335
threshold=1.0000000180025095e-35 0.49808169478095882 1.3500000000000003 1.0500000000000003 14.500000000000002 16.085885707007751 0.95000000000000007 3.9451088016747184 27.950000000000003 1.0500000000000003 2.8067442809617451 1.4227507702095894 27.850000000000005 26.350000000000005 1.8190678850156299 24.487211959956657 22.500000000000004 25.450000000000003 6.0089836851277889 1.0500000000000003 4.3922884480981041 0 21.500000000000004 37.250000000000007 2.1093273027843895 1.0000000180025095e-35 4.5000000000000009 33.650000000000013 32.850000000000001 33.050000000000004
decision_type=2 2 2 2 2 2 2 2 2 2 2 2 2 2 2 2 2 2 2 2 2 1 2 2 2 2 2 2 2 2
left_child=-1 2 3 -2 5 6 -3 8 -8 10 14 12 13 -11 -9 18 -17 -18 20 23 21 -6 -21 -20 25 26 27 -23 -26 -30
right_child=1 4 -4 -5 15 -7 7 9 -10 11 -12 -13 -14 -15 -16 16 17 -19 19 22 -22 24 -24 -25 28 -27 -28 -29 29 -31
leaf_value=-4.2710762266117557e-07 6.8919268545880596e-06 -1.4817879167694504e-05 0.0005508453788512363 -0.046646872638908966 -0.00042103310205289973 -0.063296000624806045 0.00010776980817038817 0.00042470181166539558 0.0013260458771417313 0.014416450548766746 0.00079541148225126257 -0.00034619344528313465 0.00027844366817518973 -0.00049892425035632149 0.022532058284044965 -0.0087748477872806596 -0.021191778258790175 0.00064629511760013381 0.017746356423352518 -0.044658026966802128 -0.0026079396027876458 -0.00064455395346159079 0.010326618398376697 0.1057281211885186 0.001795490394195502 0.0012083706688813312 0.0053211913480049507 0.027402543122652369 -0.021104935063840615 0.00075630252496707853
leaf_weight=27879 4555 138709 375 116 12273 894 2815 278 719 235 836 10465 145 200 281 17058 2261 272367 20134 1214 17790 2166 1165 102 19228 711 494 97 468 4108
leaf_count=27879 2813 93043 201 80 7829 848 1613 150 371 135 592 6927 63 106 139 14006 1713 213293 14698 942 12082 1330 767 48 11742 389 314 51 310 2626
internal_value=-0.00122782 1.73318e-05 0.00130797 0.000786769 4.97901e-06 -0.000202633 -0.000173096 0.000807562 0.00309847 0.000156752 0.00360215 -0.000278407 0.00534483 0.00166667 0.00818426 9.1891e-05 -8.91369e-06 5.58938e-05 0.000459662 0.00119058 0.000171361 0.000580984 -0.00188104 0.00155169 0.00107986 -0.000951557 -0.00216721 -0.0034578 0.00137582 -0.000284091
internal_weight=560138 532259 5046 4671 527213 155577 154683 15974 3534 12440 1395 11045 580 435 559 371636 291686 274628 79950 22615 57335 39545 2379 20236 27272 3468 2757 2263 23804 4576
internal_count=417100 389221 3094 2893 386127 103987 103139 10096 1984 8112 881 7231 304 241 289 282140 229012 215006 53128 16455 36673 24591 1709 14746 16762 2084 1695 1381 14678 2936
cat_boundaries=0 1
cat_threshold=4
is_linear=0
shrinkage=0.05


Tree=268
num_leaves=31
num_cat=3
split_feature=10 3 7 2 0 7 3 7 10 4 11 10 11 3 4 1 10 12 4 0 7 3 7 11 4 10 10 10 1 9
split_gain=6614.56 3.19672 5.19615 5.74511 5.32888 4.64909 4.81402 5.10364 5.69786 4.55717 5.93021 5.77013 4.5897 4.22654 7.31103 6.57152 4.87687 9.68238 4.50388 4.97183 8.14413 4.21449 5.95775 6.75422 4.17664 5.51925 5.82333 5.31071 4.38798 4.15342
threshold=1.0000000180025095e-35 87.500000000000014 28.050000000000004 0 1 27.650000000000002 89.500000000000014 26.050000000000004 0.51550959266527385 1.0000000180025095e-35 68.500000000000014 10.54704322834294 121.50000000000001 88.500000000000014 4.5000000000000009 1.0000000180025095e-35 0.64054847581383256 8.6822510492542104 1.5000000000000002 2 27.850000000000005 88.500000000000014 27.250000000000004 30.500000000000004 1.5000000000000002 2.1093273027843895 0.95850667735212247 4.9221649363751565 1.0000000180025095e-35 7.5000000000000009
decision_type=2 2 2 1 1 2 2 2 2 2 2 2 2 2 2 2 2 2 2 1 2 2 2 2 2 2 2 2 2 2
left_child=-1 29 3 4 9 6 -5 -8 -9 10 -3 12 21 14 -7 -16 -15 -18 -19 20 -20 22 23 -11 25 26 -10 -27 -26 -2
right_child=1 2 -4 5 -6 13 7 8 24 11 -12 -13 -14 16 15 -17 17 18 19 -21 -22 -23 -24 -25 28 27 -28 -29 -30 -31
leaf_value=-4.057522415281168e-07 -2.8519584719684706e-06 0.0044423263092882321 4.0477251503912015e-06 0.0006043572828211552 -0.039401471395032028 -0.047453346804692147 -0.0111163881186103 -0.041082256577430525 -0.00013078180009589528 0.0016976101645777677 -0.023646867767145797 0.048307249828910527 -0.064767013928946723 -0.00141774038915224 0.099205806842747213 -0.031844967292889291 0.00016993814761256942 0.0033096442856923704 -0.059970966236346804 -8.4133514566764322e-05 0.014665625650625637 -0.00058364704955400366 -0.097515954178308772 -0.10124723744004188 -0.0034781787722516946 -0.040430068768081973 0.028082955163925678 0.024367073274156416 0.0026321450210141581 0.00020139167565391691
leaf_weight=27838 445870 164 16602 3038 1463 414 302 114 148 124 119 287 71 169 97 76 74 167 148 714 64 1219 161 99 435 217 169 85 618 58980
leaf_count=27838 327624 82 11372 1926 1067 344 216 88 82 74 83 203 49 115 61 64 32 101 120 498 46 811 145 85 305 161 95 57 358 43268
internal_value=-0.00124088 1.87896e-06 -0.000524527 -0.00138062 -0.0029741 -0.00054263 0.000243855 -0.00160441 -0.000587906 -0.0014197 0.0045053 -0.002282 -0.00340502 -0.00263911 -0.00617547 0.00245665 -0.00108533 6.42674e-05 -0.00112077 -0.0024838 -0.00900901 -0.00285402 -0.00742188 -0.00213004 0.000149522 -0.00310985 0.00149842 -0.00794702 0.00206553 3.04051e-05
internal_weight=560046 532208 27358 10756 3707 7049 5126 2088 1786 2244 283 1961 1674 1923 587 173 1336 1167 1093 926 212 1603 384 223 1672 619 317 302 1053 504850
internal_count=417370 389532 18640 7268 2599 4669 3288 1362 1146 1532 165 1367 1164 1381 469 125 912 797 765 664 166 1115 304 159 1058 395 177 218 663 370892
cat_boundaries=0 1 2 3
cat_threshold=1 22 2
is_linear=0
shrinkage=0.05


Tree=269
num_leaves=31
num_cat=2
split_feature=10 7 5 4 0 4 4 6 7 6 3 3 3 10 4 3 7 10 12 6 3 11 10 7 3 10 4 0 7 4
split_gain=6612.02 6.27835 8.15694 9.20289 14.4524 30.5162 26.5669 21.5443 16.1045 28.0663 12.2479 7.94287 10.2634 7.86862 10.865 7.83501 8.17119 22.9815 7.49916 9.53915 8.12891 7.00777 8.40867 6.46554 15.4674 6.97402 6.04235 11.047 7.28051 8.41208
threshold=1.0000000180025095e-35 27.750000000000004 1.0000000180025095e-35 3.5000000000000004 0 5.5000000000000009 4.5000000000000009 1.0000000180025095e-35 26.950000000000003 1.0000000180025095e-35 39.500000000000007 73.500000000000014 67.500000000000014 33.597254758644205 4.5000000000000009 50.500000000000007 27.050000000000004 3.5426744719447867 57.59119710865027 7.7000000000000002 44.500000000000007 17.500000000000004 3.6917386507025713 28.250000000000004 30.500000000000004 20.417111606053211 1.5000000000000002 1 27.550000000000004 2.5000000000000004
decision_type=2 2 2 2 1 2 2 2 2 2 2 2 2 2 2 2 2 2 2 2 2 2 2 2 2 2 2 1 2 2
left_child=-1 2 3 15 5 6 7 -5 21 -10 -11 12 -9 -6 -15 16 18 -18 -2 -20 -21 22 -8 24 25 -3 27 -19 -28 -30
right_child=1 23 -4 4 13 -7 8 11 9 10 -12 -13 -14 14 -16 -17 17 26 19 20 -22 -23 -24 -25 -26 -27 28 -29 29 -31
leaf_value=-3.8546462945171094e-07 -0.00039129441015918199 0.005578863110850733 -0.0092251269082973108 0.094436866281246742 0.00024298748594384634 -0.017128077688574973 0.033547737308610562 -0.0054217458189087225 -0.058153944477086161 -0.040258442567065525 0.1001654813622682 -0.04525350450252974 0.076734505611884232 0.2452639882173413 0.009514025931888527 0.00034064984301754867 -0.00074649572581861898 0.013728657381755483 -0.0828136304357249 -0.070425313096562553 0.05171437700243086 0.093008525621454174 -0.030583137713846489 -2.8251299213059397e-06 -0.0024048938349271096 -0.074669025843182538 0.02894541558018858 -0.014571044685134683 0.034958384096079341 -0.038576421283847813
leaf_weight=27815 15430 2941 3060 258 21646 1809 116 1060 387 168 657 468 200 327 526 37348 2535 1544 1187 426 277 1175 151 402268 27563 251 3735 2885 478 679
leaf_count=27815 10104 1935 2780 148 16160 1677 54 676 325 128 391 326 110 197 526 24050 1559 924 981 326 149 687 119 299082 19869 227 2519 2095 274 503
internal_value=-0.00123585 7.66619e-06 0.000367901 0.000449346 0.00119352 0.00327837 0.00543103 0.0010574 0.00870384 0.00445545 0.00966667 -0.000954861 0.00111111 0.000594207 0.00530481 0.000125519 -0.000488415 0.000522942 -0.00118072 -0.00415344 0.000462304 0.0122746 0.00496255 -7.43032e-05 -0.000773045 0.00252193 0.00167096 0.000333032 0.00288226 -0.000583405
internal_weight=559370 531555 98532 95472 28948 6449 4640 1986 2654 1212 825 1728 1260 22499 853 66524 29176 11856 17320 1890 703 1442 267 433023 30755 3192 9321 4429 4892 1157
internal_count=416716 388901 67788 65008 21524 4641 2964 1260 1704 844 519 1112 786 16883 723 43484 19434 7874 11560 1456 475 860 173 321113 22031 2162 6315 3019 3296 777
cat_boundaries=0 1 2
cat_threshold=2 24
is_linear=0
shrinkage=0.05


Tree=270
num_leaves=31
num_cat=4
split_feature=10 4 10 0 7 0 4 3 4 0 7 6 7 7 0 7 6 7 4 10 6 7 10 6 10 10 10 3 3 7
split_gain=6638.1 3.7269 27.302 24.5671 11.8278 17.5969 46.3202 23.9277 13.9998 13.6426 20.7314 17.0729 13.4816 12.8379 11.981 13.2074 11.8789 11.1771 11.142 9.819 12.8759 12.596 16.3672 17.114 12.1307 20.2524 11.9213 22.4438 27.8153 14.3697
threshold=1.0000000180025095e-35 4.5000000000000009 1.5575311628460653 0 27.550000000000004 1 5.5000000000000009 35.500000000000007 5.5000000000000009 2 29.950000000000003 0.35000000000000003 28.250000000000004 25.650000000000002 3 26.250000000000004 1.0500000000000003 32.850000000000001 5.5000000000000009 2.1093273027843895 0.95000000000000007 27.850000000000005 1.4504576826038915 1.0500000000000003 2.9561289692310813 3.1735078661945892 3.7252477528043588 38.500000000000007 33.500000000000007 34.45000000000001
decision_type=2 2 2 1 2 1 2 2 2 1 2 2 2 2 1 2 2 2 2 2 2 2 2 2 2 2 2 2 2 2
left_child=-1 19 -3 -4 5 6 7 13 -7 16 11 -11 -13 -5 -10 -16 17 -6 -12 20 -2 -22 -23 -24 -21 -26 27 28 -27 -29
right_child=1 2 3 4 9 8 -8 -9 14 10 18 12 -14 -15 15 -17 -18 -19 -20 24 21 22 23 -25 25 26 -28 29 -30 -31
leaf_value=-3.6619139797912542e-07 -1.7929080179416672e-05 0.00020094041864047175 -0.0060286156353736471 0.086383848475843697 0.010241556823499122 -0.012173884666799362 -0.016654340183977111 0.085658557614189335 0.028901902141196634 -0.028471839109897257 -0.0082084413718555467 0.09362265435588793 -0.029091647139180624 -0.034433812734465399 -0.024872475609004144 0.061060642795864567 -0.031283727685834206 -0.0018145592120461186 0.0078440293095438651 0.0003782859192913657 3.1939669086100688e-06 0.00086614742874904229 0.041615588576826332 -0.0024499273180518329 -0.003977774904475654 0.0023996743834186892 -0.00059749068942229757 0.0047857415025183148 -0.071503716302550521 -0.03316596860334782
leaf_weight=27901 44265 12144 22983 271 32445 4775 1538 1619 2893 7116 15155 470 567 451 1069 381 984 14963 15674 37256 4092 864 161 562 7164 1854 283948 15101 781 1076
leaf_count=27901 26439 7588 17911 175 27693 4061 1422 945 2349 6584 13165 284 517 393 1059 371 898 13027 14646 23078 2324 438 77 384 4418 1232 207494 9295 635 764
internal_value=-0.0012264 1.89628e-05 0.000245391 2.26989e-05 0.000360377 0.00176772 0.00458344 0.00902392 0.000564198 0.000151075 -0.000544984 -0.00278732 0.00320636 0.00145429 0.00261916 -0.00109589 0.000711747 0.000824755 4.78446e-05 -5.82941e-05 -0.000713799 0.00152756 0.00530876 -0.000242047 3.60044e-05 -6.64679e-05 -4.29383e-06 0.00121465 -0.00306452 0.00191166
internal_weight=560523 532622 135498 123354 100371 12997 3879 2341 9118 87374 38982 8153 1037 722 4343 1450 48392 47408 30829 397124 49944 5679 1587 723 347180 309924 302760 18812 2635 16177
internal_count=417567 389666 113088 105500 87589 10775 2935 1513 7840 76814 35196 7385 801 568 3779 1430 41618 40720 27811 276578 29662 3223 899 461 246916 223838 219420 11926 1867 10059
cat_boundaries=0 1 2 3 4
cat_threshold=16 2 5 9
is_linear=0
shrinkage=0.05


Tree=271
num_leaves=31
num_cat=3
split_feature=10 6 7 7 0 10 4 10 6 0 4 3 10 11 3 7 0 4 10 3 11 10 10 3 6 3 1 10 10 10
split_gain=6629.46 3.2424 5.17339 9.68601 8.14273 6.30344 11.7193 5.911 4.91921 4.79714 11.3319 5.72872 8.63494 4.56373 4.53275 4.11248 8.03709 9.4386 7.44177 8.38154 8.15688 11.9565 8.96593 9.28367 9.62124 7.35559 6.68992 6.17818 9.00312 8.29839
threshold=1.0000000180025095e-35 2.2500000000000004 25.950000000000003 26.050000000000004 0 24.361925715711326 1.0000000180025095e-35 0.76340990904344486 3.3000000000000003 1 4.5000000000000009 36.500000000000007 10.363083932572797 63.500000000000007 56.500000000000007 26.850000000000005 2 3.5000000000000004 1.5862281902591664 34.500000000000007 118.50000000000001 11.303495234778774 6.9207223451645712 50.500000000000007 10.15 37.500000000000007 1.0000000180025095e-35 6.18020291432408 5.7960821117611063 5.6999110601437843
decision_type=2 2 2 2 1 2 2 2 2 1 2 2 2 2 2 2 1 2 2 2 2 2 2 2 2 2 2 2 2 2
left_child=-1 -2 9 4 -4 7 8 -5 -7 10 11 12 -3 -6 15 16 17 26 -18 -20 21 22 25 24 -24 -21 -9 28 29 -17
right_child=1 2 3 5 13 6 -8 14 -10 -11 -12 -13 -14 -15 -16 27 18 -19 19 20 -22 -23 23 -25 -26 -27 -28 -29 -30 -31
leaf_value=-3.4788182808016916e-07 -2.2829500746723853e-06 0.01715589337964829 0.020592234012160173 0.00021797952447833447 0.011901366327011909 0.086455525974694691 0.11455727025762626 0.0960529198229709 -0.12122948172109532 -0.00023748146430303542 0.045149615409554665 -0.12710926289849214 -0.17576670572066844 -0.12343224003523688 0.0031703747257625483 -0.0036530054282969994 -0.0014695231500286843 -0.16369075582433812 -0.0096786720378523108 0.03552068836901074 -0.046352122682863067 0.083096245612531705 -0.10868084137054215 0.073453945746218538 0.0015807609984807237 0.0024461941979317652 -0.031563418276458012 0.0016415491440112007 -0.082041769815445892 0.085682782507939245
leaf_weight=27886 509292 122 516 519 439 87 1235 127 268 4828 181 262 104 77 5895 1929 128 183 515 175 99 412 142 90 139 857 109 3025 143 114
leaf_count=27886 375138 64 266 269 293 67 711 71 244 3152 141 236 96 71 3501 1267 64 153 349 83 51 196 102 40 79 441 67 1941 107 54
internal_value=-0.00123585 9.77422e-06 0.00059419 0.00102044 0.00571705 0.00072108 0.00371069 0.000395521 -0.00429577 -0.000741313 -0.00467599 -0.00870902 -0.00287611 0.00114068 0.000202386 -0.000558813 0.000924059 -0.00541958 0.00197702 0.00260395 0.00412748 0.00488981 0.00269066 -0.00397574 -0.00845196 0.00508721 0.00105932 -0.00140568 -0.00343092 -0.00258199
internal_weight=559898 532012 22720 17223 1032 16191 1590 14601 355 5497 669 488 226 516 14082 8187 2976 419 2557 2429 1914 1815 1403 371 281 1032 236 5211 2186 2043
internal_count=417200 389314 14176 10487 630 9857 1022 8835 311 3689 537 396 160 364 8566 5065 1696 291 1405 1341 992 941 745 221 181 524 138 3369 1428 1321
cat_boundaries=0 1 2 3
cat_threshold=18 8 8
is_linear=0
shrinkage=0.05


Tree=272
num_leaves=31
num_cat=2
split_feature=10 12 11 10 11 10 4 9 7 12 4 11 12 4 0 7 7 10 7 5 8 2 12 11 4 3 7 7 3 10
split_gain=6645.92 4.06471 9.88969 8.50981 7.46004 7.18407 7.03478 8.36498 6.61085 8.08423 7.23025 6.96611 7.5749 6.91116 8.70343 9.80192 7.1887 8.52777 6.38774 6.2039 6.05937 5.79619 5.46646 9.64764 7.00543 8.80595 6.53205 7.84266 7.31245 6.4683
threshold=1.0000000180025095e-35 59.447807771470913 53.500000000000007 15.473964207823633 74.500000000000014 28.833663341516015 1.0000000180025095e-35 4.5000000000000009 31.750000000000004 64.333147109470318 5.5000000000000009 126.50000000000001 119.24511554115038 2.5000000000000004 0 32.650000000000013 33.45000000000001 14.061551343524883 33.150000000000013 1.0000000180025095e-35 1.9196774193548392 1 90.365295321670956 111.50000000000001 3.5000000000000004 67.500000000000014 27.250000000000004 27.050000000000004 46.500000000000007 22.390409850146685
decision_type=2 2 2 2 2 2 2 2 2 2 2 2 2 2 1 2 2 2 2 2 2 1 2 2 2 2 2 2 2 2
left_child=-1 2 -2 -4 5 18 -5 -8 20 -10 13 12 -12 16 15 21 17 -11 19 -3 22 -15 29 24 25 26 27 28 -24 -6
right_child=1 4 3 6 8 -7 7 -9 9 10 11 -13 -14 14 -16 -17 -18 -19 -20 -21 -22 -23 23 -25 -26 -27 -28 -29 -30 -31
leaf_value=-3.3048773667616066e-07 6.8376709471999298e-06 -0.012416055144144435 0.0054583178650312375 -0.019364949119420685 -0.00068318702093863595 -0.044195751103921405 0.021719790696167963 0.10705329290235349 0.061021373863520446 -0.034075650908360088 0.055390458736978149 0.17138525491868997 -0.01363853317592021 -0.012769074280136294 -0.082377097756330384 0.0094241187546699311 -0.0071867989109661266 0.047305762514137234 0.0086965309582631711 0.018900265609313793 0.3609007072673851 -0.061952402225309913 -0.174078872905017 0.00015977733203094148 -0.0041674293609710754 -0.013433044690710362 -0.06446934287760353 0.21480781457682913 0.038750435645278657 0.042993755485054311
leaf_weight=27884 400225 23727 18059 789 12230 2681 1987 1786 341 299 1039 190 780 1294 401 6389 3397 5973 6112 1547 141 1136 87 23920 6375 3883 3503 95 155 4132
leaf_count=27884 281615 20223 12129 633 8866 2569 1457 1318 195 227 1025 166 774 1168 367 5649 2815 4733 5382 1539 47 1082 85 19380 6053 3287 3209 63 111 3380
internal_value=-0.00120474 4.08787e-05 0.00011127 0.00112838 -0.000230135 -0.000844659 0.00305787 0.00395574 4.61985e-05 0.000794529 0.000669921 0.00352165 0.00257009 0.000366615 -0.000612798 -0.000280326 0.00130055 0.00230389 -0.000632448 -0.000983224 -0.000245318 -0.00298354 -0.000272159 -0.000601031 -0.00163853 -0.00265117 -0.00434896 0.0022997 -0.00247934 0.000491994
internal_weight=560557 532673 422846 22621 109827 34067 4562 3773 75760 21239 20898 2009 1819 18889 9220 8819 9669 6272 31386 25274 54521 2430 54380 38018 14098 7723 3840 337 242 16362
internal_count=417431 389547 297152 15537 92395 29713 3408 2775 62682 18201 18006 1965 1799 16041 8266 7899 7775 4960 27144 21762 44481 2250 44434 32188 12808 6755 3468 259 196 12246
cat_boundaries=0 1 2
cat_threshold=6 1
is_linear=0
shrinkage=0.05


Tree=273
num_leaves=31
num_cat=2
split_feature=10 10 4 1 4 10 0 2 10 7 3 6 7 3 5 10 4 10 3 7 6 10 10 7 7 7 7 4 3 7
split_gain=6648.59 2.87968 3.72448 3.1771 2.77785 24.5056 23.602 8.42954 15.1629 11.3418 22.8552 12.9955 10.369 10.1931 8.99144 8.70402 11.2172 8.21673 9.36547 9.36055 13.0839 8.10697 7.94019 8.04016 12.6958 7.87908 7.75901 8.27239 7.92722 9.742
threshold=1.0000000180025095e-35 47.58293034537467 1.0000000180025095e-35 1.0000000180025095e-35 4.5000000000000009 1.5575311628460653 0 1 3.6690843168977341 26.950000000000003 34.500000000000007 0.15000000000000005 34.150000000000013 55.500000000000007 1.0000000180025095e-35 20.080803967638008 3.5000000000000004 6.1373001922346813 72.500000000000014 34.250000000000007 1.0000000180025095e-35 3.2324419081163169 4.0581111217109838 30.950000000000003 31.250000000000004 32.95000000000001 34.45000000000001 1.5000000000000002 87.500000000000014 27.750000000000004
decision_type=2 2 2 2 2 2 1 1 2 2 2 2 2 2 2 2 2 2 2 2 2 2 2 2 2 2 2 2 2 2
left_child=-1 4 -3 -4 7 -6 -7 -2 14 -10 11 25 22 -14 21 16 17 18 -15 -19 -21 -9 23 -12 -25 -11 28 -28 -23 -30
right_child=1 2 3 -5 5 6 -8 8 9 10 12 -13 13 15 -16 -17 -18 19 -20 20 -22 26 -24 24 -26 -27 27 -29 29 -31
leaf_value=-3.1396334984235263e-07 -1.9464235892444984e-05 0.22143030257389107 -0.040276015479836148 0.12374747619738642 0.00019803686927077077 -0.0060463290288881762 0.002379481722276644 0.00041831448947723395 -0.0060948232461779835 0.0089670052227345028 -0.0052388921804283374 0.030261724400420478 -0.0024826412573921118 -0.0012543333900993049 -0.010773194155964739 -0.0080473549327150454 -0.0095417625971854214 0.082677903729590288 0.040316603796991868 0.048515643401083164 -0.048172402033928363 0.0059482183558471572 -0.0011128006323832373 0.02165905118348721 -0.00061156374026995295 -0.061959279929151401 -0.081360601170891833 0.005246460492362208 -0.079340068626169408 0.0057939674055838891
leaf_weight=27921 121644 74 204 216 12017 22926 100014 26134 20990 13139 4429 6271 8202 1875 495 2607 2290 669 194 4299 285 7022 171256 363 3212 205 221 263 305 607
leaf_count=27921 79074 68 182 180 7509 17884 87256 16114 14426 9861 2939 4251 5978 1231 439 2267 1704 385 100 2889 243 4232 126974 195 2018 197 179 167 237 377
internal_value=-0.00121679 3.04266e-05 0.00384615 0.00202381 2.6883e-05 0.000222849 1.22011e-05 -3.97378e-05 0.000113408 -2.82996e-05 7.79768e-05 0.0017066 -8.20058e-05 0.000985505 0.00108497 0.00190073 0.00259571 0.00355094 0.000882069 0.00460213 0.00379581 0.00118083 -0.000203615 -0.00174288 2.0979e-05 0.000824341 0.00253029 -0.0036157 0.00290522 -0.00148026
internal_weight=560349 532428 494 420 531934 134957 122940 396977 275333 240286 219296 19615 199681 20421 35047 12219 9612 7322 2069 5253 4584 34552 179260 8004 3575 13344 8418 484 7934 912
internal_count=417477 389556 430 362 389126 112649 105140 276477 197403 175658 161232 14309 146923 14797 21745 8819 6552 4848 1331 3517 3132 21306 132126 5152 2213 10058 5192 346 4846 614
cat_boundaries=0 1 2
cat_threshold=16 4
is_linear=0
shrinkage=0.05


Tree=274
num_leaves=31
num_cat=1
split_feature=10 3 10 10 4 6 4 7 3 7 7 3 7 4 7 4 10 10 7 7 3 4 3 6 7 6 11 7 10 0
split_gain=6637.11 3.38231 4.78475 10.5222 13.005 9.95 7.82185 7.03739 11.715 11.1402 9.25482 6.74816 14.3055 6.18568 5.19359 8.39866 19.6378 7.38428 9.78881 7.18777 8.00612 5.96769 6.6652 5.15373 5.5936 9.03405 12.9751 8.5871 13.2915 7.12496
threshold=1.0000000180025095e-35 66.500000000000014 0.71170035736632797 0.76340990904344486 4.5000000000000009 0.95000000000000007 5.5000000000000009 33.750000000000007 69.500000000000014 30.350000000000005 27.650000000000002 78.500000000000014 27.950000000000003 1.5000000000000002 29.050000000000004 4.5000000000000009 0.43519700344886553 0.43519700344886553 30.050000000000004 27.850000000000005 80.500000000000014 1.0000000180025095e-35 79.500000000000014 0.95000000000000007 31.550000000000004 0.45000000000000007 12.500000000000002 31.350000000000005 34.905210870434537 0
decision_type=2 2 2 2 2 2 2 2 2 2 2 2 2 2 2 2 2 2 2 2 2 2 2 2 2 2 2 2 2 1
left_child=-1 -2 11 4 5 7 -6 8 9 -4 -10 12 -3 -12 19 16 -16 18 -17 20 -13 -18 -23 24 27 -26 -27 -5 29 -29
right_child=1 2 3 23 6 -7 -8 -9 10 -11 13 14 -14 -15 15 17 21 -19 -20 -21 -22 22 -24 -25 25 26 -28 28 -30 -31
leaf_value=-2.9826518235023497e-07 -3.3903358864439959e-06 -0.00018935875158275774 9.9737384302735668e-05 0.00058258652656878462 0.00020144170918925212 0.00029321915303011652 -0.00030902187056811584 -0.0015195692470093411 -0.00024739360105878369 -0.00068209823270324699 -0.001681670574621963 -0.0034118706121926434 8.2565663216477295e-05 -5.9540014396286534e-05 0.00029586950803904468 -0.0016787930828129926 -9.8440410608635623e-06 0.00033005881334995937 0.0014152210213753424 0.0001095745482829813 1.9691695568851975e-05 1.9127407296039751e-05 -7.3499095171351372e-05 -0.002641304202242312 -0.0016362665097275908 -0.0099797824079514777 0.054728673758047824 0.041935872658367228 -0.10699813743006459 0.0016254582810268981
leaf_weight=27795 330347 97 136 132427 308 146 261 140 146 151 336 142 817 545 533 127 299 732 211 1446 1612 118 653 14387 39699 339 1126 2532 352 2374
leaf_count=27795 241031 47 66 97329 154 60 149 54 74 67 164 90 399 255 307 113 157 432 145 834 952 60 359 9917 30959 275 860 2132 346 1744
internal_value=-0.00118072 6.24837e-05 0.00022355 0.00017822 -0.00328492 -0.00559375 0.00320738 -0.00684319 -0.00570776 0.003223 -0.00820351 0.00152866 0.00552516 -0.00627128 0.000906692 -0.000720165 -0.00300998 0.00271028 -0.00340237 0.00226562 0.000114025 -0.00691589 -0.00924125 0.000217092 0.000290329 -0.000221067 0.00363481 0.000443222 0.00242488 0.00309825
internal_weight=560334 532539 202192 195405 2169 1600 569 1454 1314 287 1027 6787 914 881 5873 2673 1603 1070 338 3200 1754 1070 771 193236 178849 41164 1465 137685 5258 4906
internal_count=417326 389531 148500 144605 1043 740 303 680 626 133 493 3895 446 419 3449 1573 883 690 258 1876 1042 576 419 143562 133645 32094 1135 101551 4222 3876
cat_boundaries=0 1
cat_threshold=14
is_linear=0
shrinkage=0.05


Tree=275
num_leaves=31
num_cat=2
split_feature=10 12 8 8 11 12 7 7 0 4 4 7 7 10 6 4 10 7 10 4 8 0 11 10 7 7 10 6 7 10
split_gain=6624.3 3.60608 6.68248 9.71704 5.35579 12.5729 10.2485 6.03603 4.05217 5.55058 4.48569 3.8351 5.33235 9.24012 9.8635 8.31182 7.7568 7.31195 14.3663 6.82204 9.12119 9.23206 6.97655 7.37288 6.71055 12.145 9.88571 8.67721 6.97047 6.86624
threshold=1.0000000180025095e-35 124.27904564315354 1.266648351648352 1.5382692307692312 132.50000000000003 96.918101475722523 33.150000000000013 28.450000000000003 0 1.0000000180025095e-35 1.5000000000000002 33.050000000000004 30.650000000000002 4.3922884480981041 0.8500000000000002 5.5000000000000009 1.4227507702095894 32.95000000000001 3.4568668388031125 5.5000000000000009 1.6379203843514072 1 23.500000000000004 23.313240005300027 32.45000000000001 31.850000000000005 2.8569620660063166 0.15000000000000005 30.750000000000004 0.64054847581383256
decision_type=2 2 2 2 2 2 2 2 1 2 2 2 2 2 2 2 2 2 2 2 2 1 2 2 2 2 2 2 2 2
left_child=-1 4 -3 -4 11 -6 7 -7 -9 -10 -11 12 -2 14 15 17 -16 -14 -19 -15 21 22 -21 -24 25 26 -17 29 -28 -26
right_child=1 2 3 -5 5 6 -8 8 9 10 -12 -13 13 19 16 24 -18 18 -20 20 -22 -23 23 -25 27 -27 28 -29 -30 -31
leaf_value=-2.833519232327232e-07 4.7069903929097825e-05 -0.0082669740413109597 0.13229625685762811 -0.089982921351619061 -0.12032170198246979 0.014260258244391425 -0.090185430588569829 0.096449385767959236 -0.052680993000810264 0.15483132952165896 0.023417937109208965 0.00015952787667186663 3.9373297047658651e-05 -0.0074718651115001757 0.0020667658091229708 -0.0056284344674516935 0.0007480974974286718 -2.9447977550885648e-05 -0.059326916627350658 -0.01571022982565622 0.096312960487385274 -0.0059230729997770126 0.028616403376515942 -0.013564430063535582 -4.6994673492156695e-05 0.0013219678474122717 -0.0403563101855305 -0.021131288916923931 0.0085837854302294736 -0.0018043585022371135
leaf_weight=27730 274619 22959 416 221 129 1139 225 435 124 383 391 90202 38517 77202 335 2238 1450 1779 477 868 106 7671 4048 1340 165 1791 116 565 1437 1281
leaf_count=27730 194169 20339 216 105 93 683 175 245 106 223 305 67062 24213 59960 159 1750 936 1083 361 850 52 7125 3836 1334 93 1259 108 457 1123 993
internal_value=-0.00117438 6.60403e-05 -0.000538227 0.00451334 9.40509e-05 0.00226469 0.00299407 0.00392395 0.0062078 0.00412996 0.00574935 8.19329e-05 1.78483e-05 -0.000231635 0.000313553 0.000178845 0.00396359 0.000461703 -0.00230496 -0.00053132 0.000482791 0.00037158 0.0017954 0.00246845 -0.00134005 -0.000447868 -0.00205091 -0.00381651 0.00101417 -0.00176349
internal_weight=560359 532629 23596 637 509033 2826 2697 2472 1333 898 774 506207 416005 141386 50151 48366 1785 40773 2256 91235 14033 13927 6256 5388 7593 5582 3791 2011 1553 1446
internal_count=417143 389413 20660 321 368753 1830 1737 1562 879 634 528 366923 299861 105692 32535 31440 1095 25657 1444 73157 13197 13145 6020 5170 5783 4240 2981 1543 1231 1086
cat_boundaries=0 1 2
cat_threshold=2 12
is_linear=0
shrinkage=0.05


Tree=276
num_leaves=31
num_cat=0
split_feature=10 10 4 7 10 7 10 1 10 6 10 7 7 6 4 7 10 6 7 10 10 7 10 10 7 12 7 7 6 7
split_gain=6630.25 3.83186 19.3561 12.8276 14.1355 14.0531 11.1938 10.1121 10.0082 9.28145 8.95511 10.66 13.8969 19.1089 11.6019 9.37785 8.45491 13.7748 8.05794 8.04664 8.00465 15.8333 11.5609 11.2532 10.766 7.94082 7.52534 7.29391 7.16928 7.0919
threshold=1.0000000180025095e-35 2.1093273027843895 4.5000000000000009 29.350000000000005 2.0850013981335267 30.750000000000004 1.6387204138730584 1.0000000180025095e-35 0.43519700344886553 0.15000000000000005 1.4504576826038915 33.550000000000004 31.850000000000005 1.0000000180025095e-35 3.5000000000000004 32.750000000000007 0.57943257550478033 0.95000000000000007 27.750000000000004 2.0850013981335267 0.51550959266527385 33.150000000000013 0.64054847581383256 0.76340990904344486 31.450000000000003 3.0387878672389737 32.150000000000013 29.750000000000004 0.45000000000000007 31.350000000000005
decision_type=2 2 2 2 2 2 2 2 2 2 2 2 2 2 2 2 2 2 2 2 2 2 2 2 2 2 2 2 2 2
left_child=-1 2 3 4 -2 8 18 9 -5 20 -9 12 -12 14 26 -16 17 27 -4 -8 21 -7 -22 24 -24 -18 -14 -10 -6 -11
right_child=1 -3 6 5 28 7 19 10 16 29 11 -13 13 -15 15 -17 25 -19 -20 -21 22 -23 23 -25 -26 -27 -28 -29 -30 -31
leaf_value=-2.6918432707108709e-07 8.4139609297114351e-06 0.00028250693697691177 -0.00011497874499515337 0.00056137723629897296 -0.0013848995111184648 -5.790028054506828e-06 -0.011930112501982282 -0.00012242227287120321 -1.311183544827621e-05 -5.252166963671812e-05 0.00043152544696336561 0.0015239954412930468 -0.045608354606388637 -0.00080884973186208249 0.01818483382467646 -0.051339631618852993 -2.3615670874906537e-06 0.00082162150531112652 0.00021891199385285222 0.020252174603137663 5.8066252597614257e-06 -1.1499114513284041e-05 -0.0042463557797705947 -0.0012830608991902138 -0.0012350267102837469 -0.00047921508649895195 0.00024604353177863912 -5.0634321303943965e-05 -0.00027916948797227875 0.00017822422919813177
leaf_weight=27796 22580 464212 1921 265 629 1015 4120 2145 282 457 1530 1623 180 710 78 91 1664 140 11247 780 2551 820 165 4240 809 4300 792 776 397 1710
leaf_count=27796 13320 347536 1269 147 385 589 3020 1249 156 265 884 903 126 424 50 73 888 80 7205 508 1417 464 91 2900 397 2756 434 412 225 986
internal_value=-0.00119383 4.94618e-05 -0.000301028 -0.000808324 3.81259e-05 -0.00156683 0.00110139 -0.000843202 -0.00340986 -0.00174428 0.00063995 0.00179856 0.000199645 -0.00271475 0.00129273 -0.0107988 -0.00376292 -0.00759599 0.00186057 -0.000938776 -0.00241146 -0.00538147 -0.00170959 -0.00305907 -0.00790554 -0.00299296 0.00339506 -0.00954631 -0.00570175 0.00121135
internal_weight=560025 532229 68017 49949 23606 26343 18068 18916 7427 11767 7149 5004 3381 1851 1141 169 7162 1198 13168 4900 9600 1835 7765 5214 974 5964 972 1058 1026 2167
internal_count=416955 389159 41623 29621 13930 15691 12002 11252 4439 7109 4143 2894 1991 1107 683 123 4292 648 8474 3528 5858 1053 4805 3388 488 3644 560 568 610 1251
is_linear=0
shrinkage=0.05


Tree=277
num_leaves=31
num_cat=0
split_feature=10 10 6 7 7 4 10 3 3 3 6 10 6 11 3 4 4 10 4 4 6 4 7 7 3 4 3 7 3 7
split_gain=6595.91 5.02298 13.5453 12.3967 7.80722 13.3713 15.9929 12.9379 17.3227 10.1504 9.33845 8.61124 6.93205 8.5129 7.71105 7.00954 6.85291 7.59442 6.71454 6.30128 8.51585 6.24374 6.44757 9.66849 6.16545 8.83738 5.70203 5.57597 5.49922 10.5291
threshold=1.0000000180025095e-35 0.64054847581383256 0.95000000000000007 27.850000000000005 33.150000000000013 5.5000000000000009 0.53869740972179747 56.500000000000007 62.500000000000007 51.500000000000007 1.0000000180025095e-35 0.57943257550478033 4.3500000000000005 3.5000000000000004 49.500000000000007 3.5000000000000004 2.5000000000000004 0.53869740972179747 3.5000000000000004 4.5000000000000009 0.15000000000000005 1.5000000000000002 32.050000000000004 30.950000000000003 56.500000000000007 4.5000000000000009 53.500000000000007 32.850000000000001 63.500000000000007 30.650000000000002
decision_type=2 2 2 2 2 2 2 2 2 2 2 2 2 2 2 2 2 2 2 2 2 2 2 2 2 2 2 2 2 2
left_child=-1 2 4 12 10 6 9 -7 -9 -6 27 18 13 -4 -14 -15 21 24 -8 20 -11 22 23 -12 -18 -26 -5 -2 -19 -30
right_child=1 -3 3 26 5 7 11 8 -10 19 16 -13 14 15 -16 -17 17 28 -20 -21 -22 -23 -24 -25 25 -27 -28 -29 29 -31
leaf_value=-2.5572511071753275e-07 9.9723461699878033e-07 5.2158755244141597e-05 0.00037686799704634102 0.00012668802205121344 -5.1955151788107839e-05 0.00018996629050377356 9.8249250417925546e-05 -0.042819902903419277 0.00017386377597736942 -1.8246250117237574e-05 -9.4429634931817822e-06 -3.2126723174312016e-05 -0.0003951927146195217 -0.0021709848655680933 -0.00097190265924939072 0.00083429808695710821 -3.5506128158761349e-05 -2.6484752967102327e-05 -3.4664299028475123e-05 0.00041206249594007984 0.0013145038754625638 6.8099342150925349e-06 8.1788031691854013e-05 -5.171078826081144e-05 -2.0459074593237594e-05 0.0012748070523379285 0.00064160256416113677 0.00015146022071684808 -0.00015174859228226368 -1.3605851268031857e-05
leaf_weight=27669 6637 515325 688 211 766 418 399 109 124 677 1090 448 128 146 102 102 1081 587 214 243 92 1004 171 147 294 258 375 340 206 224
leaf_count=27669 3905 379807 366 121 410 232 189 103 72 387 594 246 66 84 54 48 659 333 132 157 52 518 91 87 186 144 185 180 108 122
internal_value=-0.00119803 3.849e-05 -0.000800012 0.00336758 -0.0012702 -0.00335244 -0.00483445 0.0031106 -0.00633047 -0.00773341 -0.000666584 2.35627e-05 0.000385935 0.00229701 -0.0073913 -0.00564516 -0.00230146 -0.0040566 0.00387439 -0.00444664 -0.0066645 -0.000373134 -0.00252131 -0.0037793 -0.00194427 0.00235507 0.00930034 0.000519564 -0.00744838 -0.0117442
internal_weight=560275 532606 17281 1752 15529 3490 2839 651 233 1778 12039 1061 1166 936 230 248 5062 2650 613 1012 769 2412 1408 1237 1633 552 586 6977 1017 430
internal_count=417307 389638 9831 924 8907 1980 1573 407 175 1006 6927 567 618 498 120 132 2842 1552 321 596 439 1290 772 681 989 330 306 4085 563 230
is_linear=0
shrinkage=0.05


Tree=278
num_leaves=31
num_cat=0
split_feature=10 12 7 11 10 10 4 10 10 10 4 11 7 10 4 10 11 12 4 7 10 7 9 12 8 11 10 12 11 10
split_gain=6623.12 2.80411 5.46931 6.37882 5.88431 6.13314 5.0115 5.52039 3.79568 3.79155 3.5224 4.40619 4.07066 7.57007 3.84965 5.80815 3.52079 10.0958 6.65512 5.97482 4.6168 5.21214 3.43884 3.33668 5.20829 4.62262 6.94548 5.08897 6.68286 7.625
threshold=1.0000000180025095e-35 157.93772947512196 28.350000000000005 127.50000000000001 22.973295426278984 32.878914303538146 2.5000000000000004 43.798720862826471 20.417111606053211 40.249197973088776 4.5000000000000009 179.50000000000003 29.050000000000004 28.833663341516015 1.0000000180025095e-35 28.833663341516015 149.50000000000003 108.46276005306078 1.0000000180025095e-35 30.550000000000004 15.917334135469892 27.450000000000003 5.5000000000000009 130.61269532974313 1.266648351648352 118.50000000000001 32.878914303538146 99.804933645079146 83.500000000000014 5.7960821117611063
decision_type=2 2 2 2 2 2 2 2 2 2 2 2 2 2 2 2 2 2 2 2 2 2 2 2 2 2 2 2 2 2
left_child=-1 16 6 9 -5 10 7 8 -3 -4 12 -12 13 -6 15 -14 23 -18 19 -19 21 -20 -21 25 -25 27 -27 28 -2 -30
right_child=1 2 3 4 5 -7 -8 -9 -10 -11 11 -13 14 -15 -16 -17 17 18 20 22 -22 -23 -24 24 -26 26 -28 -29 29 -31
leaf_value=-2.4293885518165612e-07 4.1309483487073083e-06 0.0046002422069723716 -0.025357407485067096 -0.045066631550693792 -0.012532274914919839 -0.00069692910409742132 -0.0045843591872847256 0.055859563234670166 -0.1233846776350796 -0.19528794432914226 0.14518778974988714 -0.096631611584194879 0.18867935682905462 0.26730358659505543 -0.036473636506005394 -0.025502741769996007 -0.13736938965338955 0.03063489066669689 -0.090098622843367962 -0.037384478941398583 0.044990111396806753 0.0026297082924027215 -0.15752879238930478 -0.015307461949463353 0.077748470901820355 0.0068012823812589225 0.099051864652947338 -0.010049200895679712 -0.023936623175720498 0.013187533077997729
leaf_weight=27789 466494 156 411 503 116 2216 894 123 865 140 224 57 119 139 373 89 131 420 109 239 4197 261 141 9016 157 6442 1752 17189 99 19789
leaf_count=27789 334494 120 411 449 96 1986 826 115 785 136 202 49 75 81 349 65 95 330 75 187 2963 183 125 8476 87 4626 1328 15703 53 15171
internal_value=-0.0012028 3.8237e-05 -0.001 -5.69866e-06 0.000716893 0.00147765 -0.00314033 -0.00533217 -0.00653771 -0.0050363 0.00449866 0.00934164 0.00287081 0.00813725 0.00055938 0.00600962 5.09084e-05 0.00130957 0.00164431 -0.0025625 0.00238121 -0.00297297 -0.00710526 3.76244e-05 -0.000907555 5.45661e-05 0.00123261 3.53972e-05 6.52779e-05 0.000962892
internal_weight=560650 532861 6425 4387 3836 3333 2038 1144 1021 551 1117 281 836 255 581 208 526436 5498 5367 800 4567 370 380 520938 9173 511765 8194 503571 486382 19888
internal_count=417430 389641 5745 3899 3352 2903 1846 1020 905 547 917 251 666 177 489 140 383896 3958 3863 642 3221 258 312 379938 8563 371375 5954 365421 349718 15224
is_linear=0
shrinkage=0.05


Tree=279
num_leaves=31
num_cat=0
split_feature=10 12 6 7 4 10 7 10 6 10 7 5 3 4 7 7 7 10 4 7 3 7 6 3 7 3 3 12 6 3
split_gain=6648.27 3.76822 8.38298 15.6596 9.24557 13.9182 6.96901 10.2207 8.8846 12.098 8.65092 6.97897 6.33062 6.03258 10.8827 15.1232 7.54588 7.12202 6.50541 9.82386 18.3222 8.87629 7.99204 8.11226 7.20018 12.6773 7.05709 6.67449 5.62047 5.5462
threshold=1.0000000180025095e-35 3.2759665946094283 0.95000000000000007 27.850000000000005 4.5000000000000009 0.43519700344886553 29.650000000000002 0.64054847581383256 0.25000000000000006 0.53869740972179747 32.650000000000013 1.0000000180025095e-35 88.500000000000014 3.5000000000000004 30.150000000000002 30.850000000000005 31.850000000000005 0.71170035736632797 2.5000000000000004 34.650000000000013 55.500000000000007 34.350000000000001 0.35000000000000003 76.500000000000014 28.350000000000005 37.500000000000007 48.500000000000007 1.4949741266361742 0.15000000000000005 68.500000000000014
decision_type=2 2 2 2 2 2 2 2 2 2 2 2 2 2 2 2 2 2 2 2 2 2 2 2 2 2 2 2 2 2
left_child=-1 2 4 -4 5 12 -6 8 11 -10 -9 -8 28 18 29 -16 -17 -18 19 21 26 22 27 24 25 -24 -21 -7 -2 -15
right_child=1 -3 3 -5 6 13 7 10 9 -11 -12 -13 -14 14 15 16 17 -19 -20 20 -22 -23 23 -25 -26 -27 -28 -29 -30 -31
leaf_value=-2.3079191242257329e-07 0.00034367586515386407 0.00010066409531961362 8.4829359929030259e-06 0.0006611320127289785 -0.00017921236334631125 -0.00014717928239604827 8.660951995219657e-05 0.00018566297800605888 -5.4393409520577442e-05 -4.8184795161428562e-05 0.00025948386197105396 0.0012076321803776158 -0.040129448495118528 2.4574985076858404e-05 -7.9837893400661977e-05 4.9839487363464068e-05 -1.8784820434869512e-05 -0.0038398638452136094 7.956671921549586e-07 -2.3232414333940188e-05 1.1722968817484693e-05 0.0023731200280859843 -0.00045390614192739043 -0.014727354650566999 -4.9226971707733164e-05 0.00012337018224034733 -1.7540485028810784e-05 -4.4869845987431196e-06 -0.042132417657126595 -6.2911333813509002e-05
leaf_weight=27861 1003 503008 2661 746 2342 751 2800 1248 282 131 449 186 415 1224 313 324 911 216 3582 84 274 88 541 110 671 169 195 7430 179 404
leaf_count=27861 563 372018 1553 400 1624 425 1658 812 180 77 247 96 289 738 173 192 521 128 1936 54 156 38 341 72 377 79 117 4176 123 242
internal_value=-0.00119016 5.50459e-05 -0.000491944 0.0018418 -0.000794013 -0.00138212 0.000699113 0.00173666 0.000154457 -0.00671913 0.00490572 0.00110516 0.00308391 -0.0017947 -0.00368514 -0.0064059 -0.00425569 -0.006189 -0.00133321 -0.00197081 -0.00845389 -0.00160348 -0.00174731 -0.00511402 -0.00407314 -0.00056338 -0.0174731 -0.00113372 0.00494924 -0.000737101
internal_weight=560598 532737 29729 3407 26322 18884 7438 5096 3399 413 1697 2986 1597 17287 3392 1764 1451 1127 13895 10313 553 9760 9672 1491 1381 710 279 8181 1182 1628
internal_count=417266 389405 17387 1953 15434 10740 4694 3070 2011 257 1059 1754 975 9765 1994 1014 841 649 7771 5835 327 5508 5470 869 797 420 171 4601 686 980
is_linear=0
shrinkage=0.05


Tree=280
num_leaves=31
num_cat=2
split_feature=10 3 6 6 12 7 10 10 12 3 10 10 2 10 10 10 4 1 3 3 6 6 3 10 3 2 3 3 3 3
split_gain=6595.68 3.50093 3.84114 7.66828 7.21837 5.00824 9.95089 13.1956 10.2426 5.48012 5.71696 5.2725 7.01223 4.98788 10.2696 13.4724 7.36049 9.60337 7.28905 7.69991 7.53488 5.51604 9.764 17.492 5.00725 4.7775 4.64727 4.54262 4.25692 6.16462
threshold=1.0000000180025095e-35 63.500000000000007 2.4500000000000006 1.0500000000000003 2.1493162136698172 27.250000000000004 7.1553885062483333 11.66699237834669 49.18753153164436 89.500000000000014 2.4985521801307087 0.8057344511571628 0 10.128081217478202 4.3922884480981041 4.5615946412245645 3.5000000000000004 1.0000000180025095e-35 78.500000000000014 84.500000000000014 3.3000000000000003 3.3000000000000003 71.500000000000014 12.174138508615735 74.500000000000014 1 69.500000000000014 73.500000000000014 72.500000000000014 77.500000000000014
decision_type=2 2 2 2 2 2 2 2 2 2 2 2 1 2 2 2 2 2 2 2 2 2 2 2 2 1 2 2 2 2
left_child=-1 -2 3 -3 -5 6 9 28 -9 11 -11 -6 -13 14 -4 -16 18 -18 24 20 -20 25 26 -24 -17 -15 -23 -10 -8 -30
right_child=1 2 13 4 5 -7 7 8 27 10 -12 12 -14 21 15 16 17 -19 19 -21 -22 22 23 -25 -26 -27 -28 -29 29 -31
leaf_value=-2.1925231680144462e-07 -8.7713941449019117e-06 9.816040784624836e-05 0.0024154044015286761 0.014606823148521342 -0.00075963370663169793 -0.019224046441069967 0.069615667637899267 0.064353540876704682 0.13746781257941526 0.0057441157779391516 -0.03627901031789451 -0.0045807121234517911 0.033266740548026315 0.10126372268117426 -0.0098175989789546971 -0.021301698133252556 -0.094348561401656997 -0.0042518888872423947 -0.028774247593290437 0.00016149040720718767 -0.034945053759446232 0.011522299440653564 0.045081060672108111 -0.11135523766191024 0.030025580467984894 0.017533056540087404 0.15908702643014658 -0.08190795716035347 -0.12705630759155592 -0.031846305249961106
leaf_weight=27667 305376 213056 1450 77 110 5935 67 204 176 179 99 298 821 593 110 265 94 138 86 335 86 134 173 437 373 621 173 544 183 203
leaf_count=27667 222472 157266 874 37 58 4489 43 116 120 109 77 202 461 339 62 181 72 86 52 191 56 90 93 383 187 395 91 442 167 147
internal_value=-0.00119777 3.91626e-05 0.000187869 0.000156791 -0.00128147 -0.00141456 0.00029473 -0.00277778 0.000649351 0.00310219 -0.00323741 0.00453621 0.005563 0.00154893 0.000212802 -0.00270679 -0.00136166 -0.00948276 0.000283843 -0.00419132 -0.0127907 0.00339043 0.000463468 -0.00319672 0.00384013 0.00560132 0.00773616 -0.00215278 -0.00976821 -0.0117876
internal_weight=560063 532396 227020 221952 8896 8819 2884 1377 924 1507 278 1229 1119 5068 2937 1487 1377 232 1145 507 172 2131 917 610 638 1214 307 720 453 386
internal_count=417025 389358 166886 163734 6468 6431 1942 1035 678 907 186 721 663 3152 1761 887 825 158 667 299 108 1391 657 476 368 734 181 562 357 314
cat_boundaries=0 1 2
cat_threshold=2 1
is_linear=0
shrinkage=0.05


Tree=281
num_leaves=31
num_cat=6
split_feature=10 3 9 7 6 11 0 4 10 2 10 6 11 7 7 3 4 10 11 2 12 7 0 4 0 7 3 3 6 0
split_gain=6633.58 4.25042 7.66641 6.72852 6.28603 5.23242 5.71982 9.02076 4.86736 4.59298 5.99016 4.5081 7.20715 4.93307 4.26254 4.02595 3.90573 4.64846 6.04353 3.78554 3.99814 3.47467 8.92228 25.5182 13.7718 12.2817 15.8315 11.0295 10.3846 16.1199
threshold=1.0000000180025095e-35 33.500000000000007 3.5000000000000004 25.150000000000002 12.050000000000002 47.500000000000007 0 2.5000000000000004 17.483653594870933 1 2.0850013981335267 4.0000000000000009 7.5000000000000009 25.750000000000004 28.350000000000005 29.500000000000004 1.0000000180025095e-35 16.085885707007751 62.500000000000007 2 25.590933391378481 27.750000000000004 3 5.5000000000000009 4 26.850000000000005 71.500000000000014 67.500000000000014 2.2500000000000004 5
decision_type=2 2 2 2 2 2 1 2 2 1 2 2 2 2 2 2 2 2 2 1 2 2 1 2 1 2 2 2 2 1
left_child=-1 2 16 -3 5 6 7 8 -4 -8 -11 13 -13 -12 -10 -15 17 19 -19 20 -2 22 -5 25 -25 26 28 -27 -24 -30
right_child=1 3 4 21 -6 -7 9 -9 14 10 11 12 -14 15 -16 -17 -18 18 -20 -21 -22 -23 23 24 -26 27 -28 -29 29 -31
leaf_value=-2.0828970096137238e-07 0.0032878858866945007 -0.030268938528698011 0.07187019976937066 0.00036563225018379497 0.07368843247910771 0.12842060742451553 -0.0054907970090223301 0.0046535824078669302 -0.13399995507124762 -4.979260801412459e-05 0.040915775690429569 0.001902039467673955 -0.15549067602305 0.011065701315918525 0.093047971108329186 0.0044604564830510087 0.00012549078018502248 -0.0885729153187374 0.021837382662686269 -0.000885670996127308 0.093982146495757313 -8.3485455721676875e-06 -0.048395954806945612 0.030240259235520539 0.0082296732277622915 0.0060140580704663472 -0.00027265509915795166 -0.0023566101060561008 -0.00015928913027511243 -0.082203309846750464
leaf_weight=27826 932 182 1324 33682 192 461 6018 1682 93 2073 346 206 129 1957 89 8672 23744 425 216 2348 164 407548 2538 1720 2263 10318 6322 13695 2514 650
leaf_count=27826 640 182 860 21498 110 377 4670 1388 79 1221 242 144 121 1349 65 6476 17154 403 180 1594 114 301890 2072 1270 2145 6742 4308 10107 1506 508
internal_value=-0.00120104 4.25819e-05 0.000476298 -3.42728e-06 0.00114663 0.00107158 0.000963965 0.0029237 0.00574369 0.000640101 0.00115632 0.0016092 -0.00410448 0.0017836 -0.00192308 0.00159234 -8.35459e-05 -0.00151163 -0.00542122 -0.000783972 0.00164234 2.07792e-07 0.000316138 -0.000188609 0.00360909 -0.000608402 -0.00191284 4.47674e-05 -0.00382322 -0.00191214
internal_weight=560329 532503 51071 481432 23242 23050 22589 3188 1506 19401 13383 11310 335 10975 182 10629 27829 4085 641 3444 1096 481250 73702 40020 3983 36037 12024 24013 5702 3164
internal_count=417241 389415 37187 352228 17102 16992 16615 2392 1004 14223 9553 8332 265 8067 144 7825 20085 2931 583 2348 754 352046 50156 28658 3415 25243 8394 16849 4086 2014
cat_boundaries=0 1 2 3 4 5 6
cat_threshold=8 2 1 18 1 5
is_linear=0
shrinkage=0.05


Tree=282
num_leaves=31
num_cat=1
split_feature=10 11 12 7 7 7 7 6 7 7 0 7 6 4 11 6 3 4 10 10 3 3 10 10 10 10 11 12 10 4
split_gain=6594.91 3.99933 6.79458 7.15257 7.37672 5.07552 7.82864 11.6136 8.62021 6.65167 7.36882 13.9921 13.2143 10.6976 14.9403 9.93998 8.46305 7.98566 7.71669 15.9717 14.4263 8.24801 8.02051 7.32358 7.21912 11.4608 7.05295 7.03183 6.43699 6.14497
threshold=1.0000000180025095e-35 6.5000000000000009 10.027812111587039 36.800000000000004 37.050000000000004 25.450000000000003 26.050000000000004 0.35000000000000003 26.450000000000003 27.150000000000002 0 26.850000000000005 4.8500000000000005 4.5000000000000009 32.500000000000007 3.0500000000000003 75.500000000000014 1.0000000180025095e-35 4.138539666811174 11.897738504894724 31.500000000000004 87.500000000000014 6.4361172228551622 10.68452566783734 3.1735078661945892 2.1451516708369236 126.50000000000001 26.000778748388353 4.9221649363751565 3.5000000000000004
decision_type=2 2 2 2 2 2 2 2 2 2 1 2 2 2 2 2 2 2 2 2 2 2 2 2 2 2 2 2 2 2
left_child=-1 2 3 -2 -5 -3 7 -7 29 10 12 15 13 27 16 18 -15 -13 21 20 -20 -12 -22 -16 25 -18 -17 -10 -19 -8
right_child=1 5 -4 4 -6 6 8 -9 9 -11 11 17 -14 14 23 26 24 28 19 -21 22 -23 -24 -25 -26 -27 -28 -29 -30 -31
leaf_value=-1.9787521591330375e-07 -4.042181704400072e-06 -0.0040698767784703273 -0.012144545099263382 -0.00076073554387565698 -5.5256782091724547e-05 -0.0065095383569161447 -0.032116692239865956 0.015584608675641487 0.0024648371477365098 -2.0581812402683161e-06 0.0051733995201632167 -0.046326120974395125 0.043397255442628471 -0.010984042443201593 0.082558291527908084 0.034214815098639662 0.0049941509821371912 -0.00036056435227129759 0.0022554345757279217 -0.0015772271350142477 -0.018082143422237573 -0.001567880008134237 -0.081247574199214384 0.089094580377964416 0.050984712190261586 -0.054130279391134663 -0.035865556784304788 -0.0043539230157701335 0.018619528066351788 -0.00088200541767740812
leaf_weight=27789 59679 4252 5669 206 371 2197 3359 6069 7010 413816 712 362 482 809 386 869 151 1876 894 3322 774 468 1542 477 216 77 142 4189 7971 3192
leaf_count=27789 37587 3078 4339 122 197 1781 2431 4241 4128 310792 416 268 242 671 212 469 85 1198 634 2630 514 302 1258 357 120 67 82 2811 5695 2404
internal_value=-0.00125499 -1.35926e-05 -0.000378081 -0.000222384 -0.00576256 3.80143e-05 5.38623e-05 0.00157876 2.6043e-05 5.24583e-05 0.000738642 9.76666e-05 0.00161693 0.0013237 0.00458412 -0.00137281 0.00109737 0.0013542 -0.00198392 -0.00265615 -0.00517134 0.00173729 -0.00725389 0.00964658 0.00664414 0.000438596 0.00328882 0.000707652 0.00162232 -0.00177454
internal_weight=559328 531539 65925 60256 577 465614 461362 8266 453096 446545 32729 18932 13797 13315 2116 8723 1253 10209 7712 6532 3210 1180 2316 863 444 228 1011 11199 9847 6551
internal_count=416920 389131 42245 37906 319 346886 343808 6022 337786 332951 22159 13466 8693 8451 1512 6305 943 7161 5754 5036 2406 718 1772 569 272 152 551 6939 6893 4835
cat_boundaries=0 1
cat_threshold=18
is_linear=0
shrinkage=0.05


Tree=283
num_leaves=31
num_cat=1
split_feature=10 11 10 12 11 12 12 11 8 10 11 7 0 7 10 6 12 3 7 6 6 11 11 12 10 7 10 7 7 6
split_gain=6632.28 3.84375 5.50448 3.50294 3.7655 6.78199 5.4965 15.3901 5.8515 5.80624 5.25916 9.41617 5.60736 5.32931 4.65916 4.48094 4.66098 4.71707 6.40035 6.8729 4.37178 4.32386 4.26676 7.13461 7.33506 5.0631 5.02112 4.83892 4.11544 4.0809
threshold=1.0000000180025095e-35 228.50000000000003 35.7025352060625 157.93772947512196 88.500000000000014 84.064349548613919 96.918101475722523 129.50000000000003 1.6265161290322585 33.597254758644205 111.50000000000001 31.750000000000004 0 33.650000000000013 28.317184603160598 0.95000000000000007 69.196973395167205 60.500000000000007 26.850000000000005 5.5500000000000016 1.0000000180025095e-35 122.50000000000001 152.50000000000003 119.24511554115038 19.283264000169801 29.950000000000003 22.973295426278984 29.150000000000002 26.550000000000004 2.5500000000000003
decision_type=2 2 2 2 2 2 2 2 2 2 2 2 1 2 2 2 2 2 2 2 2 2 2 2 2 2 2 2 2 2
left_child=-1 3 -3 4 5 -2 7 9 10 15 11 -8 22 14 -14 28 -17 18 19 -18 -9 -15 23 24 -12 26 -24 -26 -6 -19
right_child=1 2 -4 -5 6 -7 8 20 -10 -11 12 -13 13 21 -16 16 17 29 -20 -21 -22 -23 25 -25 27 -27 -28 -29 -30 -31
leaf_value=-1.8798145511763856e-07 7.1554940200391222e-06 -0.069392518211454757 0.15859085062477352 -0.014982229422292548 0.038641396348066098 -0.011625384301892706 -0.023976110707714327 -0.16034368296358281 0.20922464748451619 0.1499521793084341 -0.014134886196195318 0.013510190332290596 -0.0020582213197278599 0.0085009516901290993 0.027141867299787317 -0.029794132055785235 -0.13932361129312873 -0.090965977855063163 0.057123341331836122 0.052678128017338594 -0.029687142232471334 -0.062871790871069241 -0.070602255352783416 -0.010767850228022936 0.060573241036416196 0.09184003863503315 0.1224633156313793 0.14957204415087963 0.022199555650252913 0.0087592755615706341
leaf_weight=27801 460212 149 239 6234 310 16053 8566 80 180 722 450 5199 10001 628 7585 84 176 486 653 118 98 845 166 1849 387 318 410 596 9353 213
leaf_count=27801 328230 109 141 5598 184 15067 7800 64 62 576 308 4665 7757 534 6491 48 138 376 385 68 60 747 120 1563 285 188 290 398 6953 137
internal_value=-0.00119229 5.09993e-05 0.00502577 4.73709e-05 6.13423e-05 1.82146e-05 0.000476523 0.00139307 0.00017348 0.00160751 0.00012973 -0.000644751 0.000588552 0.000224186 0.00046628 0.00133196 -0.00101156 -0.000425273 0.00187434 -0.0042517 -0.0132022 -0.00266463 0.00224558 0.00141682 0.0040649 0.0053132 0.00251736 0.00648525 0.00175153 -0.00354077
internal_weight=560161 532360 388 531972 525738 476265 49473 12293 37180 12115 37000 13765 23235 19059 17586 11393 1730 1646 947 294 178 1473 4176 3282 1433 894 576 983 9663 699
internal_count=417143 389342 250 389092 383494 343297 40197 8989 31208 8865 31146 12465 18681 15529 14248 8289 1152 1104 591 206 124 1281 3152 2554 991 598 410 683 7137 513
cat_boundaries=0 1
cat_threshold=2
is_linear=0
shrinkage=0.05


end of trees

feature_importances:
Column_10=2674
Column_4=1108
Column_7=1089
Column_3=964
Column_11=635
Column_6=633
Column_12=576
Column_8=263
Column_5=251
Column_0=214
Column_2=46
Column_1=40
Column_9=27

parameters:
[boosting: gbdt]
[objective: quantile]
[metric: quantile]
[tree_learner: serial]
[device_type: cpu]
[data_sample_strategy: bagging]
[data: ]
[valid: ]
[num_iterations: 400]
[learning_rate: 0.05]
[num_leaves: 31]
[num_threads: 2]
[seed: 1]
[deterministic: 0]
[force_col_wise: 0]
[force_row_wise: 0]
[histogram_pool_size: -1]
[max_depth: -1]
[min_data_in_leaf: 50]
[min_sum_hessian_in_leaf: 0.001]
[bagging_fraction: 0.8]
[pos_bagging_fraction: 1]
[neg_bagging_fraction: 1]
[bagging_freq: 1]
[bagging_seed: 18467]
[bagging_by_query: 0]
[feature_fraction: 0.9]
[feature_fraction_bynode: 1]
[feature_fraction_seed: 26500]
[extra_trees: 0]
[extra_seed: 15724]
[early_stopping_round: 0]
[early_stopping_min_delta: 0]
[first_metric_only: 0]
[max_delta_step: 0]
[lambda_l1: 0]
[lambda_l2: 0]
[linear_lambda: 0]
[min_gain_to_split: 0]
[drop_rate: 0.1]
[max_drop: 50]
[skip_drop: 0.5]
[xgboost_dart_mode: 0]
[uniform_drop: 0]
[drop_seed: 6334]
[top_rate: 0.2]
[other_rate: 0.1]
[min_data_per_group: 100]
[max_cat_threshold: 32]
[cat_l2: 10]
[cat_smooth: 10]
[max_cat_to_onehot: 4]
[top_k: 20]
[monotone_constraints: ]
[monotone_constraints_method: basic]
[monotone_penalty: 0]
[feature_contri: ]
[forcedsplits_filename: ]
[refit_decay_rate: 0.9]
[cegb_tradeoff: 1]
[cegb_penalty_split: 0]
[cegb_penalty_feature_lazy: ]
[cegb_penalty_feature_coupled: ]
[path_smooth: 0]
[interaction_constraints: ]
[verbosity: -1]
[saved_feature_importance_type: 0]
[use_quantized_grad: 0]
[num_grad_quant_bins: 4]
[quant_train_renew_leaf: 0]
[stochastic_rounding: 1]
[linear_tree: 0]
[max_bin: 255]
[max_bin_by_feature: ]
[min_data_in_bin: 3]
[bin_construct_sample_cnt: 200000]
[data_random_seed: 41]
[is_enable_sparse: 1]
[enable_bundle: 1]
[use_missing: 1]
[zero_as_missing: 0]
[feature_pre_filter: 1]
[pre_partition: 0]
[two_round: 0]
[header: 0]
[label_column: ]
[weight_column: ]
[group_column: ]
[ignore_column: ]
[categorical_feature: 0,2]
[forcedbins_filename: ]
[precise_float_parser: 0]
[parser_config_file: ]
[objective_seed: 19169]
[num_class: 1]
[is_unbalance: 0]
[scale_pos_weight: 1]
[sigmoid: 1]
[boost_from_average: 1]
[reg_sqrt: 0]
[alpha: 0.5]
[fair_c: 1]
[poisson_max_delta_step: 0.7]
[tweedie_variance_power: 1.5]
[lambdarank_truncation_level: 30]
[lambdarank_norm: 1]
[label_gain: ]
[lambdarank_position_bias_regularization: 0]
[eval_at: ]
[multi_error_top_k: 1]
[auc_mu_weights: ]
[num_machines: 1]
[local_listen_port: 12400]
[time_out: 120]
[machine_list_filename: ]
[machines: ]
[gpu_platform_id: -1]
[gpu_device_id: -1]
[gpu_device_id_list: ]
[gpu_use_dp: 0]
[num_gpu: 1]

end of parameters

pandas_categorical:null
